product_slug,display_order,is_primary,source_path,r2_key,public_url
anika-emerald-purple-temple-work-lehenga-choli,0,true,/Users/parthkaswala/Desktop/Amzira_Inventory/455-Work/1/1.png,catalog/anika-emerald-purple-temple-work-lehenga-choli/01.webp,http://localhost:8000/static/uploads/products/catalog/anika-emerald-purple-temple-work-lehenga-choli/01.webp
anika-emerald-purple-temple-work-lehenga-choli,1,false,/Users/parthkaswala/Desktop/Amzira_Inventory/455-Work/1/KLC-GRN-PUR-WRK-00-0330.png,catalog/anika-emerald-purple-temple-work-lehenga-choli/02.webp,http://localhost:8000/static/uploads/products/catalog/anika-emerald-purple-temple-work-lehenga-choli/02.webp
anika-emerald-purple-temple-work-lehenga-choli,2,false,/Users/parthkaswala/Desktop/Amzira_Inventory/455-Work/1/2.png,catalog/anika-emerald-purple-temple-work-lehenga-choli/03.webp,http://localhost:8000/static/uploads/products/catalog/anika-emerald-purple-temple-work-lehenga-choli/03.webp
anika-emerald-purple-temple-work-lehenga-choli,3,false,/Users/parthkaswala/Desktop/Amzira_Inventory/455-Work/1/5.png,catalog/anika-emerald-purple-temple-work-lehenga-choli/04.webp,http://localhost:8000/static/uploads/products/catalog/anika-emerald-purple-temple-work-lehenga-choli/04.webp
anika-emerald-purple-temple-work-lehenga-choli,4,false,/Users/parthkaswala/Desktop/Amzira_Inventory/455-Work/1/6.png,catalog/anika-emerald-purple-temple-work-lehenga-choli/05.webp,http://localhost:8000/static/uploads/products/catalog/anika-emerald-purple-temple-work-lehenga-choli/05.webp
anika-emerald-purple-temple-work-lehenga-choli,5,false,/Users/parthkaswala/Desktop/Amzira_Inventory/455-Work/1/7.png,catalog/anika-emerald-purple-temple-work-lehenga-choli/06.webp,http://localhost:8000/static/uploads/products/catalog/anika-emerald-purple-temple-work-lehenga-choli/06.webp
meera-royal-blue-peach-peacock-lehenga-choli,0,true,/Users/parthkaswala/Desktop/Amzira_Inventory/455-Work/2/1.png,catalog/meera-royal-blue-peach-peacock-lehenga-choli/01.webp,http://localhost:8000/static/uploads/products/catalog/meera-royal-blue-peach-peacock-lehenga-choli/01.webp
meera-royal-blue-peach-peacock-lehenga-choli,1,false,/Users/parthkaswala/Desktop/Amzira_Inventory/455-Work/2/KLC-BLU-PCH-WRK-0331.png,catalog/meera-royal-blue-peach-peacock-lehenga-choli/02.webp,http://localhost:8000/static/uploads/products/catalog/meera-royal-blue-peach-peacock-lehenga-choli/02.webp
meera-royal-blue-peach-peacock-lehenga-choli,2,false,/Users/parthkaswala/Desktop/Amzira_Inventory/455-Work/2/2.png,catalog/meera-royal-blue-peach-peacock-lehenga-choli/03.webp,http://localhost:8000/static/uploads/products/catalog/meera-royal-blue-peach-peacock-lehenga-choli/03.webp
meera-royal-blue-peach-peacock-lehenga-choli,3,false,/Users/parthkaswala/Desktop/Amzira_Inventory/455-Work/2/3.png,catalog/meera-royal-blue-peach-peacock-lehenga-choli/04.webp,http://localhost:8000/static/uploads/products/catalog/meera-royal-blue-peach-peacock-lehenga-choli/04.webp
meera-royal-blue-peach-peacock-lehenga-choli,4,false,/Users/parthkaswala/Desktop/Amzira_Inventory/455-Work/2/5.png,catalog/meera-royal-blue-peach-peacock-lehenga-choli/05.webp,http://localhost:8000/static/uploads/products/catalog/meera-royal-blue-peach-peacock-lehenga-choli/05.webp
meera-royal-blue-peach-peacock-lehenga-choli,5,false,/Users/parthkaswala/Desktop/Amzira_Inventory/455-Work/2/6.png,catalog/meera-royal-blue-peach-peacock-lehenga-choli/06.webp,http://localhost:8000/static/uploads/products/catalog/meera-royal-blue-peach-peacock-lehenga-choli/06.webp
aadhya-royal-blue-mustard-temple-border-lehenga-choli,0,true,/Users/parthkaswala/Desktop/Amzira_Inventory/455-Work/4/1.png,catalog/aadhya-royal-blue-mustard-temple-border-lehenga-choli/01.webp,http://localhost:8000/static/uploads/products/catalog/aadhya-royal-blue-mustard-temple-border-lehenga-choli/01.webp
aadhya-royal-blue-mustard-temple-border-lehenga-choli,1,false,/Users/parthkaswala/Desktop/Amzira_Inventory/455-Work/4/KLC-BLU-MUS-WRK-00-0343.png,catalog/aadhya-royal-blue-mustard-temple-border-lehenga-choli/02.webp,http://localhost:8000/static/uploads/products/catalog/aadhya-royal-blue-mustard-temple-border-lehenga-choli/02.webp
aadhya-royal-blue-mustard-temple-border-lehenga-choli,2,false,/Users/parthkaswala/Desktop/Amzira_Inventory/455-Work/4/2.png,catalog/aadhya-royal-blue-mustard-temple-border-lehenga-choli/03.webp,http://localhost:8000/static/uploads/products/catalog/aadhya-royal-blue-mustard-temple-border-lehenga-choli/03.webp
aadhya-royal-blue-mustard-temple-border-lehenga-choli,3,false,/Users/parthkaswala/Desktop/Amzira_Inventory/455-Work/4/3.png,catalog/aadhya-royal-blue-mustard-temple-border-lehenga-choli/04.webp,http://localhost:8000/static/uploads/products/catalog/aadhya-royal-blue-mustard-temple-border-lehenga-choli/04.webp
vanya-wine-green-peacock-work-pattu-pavadai,0,true,/Users/parthkaswala/Desktop/Amzira_Inventory/455-Work/5/1.png,catalog/vanya-wine-green-peacock-work-pattu-pavadai/01.webp,http://localhost:8000/static/uploads/products/catalog/vanya-wine-green-peacock-work-pattu-pavadai/01.webp
vanya-wine-green-peacock-work-pattu-pavadai,1,false,/Users/parthkaswala/Desktop/Amzira_Inventory/455-Work/5/KLC-WINE-GRN-PEACOCKWORK-00-0454.png,catalog/vanya-wine-green-peacock-work-pattu-pavadai/02.webp,http://localhost:8000/static/uploads/products/catalog/vanya-wine-green-peacock-work-pattu-pavadai/02.webp
vanya-wine-green-peacock-work-pattu-pavadai,2,false,/Users/parthkaswala/Desktop/Amzira_Inventory/455-Work/5/2.png,catalog/vanya-wine-green-peacock-work-pattu-pavadai/03.webp,http://localhost:8000/static/uploads/products/catalog/vanya-wine-green-peacock-work-pattu-pavadai/03.webp
vanya-wine-green-peacock-work-pattu-pavadai,3,false,/Users/parthkaswala/Desktop/Amzira_Inventory/455-Work/5/3.png,catalog/vanya-wine-green-peacock-work-pattu-pavadai/04.webp,http://localhost:8000/static/uploads/products/catalog/vanya-wine-green-peacock-work-pattu-pavadai/04.webp
vanya-wine-green-peacock-work-pattu-pavadai,4,false,/Users/parthkaswala/Desktop/Amzira_Inventory/455-Work/5/4.png,catalog/vanya-wine-green-peacock-work-pattu-pavadai/05.webp,http://localhost:8000/static/uploads/products/catalog/vanya-wine-green-peacock-work-pattu-pavadai/05.webp
vanya-wine-green-peacock-work-pattu-pavadai,5,false,/Users/parthkaswala/Desktop/Amzira_Inventory/455-Work/5/5.png,catalog/vanya-wine-green-peacock-work-pattu-pavadai/06.webp,http://localhost:8000/static/uploads/products/catalog/vanya-wine-green-peacock-work-pattu-pavadai/06.webp
ira-emerald-maroon-peacock-work-lehenga-choli,0,true,/Users/parthkaswala/Desktop/Amzira_Inventory/455-Work/6/1.png,catalog/ira-emerald-maroon-peacock-work-lehenga-choli/01.webp,http://localhost:8000/static/uploads/products/catalog/ira-emerald-maroon-peacock-work-lehenga-choli/01.webp
ira-emerald-maroon-peacock-work-lehenga-choli,1,false,/Users/parthkaswala/Desktop/Amzira_Inventory/455-Work/6/KLC-GRN-MRN-PEACOCKWRK-00-0423.png,catalog/ira-emerald-maroon-peacock-work-lehenga-choli/02.webp,http://localhost:8000/static/uploads/products/catalog/ira-emerald-maroon-peacock-work-lehenga-choli/02.webp
ira-emerald-maroon-peacock-work-lehenga-choli,2,false,/Users/parthkaswala/Desktop/Amzira_Inventory/455-Work/6/2.png,catalog/ira-emerald-maroon-peacock-work-lehenga-choli/03.webp,http://localhost:8000/static/uploads/products/catalog/ira-emerald-maroon-peacock-work-lehenga-choli/03.webp
ira-emerald-maroon-peacock-work-lehenga-choli,3,false,/Users/parthkaswala/Desktop/Amzira_Inventory/455-Work/6/3.png,catalog/ira-emerald-maroon-peacock-work-lehenga-choli/04.webp,http://localhost:8000/static/uploads/products/catalog/ira-emerald-maroon-peacock-work-lehenga-choli/04.webp
ira-emerald-maroon-peacock-work-lehenga-choli,4,false,/Users/parthkaswala/Desktop/Amzira_Inventory/455-Work/6/4.png,catalog/ira-emerald-maroon-peacock-work-lehenga-choli/05.webp,http://localhost:8000/static/uploads/products/catalog/ira-emerald-maroon-peacock-work-lehenga-choli/05.webp
ira-emerald-maroon-peacock-work-lehenga-choli,5,false,/Users/parthkaswala/Desktop/Amzira_Inventory/455-Work/6/5.png,catalog/ira-emerald-maroon-peacock-work-lehenga-choli/06.webp,http://localhost:8000/static/uploads/products/catalog/ira-emerald-maroon-peacock-work-lehenga-choli/06.webp
nila-red-royal-blue-jacquard-work-lehenga-choli,0,true,/Users/parthkaswala/Desktop/Amzira_Inventory/455-Work/7/1.png,catalog/nila-red-royal-blue-jacquard-work-lehenga-choli/01.webp,http://localhost:8000/static/uploads/products/catalog/nila-red-royal-blue-jacquard-work-lehenga-choli/01.webp
nila-red-royal-blue-jacquard-work-lehenga-choli,1,false,/Users/parthkaswala/Desktop/Amzira_Inventory/455-Work/7/KLC-LGN-RED-RBLU-JAQ-WRK-00-0439.png,catalog/nila-red-royal-blue-jacquard-work-lehenga-choli/02.webp,http://localhost:8000/static/uploads/products/catalog/nila-red-royal-blue-jacquard-work-lehenga-choli/02.webp
nila-red-royal-blue-jacquard-work-lehenga-choli,2,false,/Users/parthkaswala/Desktop/Amzira_Inventory/455-Work/7/2.png,catalog/nila-red-royal-blue-jacquard-work-lehenga-choli/03.webp,http://localhost:8000/static/uploads/products/catalog/nila-red-royal-blue-jacquard-work-lehenga-choli/03.webp
nila-red-royal-blue-jacquard-work-lehenga-choli,3,false,/Users/parthkaswala/Desktop/Amzira_Inventory/455-Work/7/3.png,catalog/nila-red-royal-blue-jacquard-work-lehenga-choli/04.webp,http://localhost:8000/static/uploads/products/catalog/nila-red-royal-blue-jacquard-work-lehenga-choli/04.webp
nila-red-royal-blue-jacquard-work-lehenga-choli,4,false,/Users/parthkaswala/Desktop/Amzira_Inventory/455-Work/7/4.png,catalog/nila-red-royal-blue-jacquard-work-lehenga-choli/05.webp,http://localhost:8000/static/uploads/products/catalog/nila-red-royal-blue-jacquard-work-lehenga-choli/05.webp
nila-red-royal-blue-jacquard-work-lehenga-choli,5,false,/Users/parthkaswala/Desktop/Amzira_Inventory/455-Work/7/5.png,catalog/nila-red-royal-blue-jacquard-work-lehenga-choli/06.webp,http://localhost:8000/static/uploads/products/catalog/nila-red-royal-blue-jacquard-work-lehenga-choli/06.webp
nila-red-royal-blue-jacquard-work-lehenga-choli,6,false,/Users/parthkaswala/Desktop/Amzira_Inventory/455-Work/7/6.png,catalog/nila-red-royal-blue-jacquard-work-lehenga-choli/07.webp,http://localhost:8000/static/uploads/products/catalog/nila-red-royal-blue-jacquard-work-lehenga-choli/07.webp
tara-peach-purple-peacock-work-pattu-pavadai,0,true,/Users/parthkaswala/Desktop/Amzira_Inventory/455-Work/8/1.png,catalog/tara-peach-purple-peacock-work-pattu-pavadai/01.webp,http://localhost:8000/static/uploads/products/catalog/tara-peach-purple-peacock-work-pattu-pavadai/01.webp
tara-peach-purple-peacock-work-pattu-pavadai,1,false,/Users/parthkaswala/Desktop/Amzira_Inventory/455-Work/8/KLC-PCH-PUR-PEACOCKWORK-00-0443.png,catalog/tara-peach-purple-peacock-work-pattu-pavadai/02.webp,http://localhost:8000/static/uploads/products/catalog/tara-peach-purple-peacock-work-pattu-pavadai/02.webp
tara-peach-purple-peacock-work-pattu-pavadai,2,false,/Users/parthkaswala/Desktop/Amzira_Inventory/455-Work/8/2.png,catalog/tara-peach-purple-peacock-work-pattu-pavadai/03.webp,http://localhost:8000/static/uploads/products/catalog/tara-peach-purple-peacock-work-pattu-pavadai/03.webp
tara-peach-purple-peacock-work-pattu-pavadai,3,false,/Users/parthkaswala/Desktop/Amzira_Inventory/455-Work/8/3.png,catalog/tara-peach-purple-peacock-work-pattu-pavadai/04.webp,http://localhost:8000/static/uploads/products/catalog/tara-peach-purple-peacock-work-pattu-pavadai/04.webp
tara-peach-purple-peacock-work-pattu-pavadai,4,false,/Users/parthkaswala/Desktop/Amzira_Inventory/455-Work/8/4.png,catalog/tara-peach-purple-peacock-work-pattu-pavadai/05.webp,http://localhost:8000/static/uploads/products/catalog/tara-peach-purple-peacock-work-pattu-pavadai/05.webp
tara-peach-purple-peacock-work-pattu-pavadai,5,false,/Users/parthkaswala/Desktop/Amzira_Inventory/455-Work/8/5.png,catalog/tara-peach-purple-peacock-work-pattu-pavadai/06.webp,http://localhost:8000/static/uploads/products/catalog/tara-peach-purple-peacock-work-pattu-pavadai/06.webp
kavya-navy-red-peacock-work-lehenga-choli,0,true,/Users/parthkaswala/Desktop/Amzira_Inventory/455-Work/9/1.png,catalog/kavya-navy-red-peacock-work-lehenga-choli/01.webp,http://localhost:8000/static/uploads/products/catalog/kavya-navy-red-peacock-work-lehenga-choli/01.webp
kavya-navy-red-peacock-work-lehenga-choli,1,false,/Users/parthkaswala/Desktop/Amzira_Inventory/455-Work/9/KLC-NVY-RED-PEACOCKWORK-00-0444.png,catalog/kavya-navy-red-peacock-work-lehenga-choli/02.webp,http://localhost:8000/static/uploads/products/catalog/kavya-navy-red-peacock-work-lehenga-choli/02.webp
kavya-navy-red-peacock-work-lehenga-choli,2,false,/Users/parthkaswala/Desktop/Amzira_Inventory/455-Work/9/2.png,catalog/kavya-navy-red-peacock-work-lehenga-choli/03.webp,http://localhost:8000/static/uploads/products/catalog/kavya-navy-red-peacock-work-lehenga-choli/03.webp
kavya-navy-red-peacock-work-lehenga-choli,3,false,/Users/parthkaswala/Desktop/Amzira_Inventory/455-Work/9/3.png,catalog/kavya-navy-red-peacock-work-lehenga-choli/04.webp,http://localhost:8000/static/uploads/products/catalog/kavya-navy-red-peacock-work-lehenga-choli/04.webp
kavya-navy-red-peacock-work-lehenga-choli,4,false,/Users/parthkaswala/Desktop/Amzira_Inventory/455-Work/9/4.png,catalog/kavya-navy-red-peacock-work-lehenga-choli/05.webp,http://localhost:8000/static/uploads/products/catalog/kavya-navy-red-peacock-work-lehenga-choli/05.webp
kavya-navy-red-peacock-work-lehenga-choli,5,false,/Users/parthkaswala/Desktop/Amzira_Inventory/455-Work/9/5.png,catalog/kavya-navy-red-peacock-work-lehenga-choli/06.webp,http://localhost:8000/static/uploads/products/catalog/kavya-navy-red-peacock-work-lehenga-choli/06.webp
diya-yellow-pink-peacock-butta-pattu-pavadai,0,true,/Users/parthkaswala/Desktop/Amzira_Inventory/455-Work/10/1.png,catalog/diya-yellow-pink-peacock-butta-pattu-pavadai/01.webp,http://localhost:8000/static/uploads/products/catalog/diya-yellow-pink-peacock-butta-pattu-pavadai/01.webp
diya-yellow-pink-peacock-butta-pattu-pavadai,1,false,/Users/parthkaswala/Desktop/Amzira_Inventory/455-Work/10/KLC-YLW-PNK-PEACOCKPOTWORK-00-0449.png,catalog/diya-yellow-pink-peacock-butta-pattu-pavadai/02.webp,http://localhost:8000/static/uploads/products/catalog/diya-yellow-pink-peacock-butta-pattu-pavadai/02.webp
diya-yellow-pink-peacock-butta-pattu-pavadai,2,false,/Users/parthkaswala/Desktop/Amzira_Inventory/455-Work/10/2.png,catalog/diya-yellow-pink-peacock-butta-pattu-pavadai/03.webp,http://localhost:8000/static/uploads/products/catalog/diya-yellow-pink-peacock-butta-pattu-pavadai/03.webp
diya-yellow-pink-peacock-butta-pattu-pavadai,3,false,/Users/parthkaswala/Desktop/Amzira_Inventory/455-Work/10/3.png,catalog/diya-yellow-pink-peacock-butta-pattu-pavadai/04.webp,http://localhost:8000/static/uploads/products/catalog/diya-yellow-pink-peacock-butta-pattu-pavadai/04.webp
diya-yellow-pink-peacock-butta-pattu-pavadai,4,false,/Users/parthkaswala/Desktop/Amzira_Inventory/455-Work/10/4.png,catalog/diya-yellow-pink-peacock-butta-pattu-pavadai/05.webp,http://localhost:8000/static/uploads/products/catalog/diya-yellow-pink-peacock-butta-pattu-pavadai/05.webp
diya-yellow-pink-peacock-butta-pattu-pavadai,5,false,/Users/parthkaswala/Desktop/Amzira_Inventory/455-Work/10/5.png,catalog/diya-yellow-pink-peacock-butta-pattu-pavadai/06.webp,http://localhost:8000/static/uploads/products/catalog/diya-yellow-pink-peacock-butta-pattu-pavadai/06.webp
riya-purple-olive-tree-deer-pattu-pavadai,0,true,/Users/parthkaswala/Desktop/Amzira_Inventory/455-Work/11/1.png,catalog/riya-purple-olive-tree-deer-pattu-pavadai/01.webp,http://localhost:8000/static/uploads/products/catalog/riya-purple-olive-tree-deer-pattu-pavadai/01.webp
riya-purple-olive-tree-deer-pattu-pavadai,1,false,/Users/parthkaswala/Desktop/Amzira_Inventory/455-Work/11/KLC-PUR-OLV-TREEDEERWORK-00-0442.png,catalog/riya-purple-olive-tree-deer-pattu-pavadai/02.webp,http://localhost:8000/static/uploads/products/catalog/riya-purple-olive-tree-deer-pattu-pavadai/02.webp
riya-purple-olive-tree-deer-pattu-pavadai,2,false,/Users/parthkaswala/Desktop/Amzira_Inventory/455-Work/11/2.png,catalog/riya-purple-olive-tree-deer-pattu-pavadai/03.webp,http://localhost:8000/static/uploads/products/catalog/riya-purple-olive-tree-deer-pattu-pavadai/03.webp
riya-purple-olive-tree-deer-pattu-pavadai,3,false,/Users/parthkaswala/Desktop/Amzira_Inventory/455-Work/11/3.png,catalog/riya-purple-olive-tree-deer-pattu-pavadai/04.webp,http://localhost:8000/static/uploads/products/catalog/riya-purple-olive-tree-deer-pattu-pavadai/04.webp
riya-purple-olive-tree-deer-pattu-pavadai,4,false,/Users/parthkaswala/Desktop/Amzira_Inventory/455-Work/11/4.png,catalog/riya-purple-olive-tree-deer-pattu-pavadai/05.webp,http://localhost:8000/static/uploads/products/catalog/riya-purple-olive-tree-deer-pattu-pavadai/05.webp
riya-purple-olive-tree-deer-pattu-pavadai,5,false,/Users/parthkaswala/Desktop/Amzira_Inventory/455-Work/11/5.png,catalog/riya-purple-olive-tree-deer-pattu-pavadai/06.webp,http://localhost:8000/static/uploads/products/catalog/riya-purple-olive-tree-deer-pattu-pavadai/06.webp
aarna-teal-mustard-peacock-butta-pattu-pavadai,0,true,/Users/parthkaswala/Desktop/Amzira_Inventory/455-Work/12/1.png,catalog/aarna-teal-mustard-peacock-butta-pattu-pavadai/01.webp,http://localhost:8000/static/uploads/products/catalog/aarna-teal-mustard-peacock-butta-pattu-pavadai/01.webp
aarna-teal-mustard-peacock-butta-pattu-pavadai,1,false,/Users/parthkaswala/Desktop/Amzira_Inventory/455-Work/12/KLC-TEAL-MUS-PEACOCKPOTWORK-00-0446.png,catalog/aarna-teal-mustard-peacock-butta-pattu-pavadai/02.webp,http://localhost:8000/static/uploads/products/catalog/aarna-teal-mustard-peacock-butta-pattu-pavadai/02.webp
aarna-teal-mustard-peacock-butta-pattu-pavadai,2,false,/Users/parthkaswala/Desktop/Amzira_Inventory/455-Work/12/2.png,catalog/aarna-teal-mustard-peacock-butta-pattu-pavadai/03.webp,http://localhost:8000/static/uploads/products/catalog/aarna-teal-mustard-peacock-butta-pattu-pavadai/03.webp
aarna-teal-mustard-peacock-butta-pattu-pavadai,3,false,/Users/parthkaswala/Desktop/Amzira_Inventory/455-Work/12/3.png,catalog/aarna-teal-mustard-peacock-butta-pattu-pavadai/04.webp,http://localhost:8000/static/uploads/products/catalog/aarna-teal-mustard-peacock-butta-pattu-pavadai/04.webp
aarna-teal-mustard-peacock-butta-pattu-pavadai,4,false,/Users/parthkaswala/Desktop/Amzira_Inventory/455-Work/12/4.png,catalog/aarna-teal-mustard-peacock-butta-pattu-pavadai/05.webp,http://localhost:8000/static/uploads/products/catalog/aarna-teal-mustard-peacock-butta-pattu-pavadai/05.webp
aarna-teal-mustard-peacock-butta-pattu-pavadai,5,false,/Users/parthkaswala/Desktop/Amzira_Inventory/455-Work/12/5.png,catalog/aarna-teal-mustard-peacock-butta-pattu-pavadai/06.webp,http://localhost:8000/static/uploads/products/catalog/aarna-teal-mustard-peacock-butta-pattu-pavadai/06.webp
avni-purple-peach-peacock-work-pattu-pavadai,0,true,/Users/parthkaswala/Desktop/Amzira_Inventory/455-Work/13/1.png,catalog/avni-purple-peach-peacock-work-pattu-pavadai/01.webp,http://localhost:8000/static/uploads/products/catalog/avni-purple-peach-peacock-work-pattu-pavadai/01.webp
avni-purple-peach-peacock-work-pattu-pavadai,1,false,/Users/parthkaswala/Desktop/Amzira_Inventory/455-Work/13/KLC-PUR-PCH-PEACOCKWORK-00-0445.png,catalog/avni-purple-peach-peacock-work-pattu-pavadai/02.webp,http://localhost:8000/static/uploads/products/catalog/avni-purple-peach-peacock-work-pattu-pavadai/02.webp
avni-purple-peach-peacock-work-pattu-pavadai,2,false,/Users/parthkaswala/Desktop/Amzira_Inventory/455-Work/13/2.png,catalog/avni-purple-peach-peacock-work-pattu-pavadai/03.webp,http://localhost:8000/static/uploads/products/catalog/avni-purple-peach-peacock-work-pattu-pavadai/03.webp
avni-purple-peach-peacock-work-pattu-pavadai,3,false,/Users/parthkaswala/Desktop/Amzira_Inventory/455-Work/13/3.png,catalog/avni-purple-peach-peacock-work-pattu-pavadai/04.webp,http://localhost:8000/static/uploads/products/catalog/avni-purple-peach-peacock-work-pattu-pavadai/04.webp
avni-purple-peach-peacock-work-pattu-pavadai,4,false,/Users/parthkaswala/Desktop/Amzira_Inventory/455-Work/13/4.png,catalog/avni-purple-peach-peacock-work-pattu-pavadai/05.webp,http://localhost:8000/static/uploads/products/catalog/avni-purple-peach-peacock-work-pattu-pavadai/05.webp
avni-purple-peach-peacock-work-pattu-pavadai,5,false,/Users/parthkaswala/Desktop/Amzira_Inventory/455-Work/13/5.png,catalog/avni-purple-peach-peacock-work-pattu-pavadai/06.webp,http://localhost:8000/static/uploads/products/catalog/avni-purple-peach-peacock-work-pattu-pavadai/06.webp
siya-maroon-mint-tree-deer-pattu-pavadai,0,true,/Users/parthkaswala/Desktop/Amzira_Inventory/455-Work/14/1.png,catalog/siya-maroon-mint-tree-deer-pattu-pavadai/01.webp,http://localhost:8000/static/uploads/products/catalog/siya-maroon-mint-tree-deer-pattu-pavadai/01.webp
siya-maroon-mint-tree-deer-pattu-pavadai,1,false,/Users/parthkaswala/Desktop/Amzira_Inventory/455-Work/14/KLC-MRN-MNT-TREEDEERWORK-00-0447.png,catalog/siya-maroon-mint-tree-deer-pattu-pavadai/02.webp,http://localhost:8000/static/uploads/products/catalog/siya-maroon-mint-tree-deer-pattu-pavadai/02.webp
siya-maroon-mint-tree-deer-pattu-pavadai,2,false,/Users/parthkaswala/Desktop/Amzira_Inventory/455-Work/14/2.png,catalog/siya-maroon-mint-tree-deer-pattu-pavadai/03.webp,http://localhost:8000/static/uploads/products/catalog/siya-maroon-mint-tree-deer-pattu-pavadai/03.webp
siya-maroon-mint-tree-deer-pattu-pavadai,3,false,/Users/parthkaswala/Desktop/Amzira_Inventory/455-Work/14/3.png,catalog/siya-maroon-mint-tree-deer-pattu-pavadai/04.webp,http://localhost:8000/static/uploads/products/catalog/siya-maroon-mint-tree-deer-pattu-pavadai/04.webp
siya-maroon-mint-tree-deer-pattu-pavadai,4,false,/Users/parthkaswala/Desktop/Amzira_Inventory/455-Work/14/4.png,catalog/siya-maroon-mint-tree-deer-pattu-pavadai/05.webp,http://localhost:8000/static/uploads/products/catalog/siya-maroon-mint-tree-deer-pattu-pavadai/05.webp
siya-maroon-mint-tree-deer-pattu-pavadai,5,false,/Users/parthkaswala/Desktop/Amzira_Inventory/455-Work/14/5.png,catalog/siya-maroon-mint-tree-deer-pattu-pavadai/06.webp,http://localhost:8000/static/uploads/products/catalog/siya-maroon-mint-tree-deer-pattu-pavadai/06.webp
myra-teal-pistachio-peacock-butta-pattu-pavadai,0,true,/Users/parthkaswala/Desktop/Amzira_Inventory/455-Work/15/1.png,catalog/myra-teal-pistachio-peacock-butta-pattu-pavadai/01.webp,http://localhost:8000/static/uploads/products/catalog/myra-teal-pistachio-peacock-butta-pattu-pavadai/01.webp
myra-teal-pistachio-peacock-butta-pattu-pavadai,1,false,/Users/parthkaswala/Desktop/Amzira_Inventory/455-Work/15/KLC-TEAL-PST-PEACOCKPOTWORK-00-0448.png,catalog/myra-teal-pistachio-peacock-butta-pattu-pavadai/02.webp,http://localhost:8000/static/uploads/products/catalog/myra-teal-pistachio-peacock-butta-pattu-pavadai/02.webp
myra-teal-pistachio-peacock-butta-pattu-pavadai,2,false,/Users/parthkaswala/Desktop/Amzira_Inventory/455-Work/15/2.png,catalog/myra-teal-pistachio-peacock-butta-pattu-pavadai/03.webp,http://localhost:8000/static/uploads/products/catalog/myra-teal-pistachio-peacock-butta-pattu-pavadai/03.webp
myra-teal-pistachio-peacock-butta-pattu-pavadai,3,false,/Users/parthkaswala/Desktop/Amzira_Inventory/455-Work/15/3.png,catalog/myra-teal-pistachio-peacock-butta-pattu-pavadai/04.webp,http://localhost:8000/static/uploads/products/catalog/myra-teal-pistachio-peacock-butta-pattu-pavadai/04.webp
myra-teal-pistachio-peacock-butta-pattu-pavadai,4,false,/Users/parthkaswala/Desktop/Amzira_Inventory/455-Work/15/4.png,catalog/myra-teal-pistachio-peacock-butta-pattu-pavadai/05.webp,http://localhost:8000/static/uploads/products/catalog/myra-teal-pistachio-peacock-butta-pattu-pavadai/05.webp
myra-teal-pistachio-peacock-butta-pattu-pavadai,5,false,/Users/parthkaswala/Desktop/Amzira_Inventory/455-Work/15/5.png,catalog/myra-teal-pistachio-peacock-butta-pattu-pavadai/06.webp,http://localhost:8000/static/uploads/products/catalog/myra-teal-pistachio-peacock-butta-pattu-pavadai/06.webp
prisha-purple-green-peacock-butta-pattu-pavadai,0,true,/Users/parthkaswala/Desktop/Amzira_Inventory/455-Work/16/1.png,catalog/prisha-purple-green-peacock-butta-pattu-pavadai/01.webp,http://localhost:8000/static/uploads/products/catalog/prisha-purple-green-peacock-butta-pattu-pavadai/01.webp
prisha-purple-green-peacock-butta-pattu-pavadai,1,false,/Users/parthkaswala/Desktop/Amzira_Inventory/455-Work/16/KLC-PUR-GRN-PEACOCKPOTWORK-00-0451.png,catalog/prisha-purple-green-peacock-butta-pattu-pavadai/02.webp,http://localhost:8000/static/uploads/products/catalog/prisha-purple-green-peacock-butta-pattu-pavadai/02.webp
prisha-purple-green-peacock-butta-pattu-pavadai,2,false,/Users/parthkaswala/Desktop/Amzira_Inventory/455-Work/16/2.png,catalog/prisha-purple-green-peacock-butta-pattu-pavadai/03.webp,http://localhost:8000/static/uploads/products/catalog/prisha-purple-green-peacock-butta-pattu-pavadai/03.webp
prisha-purple-green-peacock-butta-pattu-pavadai,3,false,/Users/parthkaswala/Desktop/Amzira_Inventory/455-Work/16/3.png,catalog/prisha-purple-green-peacock-butta-pattu-pavadai/04.webp,http://localhost:8000/static/uploads/products/catalog/prisha-purple-green-peacock-butta-pattu-pavadai/04.webp
prisha-purple-green-peacock-butta-pattu-pavadai,4,false,/Users/parthkaswala/Desktop/Amzira_Inventory/455-Work/16/4.png,catalog/prisha-purple-green-peacock-butta-pattu-pavadai/05.webp,http://localhost:8000/static/uploads/products/catalog/prisha-purple-green-peacock-butta-pattu-pavadai/05.webp
prisha-purple-green-peacock-butta-pattu-pavadai,5,false,/Users/parthkaswala/Desktop/Amzira_Inventory/455-Work/16/5.png,catalog/prisha-purple-green-peacock-butta-pattu-pavadai/06.webp,http://localhost:8000/static/uploads/products/catalog/prisha-purple-green-peacock-butta-pattu-pavadai/06.webp
aaradhya-cream-pink-tree-deer-pattu-pavadai,0,true,/Users/parthkaswala/Desktop/Amzira_Inventory/455-Work/17/1.png,catalog/aaradhya-cream-pink-tree-deer-pattu-pavadai/01.webp,http://localhost:8000/static/uploads/products/catalog/aaradhya-cream-pink-tree-deer-pattu-pavadai/01.webp
aaradhya-cream-pink-tree-deer-pattu-pavadai,1,false,/Users/parthkaswala/Desktop/Amzira_Inventory/455-Work/17/KLC-CRM-PNK-TREEDEERWORK-00-0452.png,catalog/aaradhya-cream-pink-tree-deer-pattu-pavadai/02.webp,http://localhost:8000/static/uploads/products/catalog/aaradhya-cream-pink-tree-deer-pattu-pavadai/02.webp
aaradhya-cream-pink-tree-deer-pattu-pavadai,2,false,/Users/parthkaswala/Desktop/Amzira_Inventory/455-Work/17/2.png,catalog/aaradhya-cream-pink-tree-deer-pattu-pavadai/03.webp,http://localhost:8000/static/uploads/products/catalog/aaradhya-cream-pink-tree-deer-pattu-pavadai/03.webp
aaradhya-cream-pink-tree-deer-pattu-pavadai,3,false,/Users/parthkaswala/Desktop/Amzira_Inventory/455-Work/17/3.png,catalog/aaradhya-cream-pink-tree-deer-pattu-pavadai/04.webp,http://localhost:8000/static/uploads/products/catalog/aaradhya-cream-pink-tree-deer-pattu-pavadai/04.webp
aaradhya-cream-pink-tree-deer-pattu-pavadai,4,false,/Users/parthkaswala/Desktop/Amzira_Inventory/455-Work/17/4.png,catalog/aaradhya-cream-pink-tree-deer-pattu-pavadai/05.webp,http://localhost:8000/static/uploads/products/catalog/aaradhya-cream-pink-tree-deer-pattu-pavadai/05.webp
aaradhya-cream-pink-tree-deer-pattu-pavadai,5,false,/Users/parthkaswala/Desktop/Amzira_Inventory/455-Work/17/5.png,catalog/aaradhya-cream-pink-tree-deer-pattu-pavadai/06.webp,http://localhost:8000/static/uploads/products/catalog/aaradhya-cream-pink-tree-deer-pattu-pavadai/06.webp
navya-lime-yellow-peacock-butta-pattu-pavadai,0,true,/Users/parthkaswala/Desktop/Amzira_Inventory/455-Work/18/1.png,catalog/navya-lime-yellow-peacock-butta-pattu-pavadai/01.webp,http://localhost:8000/static/uploads/products/catalog/navya-lime-yellow-peacock-butta-pattu-pavadai/01.webp
navya-lime-yellow-peacock-butta-pattu-pavadai,1,false,/Users/parthkaswala/Desktop/Amzira_Inventory/455-Work/18/KLC-LME-YLW-PEACOCKPOTWORK-00-0450.png,catalog/navya-lime-yellow-peacock-butta-pattu-pavadai/02.webp,http://localhost:8000/static/uploads/products/catalog/navya-lime-yellow-peacock-butta-pattu-pavadai/02.webp
navya-lime-yellow-peacock-butta-pattu-pavadai,2,false,/Users/parthkaswala/Desktop/Amzira_Inventory/455-Work/18/2.png,catalog/navya-lime-yellow-peacock-butta-pattu-pavadai/03.webp,http://localhost:8000/static/uploads/products/catalog/navya-lime-yellow-peacock-butta-pattu-pavadai/03.webp
navya-lime-yellow-peacock-butta-pattu-pavadai,3,false,/Users/parthkaswala/Desktop/Amzira_Inventory/455-Work/18/3.png,catalog/navya-lime-yellow-peacock-butta-pattu-pavadai/04.webp,http://localhost:8000/static/uploads/products/catalog/navya-lime-yellow-peacock-butta-pattu-pavadai/04.webp
navya-lime-yellow-peacock-butta-pattu-pavadai,4,false,/Users/parthkaswala/Desktop/Amzira_Inventory/455-Work/18/4.png,catalog/navya-lime-yellow-peacock-butta-pattu-pavadai/05.webp,http://localhost:8000/static/uploads/products/catalog/navya-lime-yellow-peacock-butta-pattu-pavadai/05.webp
navya-lime-yellow-peacock-butta-pattu-pavadai,5,false,/Users/parthkaswala/Desktop/Amzira_Inventory/455-Work/18/5.png,catalog/navya-lime-yellow-peacock-butta-pattu-pavadai/06.webp,http://localhost:8000/static/uploads/products/catalog/navya-lime-yellow-peacock-butta-pattu-pavadai/06.webp
anvi-green-blue-peacock-butta-pattu-pavadai,0,true,/Users/parthkaswala/Desktop/Amzira_Inventory/455-Work/19/1.png,catalog/anvi-green-blue-peacock-butta-pattu-pavadai/01.webp,http://localhost:8000/static/uploads/products/catalog/anvi-green-blue-peacock-butta-pattu-pavadai/01.webp
anvi-green-blue-peacock-butta-pattu-pavadai,1,false,/Users/parthkaswala/Desktop/Amzira_Inventory/455-Work/19/KLC-GRN-BLU-PEACOCKPOTWORK-00-0453.png,catalog/anvi-green-blue-peacock-butta-pattu-pavadai/02.webp,http://localhost:8000/static/uploads/products/catalog/anvi-green-blue-peacock-butta-pattu-pavadai/02.webp
anvi-green-blue-peacock-butta-pattu-pavadai,2,false,/Users/parthkaswala/Desktop/Amzira_Inventory/455-Work/19/2.png,catalog/anvi-green-blue-peacock-butta-pattu-pavadai/03.webp,http://localhost:8000/static/uploads/products/catalog/anvi-green-blue-peacock-butta-pattu-pavadai/03.webp
anvi-green-blue-peacock-butta-pattu-pavadai,3,false,/Users/parthkaswala/Desktop/Amzira_Inventory/455-Work/19/3.png,catalog/anvi-green-blue-peacock-butta-pattu-pavadai/04.webp,http://localhost:8000/static/uploads/products/catalog/anvi-green-blue-peacock-butta-pattu-pavadai/04.webp
anvi-green-blue-peacock-butta-pattu-pavadai,4,false,/Users/parthkaswala/Desktop/Amzira_Inventory/455-Work/19/4.png,catalog/anvi-green-blue-peacock-butta-pattu-pavadai/05.webp,http://localhost:8000/static/uploads/products/catalog/anvi-green-blue-peacock-butta-pattu-pavadai/05.webp
anvi-green-blue-peacock-butta-pattu-pavadai,5,false,/Users/parthkaswala/Desktop/Amzira_Inventory/455-Work/19/5.png,catalog/anvi-green-blue-peacock-butta-pattu-pavadai/06.webp,http://localhost:8000/static/uploads/products/catalog/anvi-green-blue-peacock-butta-pattu-pavadai/06.webp
kiara-green-maroon-peacock-work-pattu-pavadai,0,true,/Users/parthkaswala/Desktop/Amzira_Inventory/455-Work/20/1.png,catalog/kiara-green-maroon-peacock-work-pattu-pavadai/01.webp,http://localhost:8000/static/uploads/products/catalog/kiara-green-maroon-peacock-work-pattu-pavadai/01.webp
kiara-green-maroon-peacock-work-pattu-pavadai,1,false,/Users/parthkaswala/Desktop/Amzira_Inventory/455-Work/20/KLC-GRN-MRN-PEACOCKWORK-00-0440.png,catalog/kiara-green-maroon-peacock-work-pattu-pavadai/02.webp,http://localhost:8000/static/uploads/products/catalog/kiara-green-maroon-peacock-work-pattu-pavadai/02.webp
kiara-green-maroon-peacock-work-pattu-pavadai,2,false,/Users/parthkaswala/Desktop/Amzira_Inventory/455-Work/20/2.png,catalog/kiara-green-maroon-peacock-work-pattu-pavadai/03.webp,http://localhost:8000/static/uploads/products/catalog/kiara-green-maroon-peacock-work-pattu-pavadai/03.webp
kiara-green-maroon-peacock-work-pattu-pavadai,3,false,/Users/parthkaswala/Desktop/Amzira_Inventory/455-Work/20/3.png,catalog/kiara-green-maroon-peacock-work-pattu-pavadai/04.webp,http://localhost:8000/static/uploads/products/catalog/kiara-green-maroon-peacock-work-pattu-pavadai/04.webp
kiara-green-maroon-peacock-work-pattu-pavadai,4,false,/Users/parthkaswala/Desktop/Amzira_Inventory/455-Work/20/4.png,catalog/kiara-green-maroon-peacock-work-pattu-pavadai/05.webp,http://localhost:8000/static/uploads/products/catalog/kiara-green-maroon-peacock-work-pattu-pavadai/05.webp
kiara-green-maroon-peacock-work-pattu-pavadai,5,false,/Users/parthkaswala/Desktop/Amzira_Inventory/455-Work/20/5.png,catalog/kiara-green-maroon-peacock-work-pattu-pavadai/06.webp,http://localhost:8000/static/uploads/products/catalog/kiara-green-maroon-peacock-work-pattu-pavadai/06.webp
saanvi-yellow-green-tree-deer-pattu-pavadai,0,true,/Users/parthkaswala/Desktop/Amzira_Inventory/455-Work/21/1.png,catalog/saanvi-yellow-green-tree-deer-pattu-pavadai/01.webp,http://localhost:8000/static/uploads/products/catalog/saanvi-yellow-green-tree-deer-pattu-pavadai/01.webp
saanvi-yellow-green-tree-deer-pattu-pavadai,1,false,/Users/parthkaswala/Desktop/Amzira_Inventory/455-Work/21/KLC-YLW-GRN-TREEDEERWORK-00-0441.png,catalog/saanvi-yellow-green-tree-deer-pattu-pavadai/02.webp,http://localhost:8000/static/uploads/products/catalog/saanvi-yellow-green-tree-deer-pattu-pavadai/02.webp
saanvi-yellow-green-tree-deer-pattu-pavadai,2,false,/Users/parthkaswala/Desktop/Amzira_Inventory/455-Work/21/2.png,catalog/saanvi-yellow-green-tree-deer-pattu-pavadai/03.webp,http://localhost:8000/static/uploads/products/catalog/saanvi-yellow-green-tree-deer-pattu-pavadai/03.webp
saanvi-yellow-green-tree-deer-pattu-pavadai,3,false,/Users/parthkaswala/Desktop/Amzira_Inventory/455-Work/21/3.png,catalog/saanvi-yellow-green-tree-deer-pattu-pavadai/04.webp,http://localhost:8000/static/uploads/products/catalog/saanvi-yellow-green-tree-deer-pattu-pavadai/04.webp
saanvi-yellow-green-tree-deer-pattu-pavadai,4,false,/Users/parthkaswala/Desktop/Amzira_Inventory/455-Work/21/4.png,catalog/saanvi-yellow-green-tree-deer-pattu-pavadai/05.webp,http://localhost:8000/static/uploads/products/catalog/saanvi-yellow-green-tree-deer-pattu-pavadai/05.webp
saanvi-yellow-green-tree-deer-pattu-pavadai,5,false,/Users/parthkaswala/Desktop/Amzira_Inventory/455-Work/21/6.png,catalog/saanvi-yellow-green-tree-deer-pattu-pavadai/06.webp,http://localhost:8000/static/uploads/products/catalog/saanvi-yellow-green-tree-deer-pattu-pavadai/06.webp
amaira-light-green-red-jacquard-work-lehenga-choli,0,true,/Users/parthkaswala/Desktop/Amzira_Inventory/455-Work/22/1.png,catalog/amaira-light-green-red-jacquard-work-lehenga-choli/01.webp,http://localhost:8000/static/uploads/products/catalog/amaira-light-green-red-jacquard-work-lehenga-choli/01.webp
amaira-light-green-red-jacquard-work-lehenga-choli,1,false,/Users/parthkaswala/Desktop/Amzira_Inventory/455-Work/22/KLC-LGN-RED-NBLU-JAQ-WRK-00-0440.png,catalog/amaira-light-green-red-jacquard-work-lehenga-choli/02.webp,http://localhost:8000/static/uploads/products/catalog/amaira-light-green-red-jacquard-work-lehenga-choli/02.webp
amaira-light-green-red-jacquard-work-lehenga-choli,2,false,/Users/parthkaswala/Desktop/Amzira_Inventory/455-Work/22/2.png,catalog/amaira-light-green-red-jacquard-work-lehenga-choli/03.webp,http://localhost:8000/static/uploads/products/catalog/amaira-light-green-red-jacquard-work-lehenga-choli/03.webp
amaira-light-green-red-jacquard-work-lehenga-choli,3,false,/Users/parthkaswala/Desktop/Amzira_Inventory/455-Work/22/3.png,catalog/amaira-light-green-red-jacquard-work-lehenga-choli/04.webp,http://localhost:8000/static/uploads/products/catalog/amaira-light-green-red-jacquard-work-lehenga-choli/04.webp
amaira-light-green-red-jacquard-work-lehenga-choli,4,false,/Users/parthkaswala/Desktop/Amzira_Inventory/455-Work/22/4.png,catalog/amaira-light-green-red-jacquard-work-lehenga-choli/05.webp,http://localhost:8000/static/uploads/products/catalog/amaira-light-green-red-jacquard-work-lehenga-choli/05.webp
amaira-light-green-red-jacquard-work-lehenga-choli,5,false,/Users/parthkaswala/Desktop/Amzira_Inventory/455-Work/22/5.png,catalog/amaira-light-green-red-jacquard-work-lehenga-choli/06.webp,http://localhost:8000/static/uploads/products/catalog/amaira-light-green-red-jacquard-work-lehenga-choli/06.webp
amaira-light-green-red-jacquard-work-lehenga-choli,6,false,/Users/parthkaswala/Desktop/Amzira_Inventory/455-Work/22/6.png,catalog/amaira-light-green-red-jacquard-work-lehenga-choli/07.webp,http://localhost:8000/static/uploads/products/catalog/amaira-light-green-red-jacquard-work-lehenga-choli/07.webp
amaira-light-green-red-jacquard-work-lehenga-choli,7,false,/Users/parthkaswala/Desktop/Amzira_Inventory/455-Work/22/7.png,catalog/amaira-light-green-red-jacquard-work-lehenga-choli/08.webp,http://localhost:8000/static/uploads/products/catalog/amaira-light-green-red-jacquard-work-lehenga-choli/08.webp
neela-royal-blue-checked-butta-pattu-pavadai,0,true,/Users/parthkaswala/Desktop/Amzira_Inventory/456_Haresh_Checks/1/1.png,catalog/neela-royal-blue-checked-butta-pattu-pavadai/01.webp,http://localhost:8000/static/uploads/products/catalog/neela-royal-blue-checked-butta-pattu-pavadai/01.webp
neela-royal-blue-checked-butta-pattu-pavadai,1,false,/Users/parthkaswala/Desktop/Amzira_Inventory/456_Haresh_Checks/1/2.png,catalog/neela-royal-blue-checked-butta-pattu-pavadai/02.webp,http://localhost:8000/static/uploads/products/catalog/neela-royal-blue-checked-butta-pattu-pavadai/02.webp
neela-royal-blue-checked-butta-pattu-pavadai,2,false,/Users/parthkaswala/Desktop/Amzira_Inventory/456_Haresh_Checks/1/3.png,catalog/neela-royal-blue-checked-butta-pattu-pavadai/03.webp,http://localhost:8000/static/uploads/products/catalog/neela-royal-blue-checked-butta-pattu-pavadai/03.webp
neela-royal-blue-checked-butta-pattu-pavadai,3,false,/Users/parthkaswala/Desktop/Amzira_Inventory/456_Haresh_Checks/1/5.png,catalog/neela-royal-blue-checked-butta-pattu-pavadai/04.webp,http://localhost:8000/static/uploads/products/catalog/neela-royal-blue-checked-butta-pattu-pavadai/04.webp
neela-royal-blue-checked-butta-pattu-pavadai,4,false,/Users/parthkaswala/Desktop/Amzira_Inventory/456_Haresh_Checks/1/6.png,catalog/neela-royal-blue-checked-butta-pattu-pavadai/05.webp,http://localhost:8000/static/uploads/products/catalog/neela-royal-blue-checked-butta-pattu-pavadai/05.webp
gauri-green-rani-pink-checked-butta-pattu-pavadai,0,true,/Users/parthkaswala/Desktop/Amzira_Inventory/456_Haresh_Checks/2/1.png,catalog/gauri-green-rani-pink-checked-butta-pattu-pavadai/01.webp,http://localhost:8000/static/uploads/products/catalog/gauri-green-rani-pink-checked-butta-pattu-pavadai/01.webp
gauri-green-rani-pink-checked-butta-pattu-pavadai,1,false,/Users/parthkaswala/Desktop/Amzira_Inventory/456_Haresh_Checks/2/2.png,catalog/gauri-green-rani-pink-checked-butta-pattu-pavadai/02.webp,http://localhost:8000/static/uploads/products/catalog/gauri-green-rani-pink-checked-butta-pattu-pavadai/02.webp
gauri-green-rani-pink-checked-butta-pattu-pavadai,2,false,/Users/parthkaswala/Desktop/Amzira_Inventory/456_Haresh_Checks/2/3.png,catalog/gauri-green-rani-pink-checked-butta-pattu-pavadai/03.webp,http://localhost:8000/static/uploads/products/catalog/gauri-green-rani-pink-checked-butta-pattu-pavadai/03.webp
gauri-green-rani-pink-checked-butta-pattu-pavadai,3,false,/Users/parthkaswala/Desktop/Amzira_Inventory/456_Haresh_Checks/2/4.png,catalog/gauri-green-rani-pink-checked-butta-pattu-pavadai/04.webp,http://localhost:8000/static/uploads/products/catalog/gauri-green-rani-pink-checked-butta-pattu-pavadai/04.webp
gauri-green-rani-pink-checked-butta-pattu-pavadai,4,false,/Users/parthkaswala/Desktop/Amzira_Inventory/456_Haresh_Checks/2/5.png,catalog/gauri-green-rani-pink-checked-butta-pattu-pavadai/05.webp,http://localhost:8000/static/uploads/products/catalog/gauri-green-rani-pink-checked-butta-pattu-pavadai/05.webp
gauri-green-rani-pink-checked-butta-pattu-pavadai,5,false,/Users/parthkaswala/Desktop/Amzira_Inventory/456_Haresh_Checks/2/6.png,catalog/gauri-green-rani-pink-checked-butta-pattu-pavadai/06.webp,http://localhost:8000/static/uploads/products/catalog/gauri-green-rani-pink-checked-butta-pattu-pavadai/06.webp
gauri-green-rani-pink-checked-butta-pattu-pavadai,6,false,/Users/parthkaswala/Desktop/Amzira_Inventory/456_Haresh_Checks/2/7.png,catalog/gauri-green-rani-pink-checked-butta-pattu-pavadai/07.webp,http://localhost:8000/static/uploads/products/catalog/gauri-green-rani-pink-checked-butta-pattu-pavadai/07.webp
mahi-purple-green-checked-butta-pattu-pavadai,0,true,/Users/parthkaswala/Desktop/Amzira_Inventory/456_Haresh_Checks/3/1.png,catalog/mahi-purple-green-checked-butta-pattu-pavadai/01.webp,http://localhost:8000/static/uploads/products/catalog/mahi-purple-green-checked-butta-pattu-pavadai/01.webp
mahi-purple-green-checked-butta-pattu-pavadai,1,false,/Users/parthkaswala/Desktop/Amzira_Inventory/456_Haresh_Checks/3/2.png,catalog/mahi-purple-green-checked-butta-pattu-pavadai/02.webp,http://localhost:8000/static/uploads/products/catalog/mahi-purple-green-checked-butta-pattu-pavadai/02.webp
mahi-purple-green-checked-butta-pattu-pavadai,2,false,/Users/parthkaswala/Desktop/Amzira_Inventory/456_Haresh_Checks/3/3.png,catalog/mahi-purple-green-checked-butta-pattu-pavadai/03.webp,http://localhost:8000/static/uploads/products/catalog/mahi-purple-green-checked-butta-pattu-pavadai/03.webp
mahi-purple-green-checked-butta-pattu-pavadai,3,false,/Users/parthkaswala/Desktop/Amzira_Inventory/456_Haresh_Checks/3/4.png,catalog/mahi-purple-green-checked-butta-pattu-pavadai/04.webp,http://localhost:8000/static/uploads/products/catalog/mahi-purple-green-checked-butta-pattu-pavadai/04.webp
mahi-purple-green-checked-butta-pattu-pavadai,4,false,/Users/parthkaswala/Desktop/Amzira_Inventory/456_Haresh_Checks/3/5.png,catalog/mahi-purple-green-checked-butta-pattu-pavadai/05.webp,http://localhost:8000/static/uploads/products/catalog/mahi-purple-green-checked-butta-pattu-pavadai/05.webp
mahi-purple-green-checked-butta-pattu-pavadai,5,false,/Users/parthkaswala/Desktop/Amzira_Inventory/456_Haresh_Checks/3/6.png,catalog/mahi-purple-green-checked-butta-pattu-pavadai/06.webp,http://localhost:8000/static/uploads/products/catalog/mahi-purple-green-checked-butta-pattu-pavadai/06.webp
mahi-purple-green-checked-butta-pattu-pavadai,6,false,/Users/parthkaswala/Desktop/Amzira_Inventory/456_Haresh_Checks/3/7.png,catalog/mahi-purple-green-checked-butta-pattu-pavadai/07.webp,http://localhost:8000/static/uploads/products/catalog/mahi-purple-green-checked-butta-pattu-pavadai/07.webp
tara-royal-blue-ivory-checked-butta-pattu-pavadai,0,true,/Users/parthkaswala/Desktop/Amzira_Inventory/456_Haresh_Checks/4/1.png,catalog/tara-royal-blue-ivory-checked-butta-pattu-pavadai/01.webp,http://localhost:8000/static/uploads/products/catalog/tara-royal-blue-ivory-checked-butta-pattu-pavadai/01.webp
tara-royal-blue-ivory-checked-butta-pattu-pavadai,1,false,/Users/parthkaswala/Desktop/Amzira_Inventory/456_Haresh_Checks/4/2.png,catalog/tara-royal-blue-ivory-checked-butta-pattu-pavadai/02.webp,http://localhost:8000/static/uploads/products/catalog/tara-royal-blue-ivory-checked-butta-pattu-pavadai/02.webp
tara-royal-blue-ivory-checked-butta-pattu-pavadai,2,false,/Users/parthkaswala/Desktop/Amzira_Inventory/456_Haresh_Checks/4/3.png,catalog/tara-royal-blue-ivory-checked-butta-pattu-pavadai/03.webp,http://localhost:8000/static/uploads/products/catalog/tara-royal-blue-ivory-checked-butta-pattu-pavadai/03.webp
tara-royal-blue-ivory-checked-butta-pattu-pavadai,3,false,/Users/parthkaswala/Desktop/Amzira_Inventory/456_Haresh_Checks/4/4.png,catalog/tara-royal-blue-ivory-checked-butta-pattu-pavadai/04.webp,http://localhost:8000/static/uploads/products/catalog/tara-royal-blue-ivory-checked-butta-pattu-pavadai/04.webp
tara-royal-blue-ivory-checked-butta-pattu-pavadai,4,false,/Users/parthkaswala/Desktop/Amzira_Inventory/456_Haresh_Checks/4/5.png,catalog/tara-royal-blue-ivory-checked-butta-pattu-pavadai/05.webp,http://localhost:8000/static/uploads/products/catalog/tara-royal-blue-ivory-checked-butta-pattu-pavadai/05.webp
tara-royal-blue-ivory-checked-butta-pattu-pavadai,5,false,/Users/parthkaswala/Desktop/Amzira_Inventory/456_Haresh_Checks/4/6.png,catalog/tara-royal-blue-ivory-checked-butta-pattu-pavadai/06.webp,http://localhost:8000/static/uploads/products/catalog/tara-royal-blue-ivory-checked-butta-pattu-pavadai/06.webp
tara-royal-blue-ivory-checked-butta-pattu-pavadai,6,false,/Users/parthkaswala/Desktop/Amzira_Inventory/456_Haresh_Checks/4/1/7.png,catalog/tara-royal-blue-ivory-checked-butta-pattu-pavadai/07.webp,http://localhost:8000/static/uploads/products/catalog/tara-royal-blue-ivory-checked-butta-pattu-pavadai/07.webp
tara-royal-blue-ivory-checked-butta-pattu-pavadai,7,false,/Users/parthkaswala/Desktop/Amzira_Inventory/456_Haresh_Checks/4/1/8.png,catalog/tara-royal-blue-ivory-checked-butta-pattu-pavadai/08.webp,http://localhost:8000/static/uploads/products/catalog/tara-royal-blue-ivory-checked-butta-pattu-pavadai/08.webp
aarohi-royal-blue-orange-checked-butta-pattu-pavadai,0,true,/Users/parthkaswala/Desktop/Amzira_Inventory/456_Haresh_Checks/5/1.png,catalog/aarohi-royal-blue-orange-checked-butta-pattu-pavadai/01.webp,http://localhost:8000/static/uploads/products/catalog/aarohi-royal-blue-orange-checked-butta-pattu-pavadai/01.webp
aarohi-royal-blue-orange-checked-butta-pattu-pavadai,1,false,/Users/parthkaswala/Desktop/Amzira_Inventory/456_Haresh_Checks/5/2.png,catalog/aarohi-royal-blue-orange-checked-butta-pattu-pavadai/02.webp,http://localhost:8000/static/uploads/products/catalog/aarohi-royal-blue-orange-checked-butta-pattu-pavadai/02.webp
aarohi-royal-blue-orange-checked-butta-pattu-pavadai,2,false,/Users/parthkaswala/Desktop/Amzira_Inventory/456_Haresh_Checks/5/3.png,catalog/aarohi-royal-blue-orange-checked-butta-pattu-pavadai/03.webp,http://localhost:8000/static/uploads/products/catalog/aarohi-royal-blue-orange-checked-butta-pattu-pavadai/03.webp
aarohi-royal-blue-orange-checked-butta-pattu-pavadai,3,false,/Users/parthkaswala/Desktop/Amzira_Inventory/456_Haresh_Checks/5/4.png,catalog/aarohi-royal-blue-orange-checked-butta-pattu-pavadai/04.webp,http://localhost:8000/static/uploads/products/catalog/aarohi-royal-blue-orange-checked-butta-pattu-pavadai/04.webp
aarohi-royal-blue-orange-checked-butta-pattu-pavadai,4,false,/Users/parthkaswala/Desktop/Amzira_Inventory/456_Haresh_Checks/5/5.png,catalog/aarohi-royal-blue-orange-checked-butta-pattu-pavadai/05.webp,http://localhost:8000/static/uploads/products/catalog/aarohi-royal-blue-orange-checked-butta-pattu-pavadai/05.webp
ishani-red-black-checked-butta-pattu-pavadai,0,true,/Users/parthkaswala/Desktop/Amzira_Inventory/456_Haresh_Checks/6/1.png,catalog/ishani-red-black-checked-butta-pattu-pavadai/01.webp,http://localhost:8000/static/uploads/products/catalog/ishani-red-black-checked-butta-pattu-pavadai/01.webp
ishani-red-black-checked-butta-pattu-pavadai,1,false,/Users/parthkaswala/Desktop/Amzira_Inventory/456_Haresh_Checks/6/2.png,catalog/ishani-red-black-checked-butta-pattu-pavadai/02.webp,http://localhost:8000/static/uploads/products/catalog/ishani-red-black-checked-butta-pattu-pavadai/02.webp
ishani-red-black-checked-butta-pattu-pavadai,2,false,/Users/parthkaswala/Desktop/Amzira_Inventory/456_Haresh_Checks/6/3.png,catalog/ishani-red-black-checked-butta-pattu-pavadai/03.webp,http://localhost:8000/static/uploads/products/catalog/ishani-red-black-checked-butta-pattu-pavadai/03.webp
ishani-red-black-checked-butta-pattu-pavadai,3,false,/Users/parthkaswala/Desktop/Amzira_Inventory/456_Haresh_Checks/6/4.png,catalog/ishani-red-black-checked-butta-pattu-pavadai/04.webp,http://localhost:8000/static/uploads/products/catalog/ishani-red-black-checked-butta-pattu-pavadai/04.webp
ishani-red-black-checked-butta-pattu-pavadai,4,false,/Users/parthkaswala/Desktop/Amzira_Inventory/456_Haresh_Checks/6/5.png,catalog/ishani-red-black-checked-butta-pattu-pavadai/05.webp,http://localhost:8000/static/uploads/products/catalog/ishani-red-black-checked-butta-pattu-pavadai/05.webp
ishani-red-black-checked-butta-pattu-pavadai,5,false,/Users/parthkaswala/Desktop/Amzira_Inventory/456_Haresh_Checks/6/6.png,catalog/ishani-red-black-checked-butta-pattu-pavadai/06.webp,http://localhost:8000/static/uploads/products/catalog/ishani-red-black-checked-butta-pattu-pavadai/06.webp
ishani-red-black-checked-butta-pattu-pavadai,6,false,/Users/parthkaswala/Desktop/Amzira_Inventory/456_Haresh_Checks/6/7.png,catalog/ishani-red-black-checked-butta-pattu-pavadai/07.webp,http://localhost:8000/static/uploads/products/catalog/ishani-red-black-checked-butta-pattu-pavadai/07.webp
aanya-pink-navy-pattu-pavadai,0,true,/Users/parthkaswala/Desktop/Amzira_Inventory/443-Pratik_Debli/2/2MB/1.jpg,catalog/aanya-pink-navy-pattu-pavadai/01.webp,http://localhost:8000/static/uploads/products/catalog/aanya-pink-navy-pattu-pavadai/01.webp
aanya-pink-navy-pattu-pavadai,1,false,/Users/parthkaswala/Desktop/Amzira_Inventory/443-Pratik_Debli/2/2MB/KLC-PNK-NVY-JAQ-00-0429.jpg,catalog/aanya-pink-navy-pattu-pavadai/02.webp,http://localhost:8000/static/uploads/products/catalog/aanya-pink-navy-pattu-pavadai/02.webp
aanya-pink-navy-pattu-pavadai,2,false,/Users/parthkaswala/Desktop/Amzira_Inventory/443-Pratik_Debli/2/2MB/2.jpg,catalog/aanya-pink-navy-pattu-pavadai/03.webp,http://localhost:8000/static/uploads/products/catalog/aanya-pink-navy-pattu-pavadai/03.webp
aanya-pink-navy-pattu-pavadai,3,false,/Users/parthkaswala/Desktop/Amzira_Inventory/443-Pratik_Debli/2/2MB/3.jpg,catalog/aanya-pink-navy-pattu-pavadai/04.webp,http://localhost:8000/static/uploads/products/catalog/aanya-pink-navy-pattu-pavadai/04.webp
aarini-navy-maroon-pattu-pavadai,0,true,/Users/parthkaswala/Desktop/Amzira_Inventory/443-Pratik_Debli/3/2MB/1.jpg,catalog/aarini-navy-maroon-pattu-pavadai/01.webp,http://localhost:8000/static/uploads/products/catalog/aarini-navy-maroon-pattu-pavadai/01.webp
aarini-navy-maroon-pattu-pavadai,1,false,/Users/parthkaswala/Desktop/Amzira_Inventory/443-Pratik_Debli/3/2MB/KLC-NVY-MRN-JAQ-00-0428.jpg,catalog/aarini-navy-maroon-pattu-pavadai/02.webp,http://localhost:8000/static/uploads/products/catalog/aarini-navy-maroon-pattu-pavadai/02.webp
aarini-navy-maroon-pattu-pavadai,2,false,/Users/parthkaswala/Desktop/Amzira_Inventory/443-Pratik_Debli/3/2MB/2.jpg,catalog/aarini-navy-maroon-pattu-pavadai/03.webp,http://localhost:8000/static/uploads/products/catalog/aarini-navy-maroon-pattu-pavadai/03.webp
aarini-navy-maroon-pattu-pavadai,3,false,/Users/parthkaswala/Desktop/Amzira_Inventory/443-Pratik_Debli/3/2MB/3.jpg,catalog/aarini-navy-maroon-pattu-pavadai/04.webp,http://localhost:8000/static/uploads/products/catalog/aarini-navy-maroon-pattu-pavadai/04.webp
aashi-peach-maroon-pattu-pavadai,0,true,/Users/parthkaswala/Desktop/Amzira_Inventory/443-Pratik_Debli/4/2MB/1.jpg,catalog/aashi-peach-maroon-pattu-pavadai/01.webp,http://localhost:8000/static/uploads/products/catalog/aashi-peach-maroon-pattu-pavadai/01.webp
aashi-peach-maroon-pattu-pavadai,1,false,/Users/parthkaswala/Desktop/Amzira_Inventory/443-Pratik_Debli/4/2MB/KLC-PCH-MRN-JAQ-00-0430.jpg,catalog/aashi-peach-maroon-pattu-pavadai/02.webp,http://localhost:8000/static/uploads/products/catalog/aashi-peach-maroon-pattu-pavadai/02.webp
aashi-peach-maroon-pattu-pavadai,2,false,/Users/parthkaswala/Desktop/Amzira_Inventory/443-Pratik_Debli/4/2MB/2.jpg,catalog/aashi-peach-maroon-pattu-pavadai/03.webp,http://localhost:8000/static/uploads/products/catalog/aashi-peach-maroon-pattu-pavadai/03.webp
aashi-peach-maroon-pattu-pavadai,3,false,/Users/parthkaswala/Desktop/Amzira_Inventory/443-Pratik_Debli/4/2MB/3.jpg,catalog/aashi-peach-maroon-pattu-pavadai/04.webp,http://localhost:8000/static/uploads/products/catalog/aashi-peach-maroon-pattu-pavadai/04.webp
aditi-purple-aqua-pattu-pavadai,0,true,/Users/parthkaswala/Desktop/Amzira_Inventory/443-Pratik_Debli/5/2MB/1.jpg,catalog/aditi-purple-aqua-pattu-pavadai/01.webp,http://localhost:8000/static/uploads/products/catalog/aditi-purple-aqua-pattu-pavadai/01.webp
aditi-purple-aqua-pattu-pavadai,1,false,/Users/parthkaswala/Desktop/Amzira_Inventory/443-Pratik_Debli/5/2MB/KLC-PUR-AQU-JAQ-00-0431.jpg,catalog/aditi-purple-aqua-pattu-pavadai/02.webp,http://localhost:8000/static/uploads/products/catalog/aditi-purple-aqua-pattu-pavadai/02.webp
aditi-purple-aqua-pattu-pavadai,2,false,/Users/parthkaswala/Desktop/Amzira_Inventory/443-Pratik_Debli/5/2MB/2.jpg,catalog/aditi-purple-aqua-pattu-pavadai/03.webp,http://localhost:8000/static/uploads/products/catalog/aditi-purple-aqua-pattu-pavadai/03.webp
aditi-purple-aqua-pattu-pavadai,3,false,/Users/parthkaswala/Desktop/Amzira_Inventory/443-Pratik_Debli/5/2MB/3.jpg,catalog/aditi-purple-aqua-pattu-pavadai/04.webp,http://localhost:8000/static/uploads/products/catalog/aditi-purple-aqua-pattu-pavadai/04.webp
ahana-blue-pink-pattu-pavadai,0,true,/Users/parthkaswala/Desktop/Amzira_Inventory/443-Pratik_Debli/6/2MB/1.jpg,catalog/ahana-blue-pink-pattu-pavadai/01.webp,http://localhost:8000/static/uploads/products/catalog/ahana-blue-pink-pattu-pavadai/01.webp
ahana-blue-pink-pattu-pavadai,1,false,/Users/parthkaswala/Desktop/Amzira_Inventory/443-Pratik_Debli/6/2MB/KLC-BLU-PNK-JAQ-00-0432(1).jpg,catalog/ahana-blue-pink-pattu-pavadai/02.webp,http://localhost:8000/static/uploads/products/catalog/ahana-blue-pink-pattu-pavadai/02.webp
ahana-blue-pink-pattu-pavadai,2,false,/Users/parthkaswala/Desktop/Amzira_Inventory/443-Pratik_Debli/6/2MB/2.jpg,catalog/ahana-blue-pink-pattu-pavadai/03.webp,http://localhost:8000/static/uploads/products/catalog/ahana-blue-pink-pattu-pavadai/03.webp
ahana-blue-pink-pattu-pavadai,3,false,/Users/parthkaswala/Desktop/Amzira_Inventory/443-Pratik_Debli/6/2MB/3.jpg,catalog/ahana-blue-pink-pattu-pavadai/04.webp,http://localhost:8000/static/uploads/products/catalog/ahana-blue-pink-pattu-pavadai/04.webp
akshara-mint-navy-pattu-pavadai,0,true,/Users/parthkaswala/Desktop/Amzira_Inventory/443-Pratik_Debli/7/2MB/1.jpg,catalog/akshara-mint-navy-pattu-pavadai/01.webp,http://localhost:8000/static/uploads/products/catalog/akshara-mint-navy-pattu-pavadai/01.webp
akshara-mint-navy-pattu-pavadai,1,false,/Users/parthkaswala/Desktop/Amzira_Inventory/443-Pratik_Debli/7/2MB/KLC-MNT-NVY-JAQ-00-0433.jpg,catalog/akshara-mint-navy-pattu-pavadai/02.webp,http://localhost:8000/static/uploads/products/catalog/akshara-mint-navy-pattu-pavadai/02.webp
akshara-mint-navy-pattu-pavadai,2,false,/Users/parthkaswala/Desktop/Amzira_Inventory/443-Pratik_Debli/7/2MB/2.jpg,catalog/akshara-mint-navy-pattu-pavadai/03.webp,http://localhost:8000/static/uploads/products/catalog/akshara-mint-navy-pattu-pavadai/03.webp
akshara-mint-navy-pattu-pavadai,3,false,/Users/parthkaswala/Desktop/Amzira_Inventory/443-Pratik_Debli/7/2MB/3.jpg,catalog/akshara-mint-navy-pattu-pavadai/04.webp,http://localhost:8000/static/uploads/products/catalog/akshara-mint-navy-pattu-pavadai/04.webp
alina-pink-aqua-pattu-pavadai,0,true,/Users/parthkaswala/Desktop/Amzira_Inventory/443-Pratik_Debli/8/2MB/1.jpg,catalog/alina-pink-aqua-pattu-pavadai/01.webp,http://localhost:8000/static/uploads/products/catalog/alina-pink-aqua-pattu-pavadai/01.webp
alina-pink-aqua-pattu-pavadai,1,false,/Users/parthkaswala/Desktop/Amzira_Inventory/443-Pratik_Debli/8/2MB/KLC-PNK-AQU-JAQ-00-0434.jpg,catalog/alina-pink-aqua-pattu-pavadai/02.webp,http://localhost:8000/static/uploads/products/catalog/alina-pink-aqua-pattu-pavadai/02.webp
alina-pink-aqua-pattu-pavadai,2,false,/Users/parthkaswala/Desktop/Amzira_Inventory/443-Pratik_Debli/8/2MB/2.jpg,catalog/alina-pink-aqua-pattu-pavadai/03.webp,http://localhost:8000/static/uploads/products/catalog/alina-pink-aqua-pattu-pavadai/03.webp
alina-pink-aqua-pattu-pavadai,3,false,/Users/parthkaswala/Desktop/Amzira_Inventory/443-Pratik_Debli/8/2MB/3.jpg,catalog/alina-pink-aqua-pattu-pavadai/04.webp,http://localhost:8000/static/uploads/products/catalog/alina-pink-aqua-pattu-pavadai/04.webp
amaya-maroon-olive-pattu-pavadai,0,true,/Users/parthkaswala/Desktop/Amzira_Inventory/443-Pratik_Debli/9/2MB/KLC-MRN-OLV-JAQ-00-0435.jpg,catalog/amaya-maroon-olive-pattu-pavadai/01.webp,http://localhost:8000/static/uploads/products/catalog/amaya-maroon-olive-pattu-pavadai/01.webp
amaya-maroon-olive-pattu-pavadai,1,false,/Users/parthkaswala/Desktop/Amzira_Inventory/443-Pratik_Debli/9/2MB/1(1).jpg,catalog/amaya-maroon-olive-pattu-pavadai/02.webp,http://localhost:8000/static/uploads/products/catalog/amaya-maroon-olive-pattu-pavadai/02.webp
amaya-maroon-olive-pattu-pavadai,2,false,/Users/parthkaswala/Desktop/Amzira_Inventory/443-Pratik_Debli/9/2MB/2(1).jpg,catalog/amaya-maroon-olive-pattu-pavadai/03.webp,http://localhost:8000/static/uploads/products/catalog/amaya-maroon-olive-pattu-pavadai/03.webp
amaya-maroon-olive-pattu-pavadai,3,false,/Users/parthkaswala/Desktop/Amzira_Inventory/443-Pratik_Debli/9/2MB/3(1).jpg,catalog/amaya-maroon-olive-pattu-pavadai/04.webp,http://localhost:8000/static/uploads/products/catalog/amaya-maroon-olive-pattu-pavadai/04.webp
anaya-red-olive-pattu-pavadai,0,true,/Users/parthkaswala/Desktop/Amzira_Inventory/443-Pratik_Debli/10/2MB/1.jpg,catalog/anaya-red-olive-pattu-pavadai/01.webp,http://localhost:8000/static/uploads/products/catalog/anaya-red-olive-pattu-pavadai/01.webp
anaya-red-olive-pattu-pavadai,1,false,/Users/parthkaswala/Desktop/Amzira_Inventory/443-Pratik_Debli/10/2MB/KLC-RED-OLV-JAQ-00-0436.jpg,catalog/anaya-red-olive-pattu-pavadai/02.webp,http://localhost:8000/static/uploads/products/catalog/anaya-red-olive-pattu-pavadai/02.webp
anaya-red-olive-pattu-pavadai,2,false,/Users/parthkaswala/Desktop/Amzira_Inventory/443-Pratik_Debli/10/2MB/2.jpg,catalog/anaya-red-olive-pattu-pavadai/03.webp,http://localhost:8000/static/uploads/products/catalog/anaya-red-olive-pattu-pavadai/03.webp
anaya-red-olive-pattu-pavadai,3,false,/Users/parthkaswala/Desktop/Amzira_Inventory/443-Pratik_Debli/10/2MB/3.jpg,catalog/anaya-red-olive-pattu-pavadai/04.webp,http://localhost:8000/static/uploads/products/catalog/anaya-red-olive-pattu-pavadai/04.webp
anvi-green-maroon-pattu-pavadai,0,true,/Users/parthkaswala/Desktop/Amzira_Inventory/443-Pratik_Debli/11/2MB/1.jpg,catalog/anvi-green-maroon-pattu-pavadai/01.webp,http://localhost:8000/static/uploads/products/catalog/anvi-green-maroon-pattu-pavadai/01.webp
anvi-green-maroon-pattu-pavadai,1,false,/Users/parthkaswala/Desktop/Amzira_Inventory/443-Pratik_Debli/11/2MB/KLC-GRN-MRN-JAQ-00-0437.jpg,catalog/anvi-green-maroon-pattu-pavadai/02.webp,http://localhost:8000/static/uploads/products/catalog/anvi-green-maroon-pattu-pavadai/02.webp
anvi-green-maroon-pattu-pavadai,2,false,/Users/parthkaswala/Desktop/Amzira_Inventory/443-Pratik_Debli/11/2MB/2.jpg,catalog/anvi-green-maroon-pattu-pavadai/03.webp,http://localhost:8000/static/uploads/products/catalog/anvi-green-maroon-pattu-pavadai/03.webp
anvi-green-maroon-pattu-pavadai,3,false,/Users/parthkaswala/Desktop/Amzira_Inventory/443-Pratik_Debli/11/2MB/3.jpg,catalog/anvi-green-maroon-pattu-pavadai/04.webp,http://localhost:8000/static/uploads/products/catalog/anvi-green-maroon-pattu-pavadai/04.webp
avika-light-green-olive-pattu-pavadai,0,true,/Users/parthkaswala/Desktop/Amzira_Inventory/443-Pratik_Debli/12/2MB/1.jpg,catalog/avika-light-green-olive-pattu-pavadai/01.webp,http://localhost:8000/static/uploads/products/catalog/avika-light-green-olive-pattu-pavadai/01.webp
avika-light-green-olive-pattu-pavadai,1,false,/Users/parthkaswala/Desktop/Amzira_Inventory/443-Pratik_Debli/12/2MB/KLC-LGN-OLV-JAQ-00-0438.jpg,catalog/avika-light-green-olive-pattu-pavadai/02.webp,http://localhost:8000/static/uploads/products/catalog/avika-light-green-olive-pattu-pavadai/02.webp
avika-light-green-olive-pattu-pavadai,2,false,/Users/parthkaswala/Desktop/Amzira_Inventory/443-Pratik_Debli/12/2MB/2.jpg,catalog/avika-light-green-olive-pattu-pavadai/03.webp,http://localhost:8000/static/uploads/products/catalog/avika-light-green-olive-pattu-pavadai/03.webp
avika-light-green-olive-pattu-pavadai,3,false,/Users/parthkaswala/Desktop/Amzira_Inventory/443-Pratik_Debli/12/2MB/3.jpg,catalog/avika-light-green-olive-pattu-pavadai/04.webp,http://localhost:8000/static/uploads/products/catalog/avika-light-green-olive-pattu-pavadai/04.webp
charvi-green-red-pattu-pavadai,0,true,/Users/parthkaswala/Desktop/Amzira_Inventory/444-Pratik_mor_2/1/2MB/1.jpg,catalog/charvi-green-red-pattu-pavadai/01.webp,http://localhost:8000/static/uploads/products/catalog/charvi-green-red-pattu-pavadai/01.webp
charvi-green-red-pattu-pavadai,1,false,/Users/parthkaswala/Desktop/Amzira_Inventory/444-Pratik_mor_2/1/2MB/KLC-GRN-RED-PEACOCKJAQ-00-0410.jpg,catalog/charvi-green-red-pattu-pavadai/02.webp,http://localhost:8000/static/uploads/products/catalog/charvi-green-red-pattu-pavadai/02.webp
charvi-green-red-pattu-pavadai,2,false,/Users/parthkaswala/Desktop/Amzira_Inventory/444-Pratik_mor_2/1/2MB/2.jpg,catalog/charvi-green-red-pattu-pavadai/03.webp,http://localhost:8000/static/uploads/products/catalog/charvi-green-red-pattu-pavadai/03.webp
charvi-green-red-pattu-pavadai,3,false,/Users/parthkaswala/Desktop/Amzira_Inventory/444-Pratik_mor_2/1/2MB/3.jpg,catalog/charvi-green-red-pattu-pavadai/04.webp,http://localhost:8000/static/uploads/products/catalog/charvi-green-red-pattu-pavadai/04.webp
charvi-green-red-pattu-pavadai,4,false,/Users/parthkaswala/Desktop/Amzira_Inventory/444-Pratik_mor_2/1/2MB/4.jpg,catalog/charvi-green-red-pattu-pavadai/05.webp,http://localhost:8000/static/uploads/products/catalog/charvi-green-red-pattu-pavadai/05.webp
devika-purple-sky-blue-pattu-pavadai,0,true,/Users/parthkaswala/Desktop/Amzira_Inventory/444-Pratik_mor_2/2/2MB/1.jpg,catalog/devika-purple-sky-blue-pattu-pavadai/01.webp,http://localhost:8000/static/uploads/products/catalog/devika-purple-sky-blue-pattu-pavadai/01.webp
devika-purple-sky-blue-pattu-pavadai,1,false,/Users/parthkaswala/Desktop/Amzira_Inventory/444-Pratik_mor_2/2/2MB/KLC-PUR-SKYBLU-PEACOCKJAQ-00-0411.jpg,catalog/devika-purple-sky-blue-pattu-pavadai/02.webp,http://localhost:8000/static/uploads/products/catalog/devika-purple-sky-blue-pattu-pavadai/02.webp
devika-purple-sky-blue-pattu-pavadai,2,false,/Users/parthkaswala/Desktop/Amzira_Inventory/444-Pratik_mor_2/2/2MB/2.jpg,catalog/devika-purple-sky-blue-pattu-pavadai/03.webp,http://localhost:8000/static/uploads/products/catalog/devika-purple-sky-blue-pattu-pavadai/03.webp
devika-purple-sky-blue-pattu-pavadai,3,false,/Users/parthkaswala/Desktop/Amzira_Inventory/444-Pratik_mor_2/2/2MB/3.jpg,catalog/devika-purple-sky-blue-pattu-pavadai/04.webp,http://localhost:8000/static/uploads/products/catalog/devika-purple-sky-blue-pattu-pavadai/04.webp
devika-purple-sky-blue-pattu-pavadai,4,false,/Users/parthkaswala/Desktop/Amzira_Inventory/444-Pratik_mor_2/2/2MB/4.jpg,catalog/devika-purple-sky-blue-pattu-pavadai/05.webp,http://localhost:8000/static/uploads/products/catalog/devika-purple-sky-blue-pattu-pavadai/05.webp
dhriti-peach-pattu-pavadai,0,true,/Users/parthkaswala/Desktop/Amzira_Inventory/444-Pratik_mor_2/3/2MB/1.jpg,catalog/dhriti-peach-pattu-pavadai/01.webp,http://localhost:8000/static/uploads/products/catalog/dhriti-peach-pattu-pavadai/01.webp
dhriti-peach-pattu-pavadai,1,false,/Users/parthkaswala/Desktop/Amzira_Inventory/444-Pratik_mor_2/3/2MB/KLC-PCH-PCH-PEACOCKJAQ-00-0412.jpg,catalog/dhriti-peach-pattu-pavadai/02.webp,http://localhost:8000/static/uploads/products/catalog/dhriti-peach-pattu-pavadai/02.webp
dhriti-peach-pattu-pavadai,2,false,/Users/parthkaswala/Desktop/Amzira_Inventory/444-Pratik_mor_2/3/2MB/2.jpg,catalog/dhriti-peach-pattu-pavadai/03.webp,http://localhost:8000/static/uploads/products/catalog/dhriti-peach-pattu-pavadai/03.webp
dhriti-peach-pattu-pavadai,3,false,/Users/parthkaswala/Desktop/Amzira_Inventory/444-Pratik_mor_2/3/2MB/3.jpg,catalog/dhriti-peach-pattu-pavadai/04.webp,http://localhost:8000/static/uploads/products/catalog/dhriti-peach-pattu-pavadai/04.webp
dhriti-peach-pattu-pavadai,4,false,/Users/parthkaswala/Desktop/Amzira_Inventory/444-Pratik_mor_2/3/2MB/4.jpg,catalog/dhriti-peach-pattu-pavadai/05.webp,http://localhost:8000/static/uploads/products/catalog/dhriti-peach-pattu-pavadai/05.webp
eesha-navy-pattu-pavadai,0,true,/Users/parthkaswala/Desktop/Amzira_Inventory/444-Pratik_mor_2/4/2MB/1.jpg,catalog/eesha-navy-pattu-pavadai/01.webp,http://localhost:8000/static/uploads/products/catalog/eesha-navy-pattu-pavadai/01.webp
eesha-navy-pattu-pavadai,1,false,/Users/parthkaswala/Desktop/Amzira_Inventory/444-Pratik_mor_2/4/2MB/KLC-NVY-NVY-PEACOCKJAQ-00-0413.jpg,catalog/eesha-navy-pattu-pavadai/02.webp,http://localhost:8000/static/uploads/products/catalog/eesha-navy-pattu-pavadai/02.webp
eesha-navy-pattu-pavadai,2,false,/Users/parthkaswala/Desktop/Amzira_Inventory/444-Pratik_mor_2/4/2MB/2.jpg,catalog/eesha-navy-pattu-pavadai/03.webp,http://localhost:8000/static/uploads/products/catalog/eesha-navy-pattu-pavadai/03.webp
eesha-navy-pattu-pavadai,3,false,/Users/parthkaswala/Desktop/Amzira_Inventory/444-Pratik_mor_2/4/2MB/3.jpg,catalog/eesha-navy-pattu-pavadai/04.webp,http://localhost:8000/static/uploads/products/catalog/eesha-navy-pattu-pavadai/04.webp
eesha-navy-pattu-pavadai,4,false,/Users/parthkaswala/Desktop/Amzira_Inventory/444-Pratik_mor_2/4/2MB/4.jpg,catalog/eesha-navy-pattu-pavadai/05.webp,http://localhost:8000/static/uploads/products/catalog/eesha-navy-pattu-pavadai/05.webp
elina-rani-pink-pattu-pavadai,0,true,/Users/parthkaswala/Desktop/Amzira_Inventory/444-Pratik_mor_2/5/2MB/1.jpg,catalog/elina-rani-pink-pattu-pavadai/01.webp,http://localhost:8000/static/uploads/products/catalog/elina-rani-pink-pattu-pavadai/01.webp
elina-rani-pink-pattu-pavadai,1,false,/Users/parthkaswala/Desktop/Amzira_Inventory/444-Pratik_mor_2/5/2MB/KLC-RPK-RPK-PEACOCKJAQ-00-0414.jpg,catalog/elina-rani-pink-pattu-pavadai/02.webp,http://localhost:8000/static/uploads/products/catalog/elina-rani-pink-pattu-pavadai/02.webp
elina-rani-pink-pattu-pavadai,2,false,/Users/parthkaswala/Desktop/Amzira_Inventory/444-Pratik_mor_2/5/2MB/2.jpg,catalog/elina-rani-pink-pattu-pavadai/03.webp,http://localhost:8000/static/uploads/products/catalog/elina-rani-pink-pattu-pavadai/03.webp
elina-rani-pink-pattu-pavadai,3,false,/Users/parthkaswala/Desktop/Amzira_Inventory/444-Pratik_mor_2/5/2MB/3.jpg,catalog/elina-rani-pink-pattu-pavadai/04.webp,http://localhost:8000/static/uploads/products/catalog/elina-rani-pink-pattu-pavadai/04.webp
elina-rani-pink-pattu-pavadai,4,false,/Users/parthkaswala/Desktop/Amzira_Inventory/444-Pratik_mor_2/5/2MB/4.jpg,catalog/elina-rani-pink-pattu-pavadai/05.webp,http://localhost:8000/static/uploads/products/catalog/elina-rani-pink-pattu-pavadai/05.webp
iha-light-green-pattu-pavadai,0,true,/Users/parthkaswala/Desktop/Amzira_Inventory/444-Pratik_mor_2/6/2MB/1.jpg,catalog/iha-light-green-pattu-pavadai/01.webp,http://localhost:8000/static/uploads/products/catalog/iha-light-green-pattu-pavadai/01.webp
iha-light-green-pattu-pavadai,1,false,/Users/parthkaswala/Desktop/Amzira_Inventory/444-Pratik_mor_2/6/2MB/KLC-LGN-LGN-PEACOCKJAQ-00-0415.jpg,catalog/iha-light-green-pattu-pavadai/02.webp,http://localhost:8000/static/uploads/products/catalog/iha-light-green-pattu-pavadai/02.webp
iha-light-green-pattu-pavadai,2,false,/Users/parthkaswala/Desktop/Amzira_Inventory/444-Pratik_mor_2/6/2MB/2.jpg,catalog/iha-light-green-pattu-pavadai/03.webp,http://localhost:8000/static/uploads/products/catalog/iha-light-green-pattu-pavadai/03.webp
iha-light-green-pattu-pavadai,3,false,/Users/parthkaswala/Desktop/Amzira_Inventory/444-Pratik_mor_2/6/2MB/3.jpg,catalog/iha-light-green-pattu-pavadai/04.webp,http://localhost:8000/static/uploads/products/catalog/iha-light-green-pattu-pavadai/04.webp
iha-light-green-pattu-pavadai,4,false,/Users/parthkaswala/Desktop/Amzira_Inventory/444-Pratik_mor_2/6/2MB/4.jpg,catalog/iha-light-green-pattu-pavadai/05.webp,http://localhost:8000/static/uploads/products/catalog/iha-light-green-pattu-pavadai/05.webp
inaaya-baby-pink-pattu-pavadai,0,true,/Users/parthkaswala/Desktop/Amzira_Inventory/444-Pratik_mor_2/7/2MB/1.jpg,catalog/inaaya-baby-pink-pattu-pavadai/01.webp,http://localhost:8000/static/uploads/products/catalog/inaaya-baby-pink-pattu-pavadai/01.webp
inaaya-baby-pink-pattu-pavadai,1,false,/Users/parthkaswala/Desktop/Amzira_Inventory/444-Pratik_mor_2/7/2MB/KLC-BPK-BPK-PEACOCKJAQ-00-0416.jpg,catalog/inaaya-baby-pink-pattu-pavadai/02.webp,http://localhost:8000/static/uploads/products/catalog/inaaya-baby-pink-pattu-pavadai/02.webp
inaaya-baby-pink-pattu-pavadai,2,false,/Users/parthkaswala/Desktop/Amzira_Inventory/444-Pratik_mor_2/7/2MB/2.jpg,catalog/inaaya-baby-pink-pattu-pavadai/03.webp,http://localhost:8000/static/uploads/products/catalog/inaaya-baby-pink-pattu-pavadai/03.webp
inaaya-baby-pink-pattu-pavadai,3,false,/Users/parthkaswala/Desktop/Amzira_Inventory/444-Pratik_mor_2/7/2MB/3.jpg,catalog/inaaya-baby-pink-pattu-pavadai/04.webp,http://localhost:8000/static/uploads/products/catalog/inaaya-baby-pink-pattu-pavadai/04.webp
inaaya-baby-pink-pattu-pavadai,4,false,/Users/parthkaswala/Desktop/Amzira_Inventory/444-Pratik_mor_2/7/2MB/4.jpg,catalog/inaaya-baby-pink-pattu-pavadai/05.webp,http://localhost:8000/static/uploads/products/catalog/inaaya-baby-pink-pattu-pavadai/05.webp
ishita-maroon-pattu-pavadai,0,true,/Users/parthkaswala/Desktop/Amzira_Inventory/444-Pratik_mor_2/8/417/1.jpg,catalog/ishita-maroon-pattu-pavadai/01.webp,http://localhost:8000/static/uploads/products/catalog/ishita-maroon-pattu-pavadai/01.webp
ishita-maroon-pattu-pavadai,1,false,/Users/parthkaswala/Desktop/Amzira_Inventory/444-Pratik_mor_2/8/417/KLC-MRN-MRN-PEACOCKJAQ-00-0417.jpg,catalog/ishita-maroon-pattu-pavadai/02.webp,http://localhost:8000/static/uploads/products/catalog/ishita-maroon-pattu-pavadai/02.webp
ishita-maroon-pattu-pavadai,2,false,/Users/parthkaswala/Desktop/Amzira_Inventory/444-Pratik_mor_2/8/417/2.jpg,catalog/ishita-maroon-pattu-pavadai/03.webp,http://localhost:8000/static/uploads/products/catalog/ishita-maroon-pattu-pavadai/03.webp
ishita-maroon-pattu-pavadai,3,false,/Users/parthkaswala/Desktop/Amzira_Inventory/444-Pratik_mor_2/8/417/3.jpg,catalog/ishita-maroon-pattu-pavadai/04.webp,http://localhost:8000/static/uploads/products/catalog/ishita-maroon-pattu-pavadai/04.webp
ishita-maroon-pattu-pavadai,4,false,/Users/parthkaswala/Desktop/Amzira_Inventory/444-Pratik_mor_2/8/417/4.jpg,catalog/ishita-maroon-pattu-pavadai/05.webp,http://localhost:8000/static/uploads/products/catalog/ishita-maroon-pattu-pavadai/05.webp
jivika-red-pattu-pavadai,0,true,/Users/parthkaswala/Desktop/Amzira_Inventory/444-Pratik_mor_2/9/2MB/1.jpg,catalog/jivika-red-pattu-pavadai/01.webp,http://localhost:8000/static/uploads/products/catalog/jivika-red-pattu-pavadai/01.webp
jivika-red-pattu-pavadai,1,false,/Users/parthkaswala/Desktop/Amzira_Inventory/444-Pratik_mor_2/9/2MB/KLC-RED-RED-PEACOCKJAQ-00-0418.jpg,catalog/jivika-red-pattu-pavadai/02.webp,http://localhost:8000/static/uploads/products/catalog/jivika-red-pattu-pavadai/02.webp
jivika-red-pattu-pavadai,2,false,/Users/parthkaswala/Desktop/Amzira_Inventory/444-Pratik_mor_2/9/2MB/2.jpg,catalog/jivika-red-pattu-pavadai/03.webp,http://localhost:8000/static/uploads/products/catalog/jivika-red-pattu-pavadai/03.webp
jivika-red-pattu-pavadai,3,false,/Users/parthkaswala/Desktop/Amzira_Inventory/444-Pratik_mor_2/9/2MB/3.jpg,catalog/jivika-red-pattu-pavadai/04.webp,http://localhost:8000/static/uploads/products/catalog/jivika-red-pattu-pavadai/04.webp
jivika-red-pattu-pavadai,4,false,/Users/parthkaswala/Desktop/Amzira_Inventory/444-Pratik_mor_2/9/2MB/4.jpg,catalog/jivika-red-pattu-pavadai/05.webp,http://localhost:8000/static/uploads/products/catalog/jivika-red-pattu-pavadai/05.webp
kaira-teal-pattu-pavadai,0,true,/Users/parthkaswala/Desktop/Amzira_Inventory/444-Pratik_mor_2/10/2MB/1.jpg,catalog/kaira-teal-pattu-pavadai/01.webp,http://localhost:8000/static/uploads/products/catalog/kaira-teal-pattu-pavadai/01.webp
kaira-teal-pattu-pavadai,1,false,/Users/parthkaswala/Desktop/Amzira_Inventory/444-Pratik_mor_2/10/2MB/KLC-TEL-TEL-PEACOCKJAQ-00-0419.jpg,catalog/kaira-teal-pattu-pavadai/02.webp,http://localhost:8000/static/uploads/products/catalog/kaira-teal-pattu-pavadai/02.webp
kaira-teal-pattu-pavadai,2,false,/Users/parthkaswala/Desktop/Amzira_Inventory/444-Pratik_mor_2/10/2MB/2.jpg,catalog/kaira-teal-pattu-pavadai/03.webp,http://localhost:8000/static/uploads/products/catalog/kaira-teal-pattu-pavadai/03.webp
kaira-teal-pattu-pavadai,3,false,/Users/parthkaswala/Desktop/Amzira_Inventory/444-Pratik_mor_2/10/2MB/3.jpg,catalog/kaira-teal-pattu-pavadai/04.webp,http://localhost:8000/static/uploads/products/catalog/kaira-teal-pattu-pavadai/04.webp
kaira-teal-pattu-pavadai,4,false,/Users/parthkaswala/Desktop/Amzira_Inventory/444-Pratik_mor_2/10/2MB/4.jpg,catalog/kaira-teal-pattu-pavadai/05.webp,http://localhost:8000/static/uploads/products/catalog/kaira-teal-pattu-pavadai/05.webp
kashvi-mint-pattu-pavadai,0,true,/Users/parthkaswala/Desktop/Amzira_Inventory/444-Pratik_mor_2/11/2MB/1.jpg,catalog/kashvi-mint-pattu-pavadai/01.webp,http://localhost:8000/static/uploads/products/catalog/kashvi-mint-pattu-pavadai/01.webp
kashvi-mint-pattu-pavadai,1,false,/Users/parthkaswala/Desktop/Amzira_Inventory/444-Pratik_mor_2/11/2MB/KLC-MINT-MINT-PEACOCKJAQ-00-0420.jpg,catalog/kashvi-mint-pattu-pavadai/02.webp,http://localhost:8000/static/uploads/products/catalog/kashvi-mint-pattu-pavadai/02.webp
kashvi-mint-pattu-pavadai,2,false,/Users/parthkaswala/Desktop/Amzira_Inventory/444-Pratik_mor_2/11/2MB/2.jpg,catalog/kashvi-mint-pattu-pavadai/03.webp,http://localhost:8000/static/uploads/products/catalog/kashvi-mint-pattu-pavadai/03.webp
kashvi-mint-pattu-pavadai,3,false,/Users/parthkaswala/Desktop/Amzira_Inventory/444-Pratik_mor_2/11/2MB/3.jpg,catalog/kashvi-mint-pattu-pavadai/04.webp,http://localhost:8000/static/uploads/products/catalog/kashvi-mint-pattu-pavadai/04.webp
kashvi-mint-pattu-pavadai,4,false,/Users/parthkaswala/Desktop/Amzira_Inventory/444-Pratik_mor_2/11/2MB/4.jpg,catalog/kashvi-mint-pattu-pavadai/05.webp,http://localhost:8000/static/uploads/products/catalog/kashvi-mint-pattu-pavadai/05.webp
keya-yellow-pattu-pavadai,0,true,/Users/parthkaswala/Desktop/Amzira_Inventory/444-Pratik_mor_2/12/2MB/1.jpg,catalog/keya-yellow-pattu-pavadai/01.webp,http://localhost:8000/static/uploads/products/catalog/keya-yellow-pattu-pavadai/01.webp
keya-yellow-pattu-pavadai,1,false,/Users/parthkaswala/Desktop/Amzira_Inventory/444-Pratik_mor_2/12/2MB/KLC-YLW-YLW-PEACOCKJAQ-00-0422.jpg,catalog/keya-yellow-pattu-pavadai/02.webp,http://localhost:8000/static/uploads/products/catalog/keya-yellow-pattu-pavadai/02.webp
keya-yellow-pattu-pavadai,2,false,/Users/parthkaswala/Desktop/Amzira_Inventory/444-Pratik_mor_2/12/2MB/2.jpg,catalog/keya-yellow-pattu-pavadai/03.webp,http://localhost:8000/static/uploads/products/catalog/keya-yellow-pattu-pavadai/03.webp
keya-yellow-pattu-pavadai,3,false,/Users/parthkaswala/Desktop/Amzira_Inventory/444-Pratik_mor_2/12/2MB/3.jpg,catalog/keya-yellow-pattu-pavadai/04.webp,http://localhost:8000/static/uploads/products/catalog/keya-yellow-pattu-pavadai/04.webp
krisha-heritage-multi-pattu-pavadai,0,true,/Users/parthkaswala/Desktop/Amzira_Inventory/445-Pratik_Piramit/1/2MB/1.jpg,catalog/krisha-heritage-multi-pattu-pavadai/01.webp,http://localhost:8000/static/uploads/products/catalog/krisha-heritage-multi-pattu-pavadai/01.webp
krisha-heritage-multi-pattu-pavadai,1,false,/Users/parthkaswala/Desktop/Amzira_Inventory/445-Pratik_Piramit/1/2MB/2.jpg,catalog/krisha-heritage-multi-pattu-pavadai/02.webp,http://localhost:8000/static/uploads/products/catalog/krisha-heritage-multi-pattu-pavadai/02.webp
krisha-heritage-multi-pattu-pavadai,2,false,/Users/parthkaswala/Desktop/Amzira_Inventory/445-Pratik_Piramit/1/2MB/3.jpg,catalog/krisha-heritage-multi-pattu-pavadai/03.webp,http://localhost:8000/static/uploads/products/catalog/krisha-heritage-multi-pattu-pavadai/03.webp
krisha-heritage-multi-pattu-pavadai,3,false,/Users/parthkaswala/Desktop/Amzira_Inventory/445-Pratik_Piramit/1/2MB/4.jpg,catalog/krisha-heritage-multi-pattu-pavadai/04.webp,http://localhost:8000/static/uploads/products/catalog/krisha-heritage-multi-pattu-pavadai/04.webp
krisha-heritage-multi-pattu-pavadai,4,false,/Users/parthkaswala/Desktop/Amzira_Inventory/445-Pratik_Piramit/1/2MB/5.jpg,catalog/krisha-heritage-multi-pattu-pavadai/05.webp,http://localhost:8000/static/uploads/products/catalog/krisha-heritage-multi-pattu-pavadai/05.webp
krisha-heritage-multi-pattu-pavadai,5,false,/Users/parthkaswala/Desktop/Amzira_Inventory/445-Pratik_Piramit/1/2MB/6.jpg,catalog/krisha-heritage-multi-pattu-pavadai/06.webp,http://localhost:8000/static/uploads/products/catalog/krisha-heritage-multi-pattu-pavadai/06.webp
larisa-heritage-multi-pattu-pavadai,0,true,/Users/parthkaswala/Desktop/Amzira_Inventory/445-Pratik_Piramit/2/New folder/1.jpg,catalog/larisa-heritage-multi-pattu-pavadai/01.webp,http://localhost:8000/static/uploads/products/catalog/larisa-heritage-multi-pattu-pavadai/01.webp
larisa-heritage-multi-pattu-pavadai,1,false,/Users/parthkaswala/Desktop/Amzira_Inventory/445-Pratik_Piramit/2/New folder/2.jpg,catalog/larisa-heritage-multi-pattu-pavadai/02.webp,http://localhost:8000/static/uploads/products/catalog/larisa-heritage-multi-pattu-pavadai/02.webp
larisa-heritage-multi-pattu-pavadai,2,false,/Users/parthkaswala/Desktop/Amzira_Inventory/445-Pratik_Piramit/2/New folder/3.jpg,catalog/larisa-heritage-multi-pattu-pavadai/03.webp,http://localhost:8000/static/uploads/products/catalog/larisa-heritage-multi-pattu-pavadai/03.webp
larisa-heritage-multi-pattu-pavadai,3,false,/Users/parthkaswala/Desktop/Amzira_Inventory/445-Pratik_Piramit/2/New folder/4.jpg,catalog/larisa-heritage-multi-pattu-pavadai/04.webp,http://localhost:8000/static/uploads/products/catalog/larisa-heritage-multi-pattu-pavadai/04.webp
larisa-heritage-multi-pattu-pavadai,4,false,/Users/parthkaswala/Desktop/Amzira_Inventory/445-Pratik_Piramit/2/New folder/5.jpg,catalog/larisa-heritage-multi-pattu-pavadai/05.webp,http://localhost:8000/static/uploads/products/catalog/larisa-heritage-multi-pattu-pavadai/05.webp
larisa-heritage-multi-pattu-pavadai,5,false,/Users/parthkaswala/Desktop/Amzira_Inventory/445-Pratik_Piramit/2/New folder/6.jpg,catalog/larisa-heritage-multi-pattu-pavadai/06.webp,http://localhost:8000/static/uploads/products/catalog/larisa-heritage-multi-pattu-pavadai/06.webp
mahika-heritage-multi-pattu-pavadai,0,true,/Users/parthkaswala/Desktop/Amzira_Inventory/445-Pratik_Piramit/3/2MB/1.jpg,catalog/mahika-heritage-multi-pattu-pavadai/01.webp,http://localhost:8000/static/uploads/products/catalog/mahika-heritage-multi-pattu-pavadai/01.webp
mahika-heritage-multi-pattu-pavadai,1,false,/Users/parthkaswala/Desktop/Amzira_Inventory/445-Pratik_Piramit/3/2MB/2.jpg,catalog/mahika-heritage-multi-pattu-pavadai/02.webp,http://localhost:8000/static/uploads/products/catalog/mahika-heritage-multi-pattu-pavadai/02.webp
mahika-heritage-multi-pattu-pavadai,2,false,/Users/parthkaswala/Desktop/Amzira_Inventory/445-Pratik_Piramit/3/2MB/3.jpg,catalog/mahika-heritage-multi-pattu-pavadai/03.webp,http://localhost:8000/static/uploads/products/catalog/mahika-heritage-multi-pattu-pavadai/03.webp
mahika-heritage-multi-pattu-pavadai,3,false,/Users/parthkaswala/Desktop/Amzira_Inventory/445-Pratik_Piramit/3/2MB/4.jpg,catalog/mahika-heritage-multi-pattu-pavadai/04.webp,http://localhost:8000/static/uploads/products/catalog/mahika-heritage-multi-pattu-pavadai/04.webp
mahika-heritage-multi-pattu-pavadai,4,false,/Users/parthkaswala/Desktop/Amzira_Inventory/445-Pratik_Piramit/3/2MB/5.jpg,catalog/mahika-heritage-multi-pattu-pavadai/05.webp,http://localhost:8000/static/uploads/products/catalog/mahika-heritage-multi-pattu-pavadai/05.webp
mahika-heritage-multi-pattu-pavadai,5,false,/Users/parthkaswala/Desktop/Amzira_Inventory/445-Pratik_Piramit/3/2MB/6.jpg,catalog/mahika-heritage-multi-pattu-pavadai/06.webp,http://localhost:8000/static/uploads/products/catalog/mahika-heritage-multi-pattu-pavadai/06.webp
mira-heritage-multi-pattu-pavadai,0,true,/Users/parthkaswala/Desktop/Amzira_Inventory/445-Pratik_Piramit/4/2MB/1.jpg,catalog/mira-heritage-multi-pattu-pavadai/01.webp,http://localhost:8000/static/uploads/products/catalog/mira-heritage-multi-pattu-pavadai/01.webp
mira-heritage-multi-pattu-pavadai,1,false,/Users/parthkaswala/Desktop/Amzira_Inventory/445-Pratik_Piramit/4/2MB/2.jpg,catalog/mira-heritage-multi-pattu-pavadai/02.webp,http://localhost:8000/static/uploads/products/catalog/mira-heritage-multi-pattu-pavadai/02.webp
mira-heritage-multi-pattu-pavadai,2,false,/Users/parthkaswala/Desktop/Amzira_Inventory/445-Pratik_Piramit/4/2MB/3.jpg,catalog/mira-heritage-multi-pattu-pavadai/03.webp,http://localhost:8000/static/uploads/products/catalog/mira-heritage-multi-pattu-pavadai/03.webp
mira-heritage-multi-pattu-pavadai,3,false,/Users/parthkaswala/Desktop/Amzira_Inventory/445-Pratik_Piramit/4/2MB/4.jpg,catalog/mira-heritage-multi-pattu-pavadai/04.webp,http://localhost:8000/static/uploads/products/catalog/mira-heritage-multi-pattu-pavadai/04.webp
mira-heritage-multi-pattu-pavadai,4,false,/Users/parthkaswala/Desktop/Amzira_Inventory/445-Pratik_Piramit/4/2MB/5.jpg,catalog/mira-heritage-multi-pattu-pavadai/05.webp,http://localhost:8000/static/uploads/products/catalog/mira-heritage-multi-pattu-pavadai/05.webp
mira-heritage-multi-pattu-pavadai,5,false,/Users/parthkaswala/Desktop/Amzira_Inventory/445-Pratik_Piramit/4/2MB/6.jpg,catalog/mira-heritage-multi-pattu-pavadai/06.webp,http://localhost:8000/static/uploads/products/catalog/mira-heritage-multi-pattu-pavadai/06.webp
mishka-heritage-multi-pattu-pavadai,0,true,/Users/parthkaswala/Desktop/Amzira_Inventory/445-Pratik_Piramit/5/2MB/1.jpg,catalog/mishka-heritage-multi-pattu-pavadai/01.webp,http://localhost:8000/static/uploads/products/catalog/mishka-heritage-multi-pattu-pavadai/01.webp
mishka-heritage-multi-pattu-pavadai,1,false,/Users/parthkaswala/Desktop/Amzira_Inventory/445-Pratik_Piramit/5/2MB/2.jpg,catalog/mishka-heritage-multi-pattu-pavadai/02.webp,http://localhost:8000/static/uploads/products/catalog/mishka-heritage-multi-pattu-pavadai/02.webp
mishka-heritage-multi-pattu-pavadai,2,false,/Users/parthkaswala/Desktop/Amzira_Inventory/445-Pratik_Piramit/5/2MB/3.jpg,catalog/mishka-heritage-multi-pattu-pavadai/03.webp,http://localhost:8000/static/uploads/products/catalog/mishka-heritage-multi-pattu-pavadai/03.webp
mishka-heritage-multi-pattu-pavadai,3,false,/Users/parthkaswala/Desktop/Amzira_Inventory/445-Pratik_Piramit/5/2MB/4.jpg,catalog/mishka-heritage-multi-pattu-pavadai/04.webp,http://localhost:8000/static/uploads/products/catalog/mishka-heritage-multi-pattu-pavadai/04.webp
mishka-heritage-multi-pattu-pavadai,4,false,/Users/parthkaswala/Desktop/Amzira_Inventory/445-Pratik_Piramit/5/2MB/5.jpg,catalog/mishka-heritage-multi-pattu-pavadai/05.webp,http://localhost:8000/static/uploads/products/catalog/mishka-heritage-multi-pattu-pavadai/05.webp
mishka-heritage-multi-pattu-pavadai,5,false,/Users/parthkaswala/Desktop/Amzira_Inventory/445-Pratik_Piramit/5/2MB/6.jpg,catalog/mishka-heritage-multi-pattu-pavadai/06.webp,http://localhost:8000/static/uploads/products/catalog/mishka-heritage-multi-pattu-pavadai/06.webp
naisha-heritage-multi-pattu-pavadai,0,true,/Users/parthkaswala/Desktop/Amzira_Inventory/445-Pratik_Piramit/8/2MB/1.jpg,catalog/naisha-heritage-multi-pattu-pavadai/01.webp,http://localhost:8000/static/uploads/products/catalog/naisha-heritage-multi-pattu-pavadai/01.webp
naisha-heritage-multi-pattu-pavadai,1,false,/Users/parthkaswala/Desktop/Amzira_Inventory/445-Pratik_Piramit/8/2MB/2.jpg,catalog/naisha-heritage-multi-pattu-pavadai/02.webp,http://localhost:8000/static/uploads/products/catalog/naisha-heritage-multi-pattu-pavadai/02.webp
naisha-heritage-multi-pattu-pavadai,2,false,/Users/parthkaswala/Desktop/Amzira_Inventory/445-Pratik_Piramit/8/2MB/3.jpg,catalog/naisha-heritage-multi-pattu-pavadai/03.webp,http://localhost:8000/static/uploads/products/catalog/naisha-heritage-multi-pattu-pavadai/03.webp
naisha-heritage-multi-pattu-pavadai,3,false,/Users/parthkaswala/Desktop/Amzira_Inventory/445-Pratik_Piramit/8/4.jpeg,catalog/naisha-heritage-multi-pattu-pavadai/04.webp,http://localhost:8000/static/uploads/products/catalog/naisha-heritage-multi-pattu-pavadai/04.webp
naisha-heritage-multi-pattu-pavadai,4,false,/Users/parthkaswala/Desktop/Amzira_Inventory/445-Pratik_Piramit/8/2MB/5.jpg,catalog/naisha-heritage-multi-pattu-pavadai/05.webp,http://localhost:8000/static/uploads/products/catalog/naisha-heritage-multi-pattu-pavadai/05.webp
naisha-heritage-multi-pattu-pavadai,5,false,/Users/parthkaswala/Desktop/Amzira_Inventory/445-Pratik_Piramit/8/2MB/6.jpg,catalog/naisha-heritage-multi-pattu-pavadai/06.webp,http://localhost:8000/static/uploads/products/catalog/naisha-heritage-multi-pattu-pavadai/06.webp
navika-heritage-multi-pattu-pavadai,0,true,/Users/parthkaswala/Desktop/Amzira_Inventory/445-Pratik_Piramit/9/2MB/1.jpg,catalog/navika-heritage-multi-pattu-pavadai/01.webp,http://localhost:8000/static/uploads/products/catalog/navika-heritage-multi-pattu-pavadai/01.webp
navika-heritage-multi-pattu-pavadai,1,false,/Users/parthkaswala/Desktop/Amzira_Inventory/445-Pratik_Piramit/9/2MB/2.jpg,catalog/navika-heritage-multi-pattu-pavadai/02.webp,http://localhost:8000/static/uploads/products/catalog/navika-heritage-multi-pattu-pavadai/02.webp
navika-heritage-multi-pattu-pavadai,2,false,/Users/parthkaswala/Desktop/Amzira_Inventory/445-Pratik_Piramit/9/2MB/3.jpg,catalog/navika-heritage-multi-pattu-pavadai/03.webp,http://localhost:8000/static/uploads/products/catalog/navika-heritage-multi-pattu-pavadai/03.webp
navika-heritage-multi-pattu-pavadai,3,false,/Users/parthkaswala/Desktop/Amzira_Inventory/445-Pratik_Piramit/9/2MB/4.jpg,catalog/navika-heritage-multi-pattu-pavadai/04.webp,http://localhost:8000/static/uploads/products/catalog/navika-heritage-multi-pattu-pavadai/04.webp
navika-heritage-multi-pattu-pavadai,4,false,/Users/parthkaswala/Desktop/Amzira_Inventory/445-Pratik_Piramit/9/2MB/5.jpg,catalog/navika-heritage-multi-pattu-pavadai/05.webp,http://localhost:8000/static/uploads/products/catalog/navika-heritage-multi-pattu-pavadai/05.webp
navika-heritage-multi-pattu-pavadai,5,false,/Users/parthkaswala/Desktop/Amzira_Inventory/445-Pratik_Piramit/9/2MB/6.jpg,catalog/navika-heritage-multi-pattu-pavadai/06.webp,http://localhost:8000/static/uploads/products/catalog/navika-heritage-multi-pattu-pavadai/06.webp
neysa-heritage-multi-pattu-pavadai,0,true,/Users/parthkaswala/Desktop/Amzira_Inventory/445-Pratik_Piramit/10/2MB/1.jpg,catalog/neysa-heritage-multi-pattu-pavadai/01.webp,http://localhost:8000/static/uploads/products/catalog/neysa-heritage-multi-pattu-pavadai/01.webp
neysa-heritage-multi-pattu-pavadai,1,false,/Users/parthkaswala/Desktop/Amzira_Inventory/445-Pratik_Piramit/10/2MB/2.jpg,catalog/neysa-heritage-multi-pattu-pavadai/02.webp,http://localhost:8000/static/uploads/products/catalog/neysa-heritage-multi-pattu-pavadai/02.webp
neysa-heritage-multi-pattu-pavadai,2,false,/Users/parthkaswala/Desktop/Amzira_Inventory/445-Pratik_Piramit/10/2MB/3.jpg,catalog/neysa-heritage-multi-pattu-pavadai/03.webp,http://localhost:8000/static/uploads/products/catalog/neysa-heritage-multi-pattu-pavadai/03.webp
neysa-heritage-multi-pattu-pavadai,3,false,/Users/parthkaswala/Desktop/Amzira_Inventory/445-Pratik_Piramit/10/2MB/4.jpg,catalog/neysa-heritage-multi-pattu-pavadai/04.webp,http://localhost:8000/static/uploads/products/catalog/neysa-heritage-multi-pattu-pavadai/04.webp
neysa-heritage-multi-pattu-pavadai,4,false,/Users/parthkaswala/Desktop/Amzira_Inventory/445-Pratik_Piramit/10/2MB/5.jpg,catalog/neysa-heritage-multi-pattu-pavadai/05.webp,http://localhost:8000/static/uploads/products/catalog/neysa-heritage-multi-pattu-pavadai/05.webp
neysa-heritage-multi-pattu-pavadai,5,false,/Users/parthkaswala/Desktop/Amzira_Inventory/445-Pratik_Piramit/10/2MB/6.jpg,catalog/neysa-heritage-multi-pattu-pavadai/06.webp,http://localhost:8000/static/uploads/products/catalog/neysa-heritage-multi-pattu-pavadai/06.webp
nitya-heritage-multi-pattu-pavadai,0,true,/Users/parthkaswala/Desktop/Amzira_Inventory/445-Pratik_Piramit/11/2MB/1.jpg,catalog/nitya-heritage-multi-pattu-pavadai/01.webp,http://localhost:8000/static/uploads/products/catalog/nitya-heritage-multi-pattu-pavadai/01.webp
nitya-heritage-multi-pattu-pavadai,1,false,/Users/parthkaswala/Desktop/Amzira_Inventory/445-Pratik_Piramit/11/2MB/2.jpg,catalog/nitya-heritage-multi-pattu-pavadai/02.webp,http://localhost:8000/static/uploads/products/catalog/nitya-heritage-multi-pattu-pavadai/02.webp
nitya-heritage-multi-pattu-pavadai,2,false,/Users/parthkaswala/Desktop/Amzira_Inventory/445-Pratik_Piramit/11/2MB/3.jpg,catalog/nitya-heritage-multi-pattu-pavadai/03.webp,http://localhost:8000/static/uploads/products/catalog/nitya-heritage-multi-pattu-pavadai/03.webp
nitya-heritage-multi-pattu-pavadai,3,false,/Users/parthkaswala/Desktop/Amzira_Inventory/445-Pratik_Piramit/11/2MB/4.jpg,catalog/nitya-heritage-multi-pattu-pavadai/04.webp,http://localhost:8000/static/uploads/products/catalog/nitya-heritage-multi-pattu-pavadai/04.webp
nitya-heritage-multi-pattu-pavadai,4,false,/Users/parthkaswala/Desktop/Amzira_Inventory/445-Pratik_Piramit/11/2MB/5.jpg,catalog/nitya-heritage-multi-pattu-pavadai/05.webp,http://localhost:8000/static/uploads/products/catalog/nitya-heritage-multi-pattu-pavadai/05.webp
nitya-heritage-multi-pattu-pavadai,5,false,/Users/parthkaswala/Desktop/Amzira_Inventory/445-Pratik_Piramit/11/2MB/6.jpg,catalog/nitya-heritage-multi-pattu-pavadai/06.webp,http://localhost:8000/static/uploads/products/catalog/nitya-heritage-multi-pattu-pavadai/06.webp
ojasvi-heritage-multi-pattu-pavadai,0,true,/Users/parthkaswala/Desktop/Amzira_Inventory/445-Pratik_Piramit/12/2MB/2.jpg,catalog/ojasvi-heritage-multi-pattu-pavadai/01.webp,http://localhost:8000/static/uploads/products/catalog/ojasvi-heritage-multi-pattu-pavadai/01.webp
ojasvi-heritage-multi-pattu-pavadai,1,false,/Users/parthkaswala/Desktop/Amzira_Inventory/445-Pratik_Piramit/12/2MB/1(1).jpg,catalog/ojasvi-heritage-multi-pattu-pavadai/02.webp,http://localhost:8000/static/uploads/products/catalog/ojasvi-heritage-multi-pattu-pavadai/02.webp
ojasvi-heritage-multi-pattu-pavadai,2,false,/Users/parthkaswala/Desktop/Amzira_Inventory/445-Pratik_Piramit/12/2MB/3(1).jpg,catalog/ojasvi-heritage-multi-pattu-pavadai/03.webp,http://localhost:8000/static/uploads/products/catalog/ojasvi-heritage-multi-pattu-pavadai/03.webp
ojasvi-heritage-multi-pattu-pavadai,3,false,/Users/parthkaswala/Desktop/Amzira_Inventory/445-Pratik_Piramit/12/2MB/4(1).jpg,catalog/ojasvi-heritage-multi-pattu-pavadai/04.webp,http://localhost:8000/static/uploads/products/catalog/ojasvi-heritage-multi-pattu-pavadai/04.webp
pari-heritage-multi-pattu-pavadai,0,true,/Users/parthkaswala/Desktop/Amzira_Inventory/445-Pratik_Piramit/13/2MB/1.jpg,catalog/pari-heritage-multi-pattu-pavadai/01.webp,http://localhost:8000/static/uploads/products/catalog/pari-heritage-multi-pattu-pavadai/01.webp
pari-heritage-multi-pattu-pavadai,1,false,/Users/parthkaswala/Desktop/Amzira_Inventory/445-Pratik_Piramit/13/2MB/2.jpg,catalog/pari-heritage-multi-pattu-pavadai/02.webp,http://localhost:8000/static/uploads/products/catalog/pari-heritage-multi-pattu-pavadai/02.webp
pari-heritage-multi-pattu-pavadai,2,false,/Users/parthkaswala/Desktop/Amzira_Inventory/445-Pratik_Piramit/13/2MB/3.jpg,catalog/pari-heritage-multi-pattu-pavadai/03.webp,http://localhost:8000/static/uploads/products/catalog/pari-heritage-multi-pattu-pavadai/03.webp
pari-heritage-multi-pattu-pavadai,3,false,/Users/parthkaswala/Desktop/Amzira_Inventory/445-Pratik_Piramit/13/2MB/4.jpg,catalog/pari-heritage-multi-pattu-pavadai/04.webp,http://localhost:8000/static/uploads/products/catalog/pari-heritage-multi-pattu-pavadai/04.webp
pari-heritage-multi-pattu-pavadai,4,false,/Users/parthkaswala/Desktop/Amzira_Inventory/445-Pratik_Piramit/13/2MB/5.jpg,catalog/pari-heritage-multi-pattu-pavadai/05.webp,http://localhost:8000/static/uploads/products/catalog/pari-heritage-multi-pattu-pavadai/05.webp
pari-heritage-multi-pattu-pavadai,5,false,/Users/parthkaswala/Desktop/Amzira_Inventory/445-Pratik_Piramit/13/2MB/6.jpg,catalog/pari-heritage-multi-pattu-pavadai/06.webp,http://localhost:8000/static/uploads/products/catalog/pari-heritage-multi-pattu-pavadai/06.webp
pranavi-heritage-multi-pattu-pavadai,0,true,/Users/parthkaswala/Desktop/Amzira_Inventory/445-Pratik_Piramit/14/379/1.jpg,catalog/pranavi-heritage-multi-pattu-pavadai/01.webp,http://localhost:8000/static/uploads/products/catalog/pranavi-heritage-multi-pattu-pavadai/01.webp
pranavi-heritage-multi-pattu-pavadai,1,false,/Users/parthkaswala/Desktop/Amzira_Inventory/445-Pratik_Piramit/14/379/2.jpg,catalog/pranavi-heritage-multi-pattu-pavadai/02.webp,http://localhost:8000/static/uploads/products/catalog/pranavi-heritage-multi-pattu-pavadai/02.webp
pranavi-heritage-multi-pattu-pavadai,2,false,/Users/parthkaswala/Desktop/Amzira_Inventory/445-Pratik_Piramit/14/379/3.jpg,catalog/pranavi-heritage-multi-pattu-pavadai/03.webp,http://localhost:8000/static/uploads/products/catalog/pranavi-heritage-multi-pattu-pavadai/03.webp
pranavi-heritage-multi-pattu-pavadai,3,false,/Users/parthkaswala/Desktop/Amzira_Inventory/445-Pratik_Piramit/14/379/4.jpg,catalog/pranavi-heritage-multi-pattu-pavadai/04.webp,http://localhost:8000/static/uploads/products/catalog/pranavi-heritage-multi-pattu-pavadai/04.webp
pranavi-heritage-multi-pattu-pavadai,4,false,/Users/parthkaswala/Desktop/Amzira_Inventory/445-Pratik_Piramit/14/379/5.jpg,catalog/pranavi-heritage-multi-pattu-pavadai/05.webp,http://localhost:8000/static/uploads/products/catalog/pranavi-heritage-multi-pattu-pavadai/05.webp
raina-purple-green-koti-jacket-lehenga-choli,0,true,/Users/parthkaswala/Desktop/Amzira_Inventory/446-Pratik_Koti_Pattern/1/1.png,catalog/raina-purple-green-koti-jacket-lehenga-choli/01.webp,http://localhost:8000/static/uploads/products/catalog/raina-purple-green-koti-jacket-lehenga-choli/01.webp
raina-purple-green-koti-jacket-lehenga-choli,1,false,/Users/parthkaswala/Desktop/Amzira_Inventory/446-Pratik_Koti_Pattern/1/KLC-PUR-GRN-JAQ-KOTI-00-0421.png,catalog/raina-purple-green-koti-jacket-lehenga-choli/02.webp,http://localhost:8000/static/uploads/products/catalog/raina-purple-green-koti-jacket-lehenga-choli/02.webp
raina-purple-green-koti-jacket-lehenga-choli,2,false,/Users/parthkaswala/Desktop/Amzira_Inventory/446-Pratik_Koti_Pattern/1/2.png,catalog/raina-purple-green-koti-jacket-lehenga-choli/03.webp,http://localhost:8000/static/uploads/products/catalog/raina-purple-green-koti-jacket-lehenga-choli/03.webp
raina-purple-green-koti-jacket-lehenga-choli,3,false,/Users/parthkaswala/Desktop/Amzira_Inventory/446-Pratik_Koti_Pattern/1/3.png,catalog/raina-purple-green-koti-jacket-lehenga-choli/04.webp,http://localhost:8000/static/uploads/products/catalog/raina-purple-green-koti-jacket-lehenga-choli/04.webp
reeva-purple-pink-koti-jacket-lehenga-choli,0,true,/Users/parthkaswala/Desktop/Amzira_Inventory/446-Pratik_Koti_Pattern/2/1.png,catalog/reeva-purple-pink-koti-jacket-lehenga-choli/01.webp,http://localhost:8000/static/uploads/products/catalog/reeva-purple-pink-koti-jacket-lehenga-choli/01.webp
reeva-purple-pink-koti-jacket-lehenga-choli,1,false,/Users/parthkaswala/Desktop/Amzira_Inventory/446-Pratik_Koti_Pattern/2/KLC-PUR-PNK-JAQ-KOTI-00-0424.png,catalog/reeva-purple-pink-koti-jacket-lehenga-choli/02.webp,http://localhost:8000/static/uploads/products/catalog/reeva-purple-pink-koti-jacket-lehenga-choli/02.webp
reeva-purple-pink-koti-jacket-lehenga-choli,2,false,/Users/parthkaswala/Desktop/Amzira_Inventory/446-Pratik_Koti_Pattern/2/2.png,catalog/reeva-purple-pink-koti-jacket-lehenga-choli/03.webp,http://localhost:8000/static/uploads/products/catalog/reeva-purple-pink-koti-jacket-lehenga-choli/03.webp
reeva-purple-pink-koti-jacket-lehenga-choli,3,false,/Users/parthkaswala/Desktop/Amzira_Inventory/446-Pratik_Koti_Pattern/2/3.png,catalog/reeva-purple-pink-koti-jacket-lehenga-choli/04.webp,http://localhost:8000/static/uploads/products/catalog/reeva-purple-pink-koti-jacket-lehenga-choli/04.webp
reeva-purple-pink-koti-jacket-lehenga-choli,4,false,/Users/parthkaswala/Desktop/Amzira_Inventory/446-Pratik_Koti_Pattern/2/4.png,catalog/reeva-purple-pink-koti-jacket-lehenga-choli/05.webp,http://localhost:8000/static/uploads/products/catalog/reeva-purple-pink-koti-jacket-lehenga-choli/05.webp
riddhi-purple-teal-koti-jacket-lehenga-choli,0,true,/Users/parthkaswala/Desktop/Amzira_Inventory/446-Pratik_Koti_Pattern/3/1.png,catalog/riddhi-purple-teal-koti-jacket-lehenga-choli/01.webp,http://localhost:8000/static/uploads/products/catalog/riddhi-purple-teal-koti-jacket-lehenga-choli/01.webp
riddhi-purple-teal-koti-jacket-lehenga-choli,1,false,/Users/parthkaswala/Desktop/Amzira_Inventory/446-Pratik_Koti_Pattern/3/KLC-PUR-TEA-JAQ-KOTI-00-0425.png,catalog/riddhi-purple-teal-koti-jacket-lehenga-choli/02.webp,http://localhost:8000/static/uploads/products/catalog/riddhi-purple-teal-koti-jacket-lehenga-choli/02.webp
riddhi-purple-teal-koti-jacket-lehenga-choli,2,false,/Users/parthkaswala/Desktop/Amzira_Inventory/446-Pratik_Koti_Pattern/3/2.png,catalog/riddhi-purple-teal-koti-jacket-lehenga-choli/03.webp,http://localhost:8000/static/uploads/products/catalog/riddhi-purple-teal-koti-jacket-lehenga-choli/03.webp
riddhi-purple-teal-koti-jacket-lehenga-choli,3,false,/Users/parthkaswala/Desktop/Amzira_Inventory/446-Pratik_Koti_Pattern/3/3.png,catalog/riddhi-purple-teal-koti-jacket-lehenga-choli/04.webp,http://localhost:8000/static/uploads/products/catalog/riddhi-purple-teal-koti-jacket-lehenga-choli/04.webp
riddhi-purple-teal-koti-jacket-lehenga-choli,4,false,/Users/parthkaswala/Desktop/Amzira_Inventory/446-Pratik_Koti_Pattern/3/4.png,catalog/riddhi-purple-teal-koti-jacket-lehenga-choli/05.webp,http://localhost:8000/static/uploads/products/catalog/riddhi-purple-teal-koti-jacket-lehenga-choli/05.webp
ruhi-green-mustard-koti-jacket-lehenga-choli,0,true,/Users/parthkaswala/Desktop/Amzira_Inventory/446-Pratik_Koti_Pattern/4/1.png,catalog/ruhi-green-mustard-koti-jacket-lehenga-choli/01.webp,http://localhost:8000/static/uploads/products/catalog/ruhi-green-mustard-koti-jacket-lehenga-choli/01.webp
ruhi-green-mustard-koti-jacket-lehenga-choli,1,false,/Users/parthkaswala/Desktop/Amzira_Inventory/446-Pratik_Koti_Pattern/4/KLC-GRN-MUS-JAQ-KOTI-00-0426.png,catalog/ruhi-green-mustard-koti-jacket-lehenga-choli/02.webp,http://localhost:8000/static/uploads/products/catalog/ruhi-green-mustard-koti-jacket-lehenga-choli/02.webp
ruhi-green-mustard-koti-jacket-lehenga-choli,2,false,/Users/parthkaswala/Desktop/Amzira_Inventory/446-Pratik_Koti_Pattern/4/2.png,catalog/ruhi-green-mustard-koti-jacket-lehenga-choli/03.webp,http://localhost:8000/static/uploads/products/catalog/ruhi-green-mustard-koti-jacket-lehenga-choli/03.webp
ruhi-green-mustard-koti-jacket-lehenga-choli,3,false,/Users/parthkaswala/Desktop/Amzira_Inventory/446-Pratik_Koti_Pattern/4/3.png,catalog/ruhi-green-mustard-koti-jacket-lehenga-choli/04.webp,http://localhost:8000/static/uploads/products/catalog/ruhi-green-mustard-koti-jacket-lehenga-choli/04.webp
ruhi-green-mustard-koti-jacket-lehenga-choli,4,false,/Users/parthkaswala/Desktop/Amzira_Inventory/446-Pratik_Koti_Pattern/4/4.png,catalog/ruhi-green-mustard-koti-jacket-lehenga-choli/05.webp,http://localhost:8000/static/uploads/products/catalog/ruhi-green-mustard-koti-jacket-lehenga-choli/05.webp
saesha-blue-green-koti-jacket-lehenga-choli,0,true,/Users/parthkaswala/Desktop/Amzira_Inventory/446-Pratik_Koti_Pattern/5/1.png,catalog/saesha-blue-green-koti-jacket-lehenga-choli/01.webp,http://localhost:8000/static/uploads/products/catalog/saesha-blue-green-koti-jacket-lehenga-choli/01.webp
saesha-blue-green-koti-jacket-lehenga-choli,1,false,/Users/parthkaswala/Desktop/Amzira_Inventory/446-Pratik_Koti_Pattern/5/KLC-BLU-GRN-JAQ-KOTI-00-0427.png,catalog/saesha-blue-green-koti-jacket-lehenga-choli/02.webp,http://localhost:8000/static/uploads/products/catalog/saesha-blue-green-koti-jacket-lehenga-choli/02.webp
saesha-blue-green-koti-jacket-lehenga-choli,2,false,/Users/parthkaswala/Desktop/Amzira_Inventory/446-Pratik_Koti_Pattern/5/2.png,catalog/saesha-blue-green-koti-jacket-lehenga-choli/03.webp,http://localhost:8000/static/uploads/products/catalog/saesha-blue-green-koti-jacket-lehenga-choli/03.webp
saesha-blue-green-koti-jacket-lehenga-choli,3,false,/Users/parthkaswala/Desktop/Amzira_Inventory/446-Pratik_Koti_Pattern/5/3.png,catalog/saesha-blue-green-koti-jacket-lehenga-choli/04.webp,http://localhost:8000/static/uploads/products/catalog/saesha-blue-green-koti-jacket-lehenga-choli/04.webp
saesha-blue-green-koti-jacket-lehenga-choli,4,false,/Users/parthkaswala/Desktop/Amzira_Inventory/446-Pratik_Koti_Pattern/5/4.png,catalog/saesha-blue-green-koti-jacket-lehenga-choli/05.webp,http://localhost:8000/static/uploads/products/catalog/saesha-blue-green-koti-jacket-lehenga-choli/05.webp
samaira-mustard-dark-green-lehenga-choli,0,true,/Users/parthkaswala/Desktop/Amzira_Inventory/448-Black V/1/1.png,catalog/samaira-mustard-dark-green-lehenga-choli/01.webp,http://localhost:8000/static/uploads/products/catalog/samaira-mustard-dark-green-lehenga-choli/01.webp
samaira-mustard-dark-green-lehenga-choli,1,false,/Users/parthkaswala/Desktop/Amzira_Inventory/448-Black V/1/KLC-MST-DGN-TRD-00-0298.png,catalog/samaira-mustard-dark-green-lehenga-choli/02.webp,http://localhost:8000/static/uploads/products/catalog/samaira-mustard-dark-green-lehenga-choli/02.webp
samaira-mustard-dark-green-lehenga-choli,2,false,/Users/parthkaswala/Desktop/Amzira_Inventory/448-Black V/1/2.png,catalog/samaira-mustard-dark-green-lehenga-choli/03.webp,http://localhost:8000/static/uploads/products/catalog/samaira-mustard-dark-green-lehenga-choli/03.webp
samaira-mustard-dark-green-lehenga-choli,3,false,/Users/parthkaswala/Desktop/Amzira_Inventory/448-Black V/1/3.png,catalog/samaira-mustard-dark-green-lehenga-choli/04.webp,http://localhost:8000/static/uploads/products/catalog/samaira-mustard-dark-green-lehenga-choli/04.webp
samaira-mustard-dark-green-lehenga-choli,4,false,/Users/parthkaswala/Desktop/Amzira_Inventory/448-Black V/1/4.png,catalog/samaira-mustard-dark-green-lehenga-choli/05.webp,http://localhost:8000/static/uploads/products/catalog/samaira-mustard-dark-green-lehenga-choli/05.webp
samaira-mustard-dark-green-lehenga-choli,5,false,/Users/parthkaswala/Desktop/Amzira_Inventory/448-Black V/1/5.png,catalog/samaira-mustard-dark-green-lehenga-choli/06.webp,http://localhost:8000/static/uploads/products/catalog/samaira-mustard-dark-green-lehenga-choli/06.webp
samaira-mustard-dark-green-lehenga-choli,6,false,/Users/parthkaswala/Desktop/Amzira_Inventory/448-Black V/1/6.png,catalog/samaira-mustard-dark-green-lehenga-choli/07.webp,http://localhost:8000/static/uploads/products/catalog/samaira-mustard-dark-green-lehenga-choli/07.webp
samaira-mustard-dark-green-lehenga-choli,7,false,/Users/parthkaswala/Desktop/Amzira_Inventory/448-Black V/1/7.png,catalog/samaira-mustard-dark-green-lehenga-choli/08.webp,http://localhost:8000/static/uploads/products/catalog/samaira-mustard-dark-green-lehenga-choli/08.webp
sanaya-peach-purple-lehenga-choli,0,true,/Users/parthkaswala/Desktop/Amzira_Inventory/448-Black V/2/1.png,catalog/sanaya-peach-purple-lehenga-choli/01.webp,http://localhost:8000/static/uploads/products/catalog/sanaya-peach-purple-lehenga-choli/01.webp
sanaya-peach-purple-lehenga-choli,1,false,/Users/parthkaswala/Desktop/Amzira_Inventory/448-Black V/2/KLC-PCH-PPL-TRD-00-0299.png,catalog/sanaya-peach-purple-lehenga-choli/02.webp,http://localhost:8000/static/uploads/products/catalog/sanaya-peach-purple-lehenga-choli/02.webp
sanaya-peach-purple-lehenga-choli,2,false,/Users/parthkaswala/Desktop/Amzira_Inventory/448-Black V/2/2.png,catalog/sanaya-peach-purple-lehenga-choli/03.webp,http://localhost:8000/static/uploads/products/catalog/sanaya-peach-purple-lehenga-choli/03.webp
sanaya-peach-purple-lehenga-choli,3,false,/Users/parthkaswala/Desktop/Amzira_Inventory/448-Black V/2/3.png,catalog/sanaya-peach-purple-lehenga-choli/04.webp,http://localhost:8000/static/uploads/products/catalog/sanaya-peach-purple-lehenga-choli/04.webp
sanaya-peach-purple-lehenga-choli,4,false,/Users/parthkaswala/Desktop/Amzira_Inventory/448-Black V/2/4.png,catalog/sanaya-peach-purple-lehenga-choli/05.webp,http://localhost:8000/static/uploads/products/catalog/sanaya-peach-purple-lehenga-choli/05.webp
sanaya-peach-purple-lehenga-choli,5,false,/Users/parthkaswala/Desktop/Amzira_Inventory/448-Black V/2/5.png,catalog/sanaya-peach-purple-lehenga-choli/06.webp,http://localhost:8000/static/uploads/products/catalog/sanaya-peach-purple-lehenga-choli/06.webp
sanaya-peach-purple-lehenga-choli,6,false,/Users/parthkaswala/Desktop/Amzira_Inventory/448-Black V/2/6.png,catalog/sanaya-peach-purple-lehenga-choli/07.webp,http://localhost:8000/static/uploads/products/catalog/sanaya-peach-purple-lehenga-choli/07.webp
shanaya-red-green-lehenga-choli,0,true,/Users/parthkaswala/Desktop/Amzira_Inventory/448-Black V/3/1.png,catalog/shanaya-red-green-lehenga-choli/01.webp,http://localhost:8000/static/uploads/products/catalog/shanaya-red-green-lehenga-choli/01.webp
shanaya-red-green-lehenga-choli,1,false,/Users/parthkaswala/Desktop/Amzira_Inventory/448-Black V/3/KLC-RED-GRN-TRD-00-0300.png,catalog/shanaya-red-green-lehenga-choli/02.webp,http://localhost:8000/static/uploads/products/catalog/shanaya-red-green-lehenga-choli/02.webp
shanaya-red-green-lehenga-choli,2,false,/Users/parthkaswala/Desktop/Amzira_Inventory/448-Black V/3/2.png,catalog/shanaya-red-green-lehenga-choli/03.webp,http://localhost:8000/static/uploads/products/catalog/shanaya-red-green-lehenga-choli/03.webp
shanaya-red-green-lehenga-choli,3,false,/Users/parthkaswala/Desktop/Amzira_Inventory/448-Black V/3/4.png,catalog/shanaya-red-green-lehenga-choli/04.webp,http://localhost:8000/static/uploads/products/catalog/shanaya-red-green-lehenga-choli/04.webp
shanaya-red-green-lehenga-choli,4,false,/Users/parthkaswala/Desktop/Amzira_Inventory/448-Black V/3/5.png,catalog/shanaya-red-green-lehenga-choli/05.webp,http://localhost:8000/static/uploads/products/catalog/shanaya-red-green-lehenga-choli/05.webp
sharvi-purple-sky-blue-lehenga-choli,0,true,/Users/parthkaswala/Desktop/Amzira_Inventory/448-Black V/4/1.png,catalog/sharvi-purple-sky-blue-lehenga-choli/01.webp,http://localhost:8000/static/uploads/products/catalog/sharvi-purple-sky-blue-lehenga-choli/01.webp
sharvi-purple-sky-blue-lehenga-choli,1,false,/Users/parthkaswala/Desktop/Amzira_Inventory/448-Black V/4/KLC-PPL-SKB-TRD-00-0301.png,catalog/sharvi-purple-sky-blue-lehenga-choli/02.webp,http://localhost:8000/static/uploads/products/catalog/sharvi-purple-sky-blue-lehenga-choli/02.webp
sharvi-purple-sky-blue-lehenga-choli,2,false,/Users/parthkaswala/Desktop/Amzira_Inventory/448-Black V/4/2.png,catalog/sharvi-purple-sky-blue-lehenga-choli/03.webp,http://localhost:8000/static/uploads/products/catalog/sharvi-purple-sky-blue-lehenga-choli/03.webp
sharvi-purple-sky-blue-lehenga-choli,3,false,/Users/parthkaswala/Desktop/Amzira_Inventory/448-Black V/4/3.png,catalog/sharvi-purple-sky-blue-lehenga-choli/04.webp,http://localhost:8000/static/uploads/products/catalog/sharvi-purple-sky-blue-lehenga-choli/04.webp
sharvi-purple-sky-blue-lehenga-choli,4,false,/Users/parthkaswala/Desktop/Amzira_Inventory/448-Black V/4/4.png,catalog/sharvi-purple-sky-blue-lehenga-choli/05.webp,http://localhost:8000/static/uploads/products/catalog/sharvi-purple-sky-blue-lehenga-choli/05.webp
sharvi-purple-sky-blue-lehenga-choli,5,false,/Users/parthkaswala/Desktop/Amzira_Inventory/448-Black V/4/5.png,catalog/sharvi-purple-sky-blue-lehenga-choli/06.webp,http://localhost:8000/static/uploads/products/catalog/sharvi-purple-sky-blue-lehenga-choli/06.webp
shloka-dark-green-maroon-lehenga-choli,0,true,/Users/parthkaswala/Desktop/Amzira_Inventory/448-Black V/5/1.png,catalog/shloka-dark-green-maroon-lehenga-choli/01.webp,http://localhost:8000/static/uploads/products/catalog/shloka-dark-green-maroon-lehenga-choli/01.webp
shloka-dark-green-maroon-lehenga-choli,1,false,/Users/parthkaswala/Desktop/Amzira_Inventory/448-Black V/5/KLC-DGN-MRN-TRD-00-0302.png,catalog/shloka-dark-green-maroon-lehenga-choli/02.webp,http://localhost:8000/static/uploads/products/catalog/shloka-dark-green-maroon-lehenga-choli/02.webp
shloka-dark-green-maroon-lehenga-choli,2,false,/Users/parthkaswala/Desktop/Amzira_Inventory/448-Black V/5/2.png,catalog/shloka-dark-green-maroon-lehenga-choli/03.webp,http://localhost:8000/static/uploads/products/catalog/shloka-dark-green-maroon-lehenga-choli/03.webp
shloka-dark-green-maroon-lehenga-choli,3,false,/Users/parthkaswala/Desktop/Amzira_Inventory/448-Black V/5/3.png,catalog/shloka-dark-green-maroon-lehenga-choli/04.webp,http://localhost:8000/static/uploads/products/catalog/shloka-dark-green-maroon-lehenga-choli/04.webp
shloka-dark-green-maroon-lehenga-choli,4,false,/Users/parthkaswala/Desktop/Amzira_Inventory/448-Black V/5/5.png,catalog/shloka-dark-green-maroon-lehenga-choli/05.webp,http://localhost:8000/static/uploads/products/catalog/shloka-dark-green-maroon-lehenga-choli/05.webp
shloka-dark-green-maroon-lehenga-choli,5,false,/Users/parthkaswala/Desktop/Amzira_Inventory/448-Black V/5/6.png,catalog/shloka-dark-green-maroon-lehenga-choli/06.webp,http://localhost:8000/static/uploads/products/catalog/shloka-dark-green-maroon-lehenga-choli/06.webp
suhana-light-green-dark-green-lehenga-choli,0,true,/Users/parthkaswala/Desktop/Amzira_Inventory/448-Black V/6/1.png,catalog/suhana-light-green-dark-green-lehenga-choli/01.webp,http://localhost:8000/static/uploads/products/catalog/suhana-light-green-dark-green-lehenga-choli/01.webp
suhana-light-green-dark-green-lehenga-choli,1,false,/Users/parthkaswala/Desktop/Amzira_Inventory/448-Black V/6/KLC-LGR-DGN-TRD-00-0303.png,catalog/suhana-light-green-dark-green-lehenga-choli/02.webp,http://localhost:8000/static/uploads/products/catalog/suhana-light-green-dark-green-lehenga-choli/02.webp
suhana-light-green-dark-green-lehenga-choli,2,false,/Users/parthkaswala/Desktop/Amzira_Inventory/448-Black V/6/2.png,catalog/suhana-light-green-dark-green-lehenga-choli/03.webp,http://localhost:8000/static/uploads/products/catalog/suhana-light-green-dark-green-lehenga-choli/03.webp
suhana-light-green-dark-green-lehenga-choli,3,false,/Users/parthkaswala/Desktop/Amzira_Inventory/448-Black V/6/3.png,catalog/suhana-light-green-dark-green-lehenga-choli/04.webp,http://localhost:8000/static/uploads/products/catalog/suhana-light-green-dark-green-lehenga-choli/04.webp
suhana-light-green-dark-green-lehenga-choli,4,false,/Users/parthkaswala/Desktop/Amzira_Inventory/448-Black V/6/4.png,catalog/suhana-light-green-dark-green-lehenga-choli/05.webp,http://localhost:8000/static/uploads/products/catalog/suhana-light-green-dark-green-lehenga-choli/05.webp
suhana-light-green-dark-green-lehenga-choli,5,false,/Users/parthkaswala/Desktop/Amzira_Inventory/448-Black V/6/5.png,catalog/suhana-light-green-dark-green-lehenga-choli/06.webp,http://localhost:8000/static/uploads/products/catalog/suhana-light-green-dark-green-lehenga-choli/06.webp
suhana-light-green-dark-green-lehenga-choli,6,false,/Users/parthkaswala/Desktop/Amzira_Inventory/448-Black V/6/6.png,catalog/suhana-light-green-dark-green-lehenga-choli/07.webp,http://localhost:8000/static/uploads/products/catalog/suhana-light-green-dark-green-lehenga-choli/07.webp
tanvi-heritage-multi-lehenga-choli,0,true,/Users/parthkaswala/Desktop/Amzira_Inventory/448-Black V/7/1.png,catalog/tanvi-heritage-multi-lehenga-choli/01.webp,http://localhost:8000/static/uploads/products/catalog/tanvi-heritage-multi-lehenga-choli/01.webp
tanvi-heritage-multi-lehenga-choli,1,false,/Users/parthkaswala/Desktop/Amzira_Inventory/448-Black V/7/2.png,catalog/tanvi-heritage-multi-lehenga-choli/02.webp,http://localhost:8000/static/uploads/products/catalog/tanvi-heritage-multi-lehenga-choli/02.webp
tanvi-heritage-multi-lehenga-choli,2,false,/Users/parthkaswala/Desktop/Amzira_Inventory/448-Black V/7/3.png,catalog/tanvi-heritage-multi-lehenga-choli/03.webp,http://localhost:8000/static/uploads/products/catalog/tanvi-heritage-multi-lehenga-choli/03.webp
tanvi-heritage-multi-lehenga-choli,3,false,/Users/parthkaswala/Desktop/Amzira_Inventory/448-Black V/7/5.png,catalog/tanvi-heritage-multi-lehenga-choli/04.webp,http://localhost:8000/static/uploads/products/catalog/tanvi-heritage-multi-lehenga-choli/04.webp
tanvi-heritage-multi-lehenga-choli,4,false,/Users/parthkaswala/Desktop/Amzira_Inventory/448-Black V/7/6.png,catalog/tanvi-heritage-multi-lehenga-choli/05.webp,http://localhost:8000/static/uploads/products/catalog/tanvi-heritage-multi-lehenga-choli/05.webp
trisha-heritage-multi-lehenga-choli,0,true,/Users/parthkaswala/Desktop/Amzira_Inventory/448-Black V/8/1.png,catalog/trisha-heritage-multi-lehenga-choli/01.webp,http://localhost:8000/static/uploads/products/catalog/trisha-heritage-multi-lehenga-choli/01.webp
trisha-heritage-multi-lehenga-choli,1,false,/Users/parthkaswala/Desktop/Amzira_Inventory/448-Black V/8/2.png,catalog/trisha-heritage-multi-lehenga-choli/02.webp,http://localhost:8000/static/uploads/products/catalog/trisha-heritage-multi-lehenga-choli/02.webp
trisha-heritage-multi-lehenga-choli,2,false,/Users/parthkaswala/Desktop/Amzira_Inventory/448-Black V/8/3.png,catalog/trisha-heritage-multi-lehenga-choli/03.webp,http://localhost:8000/static/uploads/products/catalog/trisha-heritage-multi-lehenga-choli/03.webp
trisha-heritage-multi-lehenga-choli,3,false,/Users/parthkaswala/Desktop/Amzira_Inventory/448-Black V/8/4.png,catalog/trisha-heritage-multi-lehenga-choli/04.webp,http://localhost:8000/static/uploads/products/catalog/trisha-heritage-multi-lehenga-choli/04.webp
trisha-heritage-multi-lehenga-choli,4,false,/Users/parthkaswala/Desktop/Amzira_Inventory/448-Black V/8/5.png,catalog/trisha-heritage-multi-lehenga-choli/05.webp,http://localhost:8000/static/uploads/products/catalog/trisha-heritage-multi-lehenga-choli/05.webp
trisha-heritage-multi-lehenga-choli,5,false,/Users/parthkaswala/Desktop/Amzira_Inventory/448-Black V/8/6.png,catalog/trisha-heritage-multi-lehenga-choli/06.webp,http://localhost:8000/static/uploads/products/catalog/trisha-heritage-multi-lehenga-choli/06.webp
trisha-heritage-multi-lehenga-choli,6,false,/Users/parthkaswala/Desktop/Amzira_Inventory/448-Black V/8/7.png,catalog/trisha-heritage-multi-lehenga-choli/07.webp,http://localhost:8000/static/uploads/products/catalog/trisha-heritage-multi-lehenga-choli/07.webp
urvi-hot-pink-navy-lehenga-choli,0,true,/Users/parthkaswala/Desktop/Amzira_Inventory/448-Black V/10/1.png,catalog/urvi-hot-pink-navy-lehenga-choli/01.webp,http://localhost:8000/static/uploads/products/catalog/urvi-hot-pink-navy-lehenga-choli/01.webp
urvi-hot-pink-navy-lehenga-choli,1,false,/Users/parthkaswala/Desktop/Amzira_Inventory/448-Black V/10/KLC-HPK-NVY-TRD-00-0307.png,catalog/urvi-hot-pink-navy-lehenga-choli/02.webp,http://localhost:8000/static/uploads/products/catalog/urvi-hot-pink-navy-lehenga-choli/02.webp
urvi-hot-pink-navy-lehenga-choli,2,false,/Users/parthkaswala/Desktop/Amzira_Inventory/448-Black V/10/2.png,catalog/urvi-hot-pink-navy-lehenga-choli/03.webp,http://localhost:8000/static/uploads/products/catalog/urvi-hot-pink-navy-lehenga-choli/03.webp
urvi-hot-pink-navy-lehenga-choli,3,false,/Users/parthkaswala/Desktop/Amzira_Inventory/448-Black V/10/3.png,catalog/urvi-hot-pink-navy-lehenga-choli/04.webp,http://localhost:8000/static/uploads/products/catalog/urvi-hot-pink-navy-lehenga-choli/04.webp
urvi-hot-pink-navy-lehenga-choli,4,false,/Users/parthkaswala/Desktop/Amzira_Inventory/448-Black V/10/2MB/4.jpg,catalog/urvi-hot-pink-navy-lehenga-choli/05.webp,http://localhost:8000/static/uploads/products/catalog/urvi-hot-pink-navy-lehenga-choli/05.webp
urvi-hot-pink-navy-lehenga-choli,5,false,/Users/parthkaswala/Desktop/Amzira_Inventory/448-Black V/10/5.png,catalog/urvi-hot-pink-navy-lehenga-choli/06.webp,http://localhost:8000/static/uploads/products/catalog/urvi-hot-pink-navy-lehenga-choli/06.webp
urvi-hot-pink-navy-lehenga-choli,6,false,/Users/parthkaswala/Desktop/Amzira_Inventory/448-Black V/10/6.png,catalog/urvi-hot-pink-navy-lehenga-choli/07.webp,http://localhost:8000/static/uploads/products/catalog/urvi-hot-pink-navy-lehenga-choli/07.webp
veda-baby-pink-aqua-lehenga-choli,0,true,/Users/parthkaswala/Desktop/Amzira_Inventory/448-Black V/11/1.png,catalog/veda-baby-pink-aqua-lehenga-choli/01.webp,http://localhost:8000/static/uploads/products/catalog/veda-baby-pink-aqua-lehenga-choli/01.webp
veda-baby-pink-aqua-lehenga-choli,1,false,/Users/parthkaswala/Desktop/Amzira_Inventory/448-Black V/11/KLC-BPK-AQU-TRD-00-0308.png,catalog/veda-baby-pink-aqua-lehenga-choli/02.webp,http://localhost:8000/static/uploads/products/catalog/veda-baby-pink-aqua-lehenga-choli/02.webp
veda-baby-pink-aqua-lehenga-choli,2,false,/Users/parthkaswala/Desktop/Amzira_Inventory/448-Black V/11/2.png,catalog/veda-baby-pink-aqua-lehenga-choli/03.webp,http://localhost:8000/static/uploads/products/catalog/veda-baby-pink-aqua-lehenga-choli/03.webp
veda-baby-pink-aqua-lehenga-choli,3,false,/Users/parthkaswala/Desktop/Amzira_Inventory/448-Black V/11/3.png,catalog/veda-baby-pink-aqua-lehenga-choli/04.webp,http://localhost:8000/static/uploads/products/catalog/veda-baby-pink-aqua-lehenga-choli/04.webp
veda-baby-pink-aqua-lehenga-choli,4,false,/Users/parthkaswala/Desktop/Amzira_Inventory/448-Black V/11/4.png,catalog/veda-baby-pink-aqua-lehenga-choli/05.webp,http://localhost:8000/static/uploads/products/catalog/veda-baby-pink-aqua-lehenga-choli/05.webp
veda-baby-pink-aqua-lehenga-choli,5,false,/Users/parthkaswala/Desktop/Amzira_Inventory/448-Black V/11/5.png,catalog/veda-baby-pink-aqua-lehenga-choli/06.webp,http://localhost:8000/static/uploads/products/catalog/veda-baby-pink-aqua-lehenga-choli/06.webp
vedika-emerald-green-maroon-lehenga-choli,0,true,/Users/parthkaswala/Desktop/Amzira_Inventory/448-Black V/12/2MB/1.jpg,catalog/vedika-emerald-green-maroon-lehenga-choli/01.webp,http://localhost:8000/static/uploads/products/catalog/vedika-emerald-green-maroon-lehenga-choli/01.webp
vedika-emerald-green-maroon-lehenga-choli,1,false,/Users/parthkaswala/Desktop/Amzira_Inventory/448-Black V/12/2MB/KLC-EMG-MRN-TRD-00-0309.jpg,catalog/vedika-emerald-green-maroon-lehenga-choli/02.webp,http://localhost:8000/static/uploads/products/catalog/vedika-emerald-green-maroon-lehenga-choli/02.webp
vedika-emerald-green-maroon-lehenga-choli,2,false,/Users/parthkaswala/Desktop/Amzira_Inventory/448-Black V/12/2MB/2.jpg,catalog/vedika-emerald-green-maroon-lehenga-choli/03.webp,http://localhost:8000/static/uploads/products/catalog/vedika-emerald-green-maroon-lehenga-choli/03.webp
vedika-emerald-green-maroon-lehenga-choli,3,false,/Users/parthkaswala/Desktop/Amzira_Inventory/448-Black V/12/2MB/3.jpg,catalog/vedika-emerald-green-maroon-lehenga-choli/04.webp,http://localhost:8000/static/uploads/products/catalog/vedika-emerald-green-maroon-lehenga-choli/04.webp
vedika-emerald-green-maroon-lehenga-choli,4,false,/Users/parthkaswala/Desktop/Amzira_Inventory/448-Black V/12/2MB/4.jpg,catalog/vedika-emerald-green-maroon-lehenga-choli/05.webp,http://localhost:8000/static/uploads/products/catalog/vedika-emerald-green-maroon-lehenga-choli/05.webp
vedika-emerald-green-maroon-lehenga-choli,5,false,/Users/parthkaswala/Desktop/Amzira_Inventory/448-Black V/12/2MB/5.jpg,catalog/vedika-emerald-green-maroon-lehenga-choli/06.webp,http://localhost:8000/static/uploads/products/catalog/vedika-emerald-green-maroon-lehenga-choli/06.webp
viha-navy-blue-pink-lehenga-choli,0,true,/Users/parthkaswala/Desktop/Amzira_Inventory/448-Black V/13/2MB/KLC-NVY-BLU-PNK-00-0310.jpg,catalog/viha-navy-blue-pink-lehenga-choli/01.webp,http://localhost:8000/static/uploads/products/catalog/viha-navy-blue-pink-lehenga-choli/01.webp
viha-navy-blue-pink-lehenga-choli,1,false,/Users/parthkaswala/Desktop/Amzira_Inventory/448-Black V/13/2MB/3.jpg,catalog/viha-navy-blue-pink-lehenga-choli/02.webp,http://localhost:8000/static/uploads/products/catalog/viha-navy-blue-pink-lehenga-choli/02.webp
viha-navy-blue-pink-lehenga-choli,2,false,/Users/parthkaswala/Desktop/Amzira_Inventory/448-Black V/13/2MB/5.jpg,catalog/viha-navy-blue-pink-lehenga-choli/03.webp,http://localhost:8000/static/uploads/products/catalog/viha-navy-blue-pink-lehenga-choli/03.webp
yashvi-navy-maroon-lehenga-choli,0,true,/Users/parthkaswala/Desktop/Amzira_Inventory/448-Black V/14/2MB/1.jpg,catalog/yashvi-navy-maroon-lehenga-choli/01.webp,http://localhost:8000/static/uploads/products/catalog/yashvi-navy-maroon-lehenga-choli/01.webp
yashvi-navy-maroon-lehenga-choli,1,false,/Users/parthkaswala/Desktop/Amzira_Inventory/448-Black V/14/2MB/KLC-NVY-MRN-TRD-00-0311.jpg,catalog/yashvi-navy-maroon-lehenga-choli/02.webp,http://localhost:8000/static/uploads/products/catalog/yashvi-navy-maroon-lehenga-choli/02.webp
yashvi-navy-maroon-lehenga-choli,2,false,/Users/parthkaswala/Desktop/Amzira_Inventory/448-Black V/14/2MB/2.jpg,catalog/yashvi-navy-maroon-lehenga-choli/03.webp,http://localhost:8000/static/uploads/products/catalog/yashvi-navy-maroon-lehenga-choli/03.webp
yashvi-navy-maroon-lehenga-choli,3,false,/Users/parthkaswala/Desktop/Amzira_Inventory/448-Black V/14/2MB/4.jpg,catalog/yashvi-navy-maroon-lehenga-choli/04.webp,http://localhost:8000/static/uploads/products/catalog/yashvi-navy-maroon-lehenga-choli/04.webp
yashvi-navy-maroon-lehenga-choli,4,false,/Users/parthkaswala/Desktop/Amzira_Inventory/448-Black V/14/2MB/5.jpg,catalog/yashvi-navy-maroon-lehenga-choli/05.webp,http://localhost:8000/static/uploads/products/catalog/yashvi-navy-maroon-lehenga-choli/05.webp
zara-royal-blue-gold-pattu-pavadai,0,true,/Users/parthkaswala/Desktop/Amzira_Inventory/449-Pratik_Hathi/1/1.png,catalog/zara-royal-blue-gold-pattu-pavadai/01.webp,http://localhost:8000/static/uploads/products/catalog/zara-royal-blue-gold-pattu-pavadai/01.webp
zara-royal-blue-gold-pattu-pavadai,1,false,/Users/parthkaswala/Desktop/Amzira_Inventory/449-Pratik_Hathi/1/KLC-RBL-GLD-JAQ-00-0201.png,catalog/zara-royal-blue-gold-pattu-pavadai/02.webp,http://localhost:8000/static/uploads/products/catalog/zara-royal-blue-gold-pattu-pavadai/02.webp
zara-royal-blue-gold-pattu-pavadai,2,false,/Users/parthkaswala/Desktop/Amzira_Inventory/449-Pratik_Hathi/1/2.png,catalog/zara-royal-blue-gold-pattu-pavadai/03.webp,http://localhost:8000/static/uploads/products/catalog/zara-royal-blue-gold-pattu-pavadai/03.webp
zara-royal-blue-gold-pattu-pavadai,3,false,/Users/parthkaswala/Desktop/Amzira_Inventory/449-Pratik_Hathi/1/2MB/3.jpg,catalog/zara-royal-blue-gold-pattu-pavadai/04.webp,http://localhost:8000/static/uploads/products/catalog/zara-royal-blue-gold-pattu-pavadai/04.webp
zara-royal-blue-gold-pattu-pavadai,4,false,/Users/parthkaswala/Desktop/Amzira_Inventory/449-Pratik_Hathi/1/not.png,catalog/zara-royal-blue-gold-pattu-pavadai/05.webp,http://localhost:8000/static/uploads/products/catalog/zara-royal-blue-gold-pattu-pavadai/05.webp
aarna-emerald-green-gold-pattu-pavadai,0,true,/Users/parthkaswala/Desktop/Amzira_Inventory/449-Pratik_Hathi/2/1.png,catalog/aarna-emerald-green-gold-pattu-pavadai/01.webp,http://localhost:8000/static/uploads/products/catalog/aarna-emerald-green-gold-pattu-pavadai/01.webp
aarna-emerald-green-gold-pattu-pavadai,1,false,/Users/parthkaswala/Desktop/Amzira_Inventory/449-Pratik_Hathi/2/KLC-EMG-GLD-JAQ-00-0205.png,catalog/aarna-emerald-green-gold-pattu-pavadai/02.webp,http://localhost:8000/static/uploads/products/catalog/aarna-emerald-green-gold-pattu-pavadai/02.webp
aarna-emerald-green-gold-pattu-pavadai,2,false,/Users/parthkaswala/Desktop/Amzira_Inventory/449-Pratik_Hathi/2/2.png,catalog/aarna-emerald-green-gold-pattu-pavadai/03.webp,http://localhost:8000/static/uploads/products/catalog/aarna-emerald-green-gold-pattu-pavadai/03.webp
aarna-emerald-green-gold-pattu-pavadai,3,false,/Users/parthkaswala/Desktop/Amzira_Inventory/449-Pratik_Hathi/2/2MB/3.jpg,catalog/aarna-emerald-green-gold-pattu-pavadai/04.webp,http://localhost:8000/static/uploads/products/catalog/aarna-emerald-green-gold-pattu-pavadai/04.webp
aarika-purple-gold-pattu-pavadai,0,true,/Users/parthkaswala/Desktop/Amzira_Inventory/449-Pratik_Hathi/3/1.png,catalog/aarika-purple-gold-pattu-pavadai/01.webp,http://localhost:8000/static/uploads/products/catalog/aarika-purple-gold-pattu-pavadai/01.webp
aarika-purple-gold-pattu-pavadai,1,false,/Users/parthkaswala/Desktop/Amzira_Inventory/449-Pratik_Hathi/3/KLC-PPL-GLD-JAQ-00-0202.png,catalog/aarika-purple-gold-pattu-pavadai/02.webp,http://localhost:8000/static/uploads/products/catalog/aarika-purple-gold-pattu-pavadai/02.webp
aarika-purple-gold-pattu-pavadai,2,false,/Users/parthkaswala/Desktop/Amzira_Inventory/449-Pratik_Hathi/3/2.png,catalog/aarika-purple-gold-pattu-pavadai/03.webp,http://localhost:8000/static/uploads/products/catalog/aarika-purple-gold-pattu-pavadai/03.webp
aarika-purple-gold-pattu-pavadai,3,false,/Users/parthkaswala/Desktop/Amzira_Inventory/449-Pratik_Hathi/3/2MB/3.jpg,catalog/aarika-purple-gold-pattu-pavadai/04.webp,http://localhost:8000/static/uploads/products/catalog/aarika-purple-gold-pattu-pavadai/04.webp
aarika-purple-gold-pattu-pavadai,4,false,/Users/parthkaswala/Desktop/Amzira_Inventory/449-Pratik_Hathi/3/not.png,catalog/aarika-purple-gold-pattu-pavadai/05.webp,http://localhost:8000/static/uploads/products/catalog/aarika-purple-gold-pattu-pavadai/05.webp
advika-black-gold-pattu-pavadai,0,true,/Users/parthkaswala/Desktop/Amzira_Inventory/449-Pratik_Hathi/4/1.png,catalog/advika-black-gold-pattu-pavadai/01.webp,http://localhost:8000/static/uploads/products/catalog/advika-black-gold-pattu-pavadai/01.webp
advika-black-gold-pattu-pavadai,1,false,/Users/parthkaswala/Desktop/Amzira_Inventory/449-Pratik_Hathi/4/KLC-BLK-GLD-JAQ-00-0203.png,catalog/advika-black-gold-pattu-pavadai/02.webp,http://localhost:8000/static/uploads/products/catalog/advika-black-gold-pattu-pavadai/02.webp
advika-black-gold-pattu-pavadai,2,false,/Users/parthkaswala/Desktop/Amzira_Inventory/449-Pratik_Hathi/4/2.png,catalog/advika-black-gold-pattu-pavadai/03.webp,http://localhost:8000/static/uploads/products/catalog/advika-black-gold-pattu-pavadai/03.webp
advika-black-gold-pattu-pavadai,3,false,/Users/parthkaswala/Desktop/Amzira_Inventory/449-Pratik_Hathi/4/2MB/3.jpg,catalog/advika-black-gold-pattu-pavadai/04.webp,http://localhost:8000/static/uploads/products/catalog/advika-black-gold-pattu-pavadai/04.webp
anika-rani-pink-gold-pattu-pavadai,0,true,/Users/parthkaswala/Desktop/Amzira_Inventory/449-Pratik_Hathi/5/1.png,catalog/anika-rani-pink-gold-pattu-pavadai/01.webp,http://localhost:8000/static/uploads/products/catalog/anika-rani-pink-gold-pattu-pavadai/01.webp
anika-rani-pink-gold-pattu-pavadai,1,false,/Users/parthkaswala/Desktop/Amzira_Inventory/449-Pratik_Hathi/5/KLC-RPK-GLD-JAQ-00-0204.png,catalog/anika-rani-pink-gold-pattu-pavadai/02.webp,http://localhost:8000/static/uploads/products/catalog/anika-rani-pink-gold-pattu-pavadai/02.webp
anika-rani-pink-gold-pattu-pavadai,2,false,/Users/parthkaswala/Desktop/Amzira_Inventory/449-Pratik_Hathi/5/2.png,catalog/anika-rani-pink-gold-pattu-pavadai/03.webp,http://localhost:8000/static/uploads/products/catalog/anika-rani-pink-gold-pattu-pavadai/03.webp
anika-rani-pink-gold-pattu-pavadai,3,false,/Users/parthkaswala/Desktop/Amzira_Inventory/449-Pratik_Hathi/5/2MB/3.jpg,catalog/anika-rani-pink-gold-pattu-pavadai/04.webp,http://localhost:8000/static/uploads/products/catalog/anika-rani-pink-gold-pattu-pavadai/04.webp
anushka-red-gold-pattu-pavadai,0,true,/Users/parthkaswala/Desktop/Amzira_Inventory/449-Pratik_Hathi/6/1.png,catalog/anushka-red-gold-pattu-pavadai/01.webp,http://localhost:8000/static/uploads/products/catalog/anushka-red-gold-pattu-pavadai/01.webp
anushka-red-gold-pattu-pavadai,1,false,/Users/parthkaswala/Desktop/Amzira_Inventory/449-Pratik_Hathi/6/KLC-RED-GLD-JAQ-00-0206.png,catalog/anushka-red-gold-pattu-pavadai/02.webp,http://localhost:8000/static/uploads/products/catalog/anushka-red-gold-pattu-pavadai/02.webp
anushka-red-gold-pattu-pavadai,2,false,/Users/parthkaswala/Desktop/Amzira_Inventory/449-Pratik_Hathi/6/2.png,catalog/anushka-red-gold-pattu-pavadai/03.webp,http://localhost:8000/static/uploads/products/catalog/anushka-red-gold-pattu-pavadai/03.webp
anushka-red-gold-pattu-pavadai,3,false,/Users/parthkaswala/Desktop/Amzira_Inventory/449-Pratik_Hathi/6/2MB/3.jpg,catalog/anushka-red-gold-pattu-pavadai/04.webp,http://localhost:8000/static/uploads/products/catalog/anushka-red-gold-pattu-pavadai/04.webp
avni-teal-blue-gold-pattu-pavadai,0,true,/Users/parthkaswala/Desktop/Amzira_Inventory/449-Pratik_Hathi/7/1.png,catalog/avni-teal-blue-gold-pattu-pavadai/01.webp,http://localhost:8000/static/uploads/products/catalog/avni-teal-blue-gold-pattu-pavadai/01.webp
avni-teal-blue-gold-pattu-pavadai,1,false,/Users/parthkaswala/Desktop/Amzira_Inventory/449-Pratik_Hathi/7/KLC-TBL-GLD-JAQ-00-0207.png,catalog/avni-teal-blue-gold-pattu-pavadai/02.webp,http://localhost:8000/static/uploads/products/catalog/avni-teal-blue-gold-pattu-pavadai/02.webp
avni-teal-blue-gold-pattu-pavadai,2,false,/Users/parthkaswala/Desktop/Amzira_Inventory/449-Pratik_Hathi/7/2MB/2.jpg,catalog/avni-teal-blue-gold-pattu-pavadai/03.webp,http://localhost:8000/static/uploads/products/catalog/avni-teal-blue-gold-pattu-pavadai/03.webp
diya-navy-blue-gold-pattu-pavadai,0,true,/Users/parthkaswala/Desktop/Amzira_Inventory/449-Pratik_Hathi/8/1.png,catalog/diya-navy-blue-gold-pattu-pavadai/01.webp,http://localhost:8000/static/uploads/products/catalog/diya-navy-blue-gold-pattu-pavadai/01.webp
diya-navy-blue-gold-pattu-pavadai,1,false,/Users/parthkaswala/Desktop/Amzira_Inventory/449-Pratik_Hathi/8/KLC-NBL-GLD-JAQ-00-0208.png,catalog/diya-navy-blue-gold-pattu-pavadai/02.webp,http://localhost:8000/static/uploads/products/catalog/diya-navy-blue-gold-pattu-pavadai/02.webp
diya-navy-blue-gold-pattu-pavadai,2,false,/Users/parthkaswala/Desktop/Amzira_Inventory/449-Pratik_Hathi/8/2.png,catalog/diya-navy-blue-gold-pattu-pavadai/03.webp,http://localhost:8000/static/uploads/products/catalog/diya-navy-blue-gold-pattu-pavadai/03.webp
diya-navy-blue-gold-pattu-pavadai,3,false,/Users/parthkaswala/Desktop/Amzira_Inventory/449-Pratik_Hathi/8/2MB/3.jpg,catalog/diya-navy-blue-gold-pattu-pavadai/04.webp,http://localhost:8000/static/uploads/products/catalog/diya-navy-blue-gold-pattu-pavadai/04.webp
gauri-peacock-blue-gold-pattu-pavadai,0,true,/Users/parthkaswala/Desktop/Amzira_Inventory/449-Pratik_Hathi/9/1.png,catalog/gauri-peacock-blue-gold-pattu-pavadai/01.webp,http://localhost:8000/static/uploads/products/catalog/gauri-peacock-blue-gold-pattu-pavadai/01.webp
gauri-peacock-blue-gold-pattu-pavadai,1,false,/Users/parthkaswala/Desktop/Amzira_Inventory/449-Pratik_Hathi/9/KLC-PCB-GLD-JAQ-00-0209.png,catalog/gauri-peacock-blue-gold-pattu-pavadai/02.webp,http://localhost:8000/static/uploads/products/catalog/gauri-peacock-blue-gold-pattu-pavadai/02.webp
gauri-peacock-blue-gold-pattu-pavadai,2,false,/Users/parthkaswala/Desktop/Amzira_Inventory/449-Pratik_Hathi/9/2.png,catalog/gauri-peacock-blue-gold-pattu-pavadai/03.webp,http://localhost:8000/static/uploads/products/catalog/gauri-peacock-blue-gold-pattu-pavadai/03.webp
gauri-peacock-blue-gold-pattu-pavadai,3,false,/Users/parthkaswala/Desktop/Amzira_Inventory/449-Pratik_Hathi/9/2MB/3.jpg,catalog/gauri-peacock-blue-gold-pattu-pavadai/04.webp,http://localhost:8000/static/uploads/products/catalog/gauri-peacock-blue-gold-pattu-pavadai/04.webp
ira-mustard-gold-pattu-pavadai,0,true,/Users/parthkaswala/Desktop/Amzira_Inventory/449-Pratik_Hathi/10/1.png,catalog/ira-mustard-gold-pattu-pavadai/01.webp,http://localhost:8000/static/uploads/products/catalog/ira-mustard-gold-pattu-pavadai/01.webp
ira-mustard-gold-pattu-pavadai,1,false,/Users/parthkaswala/Desktop/Amzira_Inventory/449-Pratik_Hathi/10/KLC-MUS-GLD-JAQ-00-0210.png,catalog/ira-mustard-gold-pattu-pavadai/02.webp,http://localhost:8000/static/uploads/products/catalog/ira-mustard-gold-pattu-pavadai/02.webp
ira-mustard-gold-pattu-pavadai,2,false,/Users/parthkaswala/Desktop/Amzira_Inventory/449-Pratik_Hathi/10/2.png,catalog/ira-mustard-gold-pattu-pavadai/03.webp,http://localhost:8000/static/uploads/products/catalog/ira-mustard-gold-pattu-pavadai/03.webp
ira-mustard-gold-pattu-pavadai,3,false,/Users/parthkaswala/Desktop/Amzira_Inventory/449-Pratik_Hathi/10/2MB/3.jpg,catalog/ira-mustard-gold-pattu-pavadai/04.webp,http://localhost:8000/static/uploads/products/catalog/ira-mustard-gold-pattu-pavadai/04.webp
kiara-red-gold-pattu-pavadai,0,true,/Users/parthkaswala/Desktop/Amzira_Inventory/452-Pratik_Gold/1/1.png,catalog/kiara-red-gold-pattu-pavadai/01.webp,http://localhost:8000/static/uploads/products/catalog/kiara-red-gold-pattu-pavadai/01.webp
kiara-red-gold-pattu-pavadai,1,false,/Users/parthkaswala/Desktop/Amzira_Inventory/452-Pratik_Gold/1/KLC-RED-GLD-00-22.png,catalog/kiara-red-gold-pattu-pavadai/02.webp,http://localhost:8000/static/uploads/products/catalog/kiara-red-gold-pattu-pavadai/02.webp
kiara-red-gold-pattu-pavadai,2,false,/Users/parthkaswala/Desktop/Amzira_Inventory/452-Pratik_Gold/1/2.png,catalog/kiara-red-gold-pattu-pavadai/03.webp,http://localhost:8000/static/uploads/products/catalog/kiara-red-gold-pattu-pavadai/03.webp
kiara-red-gold-pattu-pavadai,3,false,/Users/parthkaswala/Desktop/Amzira_Inventory/452-Pratik_Gold/1/3.png,catalog/kiara-red-gold-pattu-pavadai/04.webp,http://localhost:8000/static/uploads/products/catalog/kiara-red-gold-pattu-pavadai/04.webp
kiara-red-gold-pattu-pavadai,4,false,/Users/parthkaswala/Desktop/Amzira_Inventory/452-Pratik_Gold/1/4.png,catalog/kiara-red-gold-pattu-pavadai/05.webp,http://localhost:8000/static/uploads/products/catalog/kiara-red-gold-pattu-pavadai/05.webp
kiara-red-gold-pattu-pavadai,5,false,/Users/parthkaswala/Desktop/Amzira_Inventory/452-Pratik_Gold/1/Kids Red Gold Lengha Choli.png,catalog/kiara-red-gold-pattu-pavadai/06.webp,http://localhost:8000/static/uploads/products/catalog/kiara-red-gold-pattu-pavadai/06.webp
kiara-red-gold-pattu-pavadai,6,false,/Users/parthkaswala/Desktop/Amzira_Inventory/452-Pratik_Gold/1/WhatsApp Image 2026-01-29 at 10.10.33 AM(1).jpeg,catalog/kiara-red-gold-pattu-pavadai/07.webp,http://localhost:8000/static/uploads/products/catalog/kiara-red-gold-pattu-pavadai/07.webp
kiara-red-gold-pattu-pavadai,7,false,/Users/parthkaswala/Desktop/Amzira_Inventory/452-Pratik_Gold/1/WhatsApp Image 2026-01-29 at 10.10.34 AM(2).jpeg,catalog/kiara-red-gold-pattu-pavadai/08.webp,http://localhost:8000/static/uploads/products/catalog/kiara-red-gold-pattu-pavadai/08.webp
mahi-sky-blue-gold-pattu-pavadai,0,true,/Users/parthkaswala/Desktop/Amzira_Inventory/452-Pratik_Gold/2/1.png,catalog/mahi-sky-blue-gold-pattu-pavadai/01.webp,http://localhost:8000/static/uploads/products/catalog/mahi-sky-blue-gold-pattu-pavadai/01.webp
mahi-sky-blue-gold-pattu-pavadai,1,false,/Users/parthkaswala/Desktop/Amzira_Inventory/452-Pratik_Gold/2/KLC-SBL-GLD-JAQ-00-0211.png,catalog/mahi-sky-blue-gold-pattu-pavadai/02.webp,http://localhost:8000/static/uploads/products/catalog/mahi-sky-blue-gold-pattu-pavadai/02.webp
mahi-sky-blue-gold-pattu-pavadai,2,false,/Users/parthkaswala/Desktop/Amzira_Inventory/452-Pratik_Gold/2/2.png,catalog/mahi-sky-blue-gold-pattu-pavadai/03.webp,http://localhost:8000/static/uploads/products/catalog/mahi-sky-blue-gold-pattu-pavadai/03.webp
meera-emerald-green-gold-pattu-pavadai,0,true,/Users/parthkaswala/Desktop/Amzira_Inventory/452-Pratik_Gold/3/1.png,catalog/meera-emerald-green-gold-pattu-pavadai/01.webp,http://localhost:8000/static/uploads/products/catalog/meera-emerald-green-gold-pattu-pavadai/01.webp
meera-emerald-green-gold-pattu-pavadai,1,false,/Users/parthkaswala/Desktop/Amzira_Inventory/452-Pratik_Gold/3/KLC-EMG-GLD-JAQ-00-0212.png,catalog/meera-emerald-green-gold-pattu-pavadai/02.webp,http://localhost:8000/static/uploads/products/catalog/meera-emerald-green-gold-pattu-pavadai/02.webp
meera-emerald-green-gold-pattu-pavadai,2,false,/Users/parthkaswala/Desktop/Amzira_Inventory/452-Pratik_Gold/3/2.png,catalog/meera-emerald-green-gold-pattu-pavadai/03.webp,http://localhost:8000/static/uploads/products/catalog/meera-emerald-green-gold-pattu-pavadai/03.webp
myra-black-gold-pattu-pavadai,0,true,/Users/parthkaswala/Desktop/Amzira_Inventory/452-Pratik_Gold/4/1.png,catalog/myra-black-gold-pattu-pavadai/01.webp,http://localhost:8000/static/uploads/products/catalog/myra-black-gold-pattu-pavadai/01.webp
myra-black-gold-pattu-pavadai,1,false,/Users/parthkaswala/Desktop/Amzira_Inventory/452-Pratik_Gold/4/KLC-BLK-GLD-JAQ-00-0213.png,catalog/myra-black-gold-pattu-pavadai/02.webp,http://localhost:8000/static/uploads/products/catalog/myra-black-gold-pattu-pavadai/02.webp
myra-black-gold-pattu-pavadai,2,false,/Users/parthkaswala/Desktop/Amzira_Inventory/452-Pratik_Gold/4/NOT (1).png,catalog/myra-black-gold-pattu-pavadai/03.webp,http://localhost:8000/static/uploads/products/catalog/myra-black-gold-pattu-pavadai/03.webp
myra-black-gold-pattu-pavadai,3,false,/Users/parthkaswala/Desktop/Amzira_Inventory/452-Pratik_Gold/4/not.png,catalog/myra-black-gold-pattu-pavadai/04.webp,http://localhost:8000/static/uploads/products/catalog/myra-black-gold-pattu-pavadai/04.webp
navya-rani-pink-gold-pattu-pavadai,0,true,/Users/parthkaswala/Desktop/Amzira_Inventory/452-Pratik_Gold/5/1.png,catalog/navya-rani-pink-gold-pattu-pavadai/01.webp,http://localhost:8000/static/uploads/products/catalog/navya-rani-pink-gold-pattu-pavadai/01.webp
navya-rani-pink-gold-pattu-pavadai,1,false,/Users/parthkaswala/Desktop/Amzira_Inventory/452-Pratik_Gold/5/KLC-RPK-GLD-JAQ-00-0214.png,catalog/navya-rani-pink-gold-pattu-pavadai/02.webp,http://localhost:8000/static/uploads/products/catalog/navya-rani-pink-gold-pattu-pavadai/02.webp
navya-rani-pink-gold-pattu-pavadai,2,false,/Users/parthkaswala/Desktop/Amzira_Inventory/452-Pratik_Gold/5/not (1).png,catalog/navya-rani-pink-gold-pattu-pavadai/03.webp,http://localhost:8000/static/uploads/products/catalog/navya-rani-pink-gold-pattu-pavadai/03.webp
navya-rani-pink-gold-pattu-pavadai,3,false,/Users/parthkaswala/Desktop/Amzira_Inventory/452-Pratik_Gold/5/not.png,catalog/navya-rani-pink-gold-pattu-pavadai/04.webp,http://localhost:8000/static/uploads/products/catalog/navya-rani-pink-gold-pattu-pavadai/04.webp
navya-rani-pink-gold-pattu-pavadai,4,false,/Users/parthkaswala/Desktop/Amzira_Inventory/452-Pratik_Gold/5/not1.png,catalog/navya-rani-pink-gold-pattu-pavadai/05.webp,http://localhost:8000/static/uploads/products/catalog/navya-rani-pink-gold-pattu-pavadai/05.webp
nila-royal-blue-gold-pattu-pavadai,0,true,/Users/parthkaswala/Desktop/Amzira_Inventory/452-Pratik_Gold/6/1.png,catalog/nila-royal-blue-gold-pattu-pavadai/01.webp,http://localhost:8000/static/uploads/products/catalog/nila-royal-blue-gold-pattu-pavadai/01.webp
nila-royal-blue-gold-pattu-pavadai,1,false,/Users/parthkaswala/Desktop/Amzira_Inventory/452-Pratik_Gold/6/KLC-RBL-GLD-JAQ-00-0215.png,catalog/nila-royal-blue-gold-pattu-pavadai/02.webp,http://localhost:8000/static/uploads/products/catalog/nila-royal-blue-gold-pattu-pavadai/02.webp
nila-royal-blue-gold-pattu-pavadai,2,false,/Users/parthkaswala/Desktop/Amzira_Inventory/452-Pratik_Gold/6/not (1).png,catalog/nila-royal-blue-gold-pattu-pavadai/03.webp,http://localhost:8000/static/uploads/products/catalog/nila-royal-blue-gold-pattu-pavadai/03.webp
prisha-mustard-gold-pattu-pavadai,0,true,/Users/parthkaswala/Desktop/Amzira_Inventory/452-Pratik_Gold/7/1.png,catalog/prisha-mustard-gold-pattu-pavadai/01.webp,http://localhost:8000/static/uploads/products/catalog/prisha-mustard-gold-pattu-pavadai/01.webp
prisha-mustard-gold-pattu-pavadai,1,false,/Users/parthkaswala/Desktop/Amzira_Inventory/452-Pratik_Gold/7/KLC-MUS-GLD-JAQ-00-0216.png,catalog/prisha-mustard-gold-pattu-pavadai/02.webp,http://localhost:8000/static/uploads/products/catalog/prisha-mustard-gold-pattu-pavadai/02.webp
prisha-mustard-gold-pattu-pavadai,2,false,/Users/parthkaswala/Desktop/Amzira_Inventory/452-Pratik_Gold/7/2.png,catalog/prisha-mustard-gold-pattu-pavadai/03.webp,http://localhost:8000/static/uploads/products/catalog/prisha-mustard-gold-pattu-pavadai/03.webp
prisha-mustard-gold-pattu-pavadai,3,false,/Users/parthkaswala/Desktop/Amzira_Inventory/452-Pratik_Gold/7/not.png,catalog/prisha-mustard-gold-pattu-pavadai/04.webp,http://localhost:8000/static/uploads/products/catalog/prisha-mustard-gold-pattu-pavadai/04.webp
riya-dark-green-gold-pattu-pavadai,0,true,/Users/parthkaswala/Desktop/Amzira_Inventory/452-Pratik_Gold/8/1.png,catalog/riya-dark-green-gold-pattu-pavadai/01.webp,http://localhost:8000/static/uploads/products/catalog/riya-dark-green-gold-pattu-pavadai/01.webp
riya-dark-green-gold-pattu-pavadai,1,false,/Users/parthkaswala/Desktop/Amzira_Inventory/452-Pratik_Gold/8/KLC-DGN-GLD-JAQ-00-0217.png,catalog/riya-dark-green-gold-pattu-pavadai/02.webp,http://localhost:8000/static/uploads/products/catalog/riya-dark-green-gold-pattu-pavadai/02.webp
riya-dark-green-gold-pattu-pavadai,2,false,/Users/parthkaswala/Desktop/Amzira_Inventory/452-Pratik_Gold/8/not (2).png,catalog/riya-dark-green-gold-pattu-pavadai/03.webp,http://localhost:8000/static/uploads/products/catalog/riya-dark-green-gold-pattu-pavadai/03.webp
riya-dark-green-gold-pattu-pavadai,3,false,/Users/parthkaswala/Desktop/Amzira_Inventory/452-Pratik_Gold/8/not.png,catalog/riya-dark-green-gold-pattu-pavadai/04.webp,http://localhost:8000/static/uploads/products/catalog/riya-dark-green-gold-pattu-pavadai/04.webp
saanvi-purple-gold-pattu-pavadai,0,true,/Users/parthkaswala/Desktop/Amzira_Inventory/452-Pratik_Gold/9/1.png,catalog/saanvi-purple-gold-pattu-pavadai/01.webp,http://localhost:8000/static/uploads/products/catalog/saanvi-purple-gold-pattu-pavadai/01.webp
saanvi-purple-gold-pattu-pavadai,1,false,/Users/parthkaswala/Desktop/Amzira_Inventory/452-Pratik_Gold/9/KLC-PPL-GLD-JAQ-00-0218.png,catalog/saanvi-purple-gold-pattu-pavadai/02.webp,http://localhost:8000/static/uploads/products/catalog/saanvi-purple-gold-pattu-pavadai/02.webp
saanvi-purple-gold-pattu-pavadai,2,false,/Users/parthkaswala/Desktop/Amzira_Inventory/452-Pratik_Gold/9/not (2).png,catalog/saanvi-purple-gold-pattu-pavadai/03.webp,http://localhost:8000/static/uploads/products/catalog/saanvi-purple-gold-pattu-pavadai/03.webp
saanvi-purple-gold-pattu-pavadai,3,false,/Users/parthkaswala/Desktop/Amzira_Inventory/452-Pratik_Gold/9/not.png,catalog/saanvi-purple-gold-pattu-pavadai/04.webp,http://localhost:8000/static/uploads/products/catalog/saanvi-purple-gold-pattu-pavadai/04.webp
saanvi-purple-gold-pattu-pavadai,4,false,/Users/parthkaswala/Desktop/Amzira_Inventory/452-Pratik_Gold/9/not1.png,catalog/saanvi-purple-gold-pattu-pavadai/05.webp,http://localhost:8000/static/uploads/products/catalog/saanvi-purple-gold-pattu-pavadai/05.webp
saanvi-purple-gold-pattu-pavadai,5,false,/Users/parthkaswala/Desktop/Amzira_Inventory/452-Pratik_Gold/9/not2.png,catalog/saanvi-purple-gold-pattu-pavadai/06.webp,http://localhost:8000/static/uploads/products/catalog/saanvi-purple-gold-pattu-pavadai/06.webp
siya-navy-gold-pattu-pavadai,0,true,/Users/parthkaswala/Desktop/Amzira_Inventory/452-Pratik_Gold/10/1.png,catalog/siya-navy-gold-pattu-pavadai/01.webp,http://localhost:8000/static/uploads/products/catalog/siya-navy-gold-pattu-pavadai/01.webp
siya-navy-gold-pattu-pavadai,1,false,/Users/parthkaswala/Desktop/Amzira_Inventory/452-Pratik_Gold/10/KLC-NVY-GLD-JAQ-00-0219.png,catalog/siya-navy-gold-pattu-pavadai/02.webp,http://localhost:8000/static/uploads/products/catalog/siya-navy-gold-pattu-pavadai/02.webp
siya-navy-gold-pattu-pavadai,2,false,/Users/parthkaswala/Desktop/Amzira_Inventory/452-Pratik_Gold/10/NOT (1).png,catalog/siya-navy-gold-pattu-pavadai/03.webp,http://localhost:8000/static/uploads/products/catalog/siya-navy-gold-pattu-pavadai/03.webp
tara-maroon-gold-pattu-pavadai,0,true,/Users/parthkaswala/Desktop/Amzira_Inventory/452-Pratik_Gold/11/1.png,catalog/tara-maroon-gold-pattu-pavadai/01.webp,http://localhost:8000/static/uploads/products/catalog/tara-maroon-gold-pattu-pavadai/01.webp
tara-maroon-gold-pattu-pavadai,1,false,/Users/parthkaswala/Desktop/Amzira_Inventory/452-Pratik_Gold/11/KLC-MRN-GLD-JAQ-00-0220.png,catalog/tara-maroon-gold-pattu-pavadai/02.webp,http://localhost:8000/static/uploads/products/catalog/tara-maroon-gold-pattu-pavadai/02.webp
tara-maroon-gold-pattu-pavadai,2,false,/Users/parthkaswala/Desktop/Amzira_Inventory/452-Pratik_Gold/11/not (1).png,catalog/tara-maroon-gold-pattu-pavadai/03.webp,http://localhost:8000/static/uploads/products/catalog/tara-maroon-gold-pattu-pavadai/03.webp
vanya-heritage-multi-pattu-pavadai,0,true,/Users/parthkaswala/Desktop/Amzira_Inventory/452-Pratik_Gold/12/1.png,catalog/vanya-heritage-multi-pattu-pavadai/01.webp,http://localhost:8000/static/uploads/products/catalog/vanya-heritage-multi-pattu-pavadai/01.webp
vanya-heritage-multi-pattu-pavadai,1,false,/Users/parthkaswala/Desktop/Amzira_Inventory/452-Pratik_Gold/12/2.png,catalog/vanya-heritage-multi-pattu-pavadai/02.webp,http://localhost:8000/static/uploads/products/catalog/vanya-heritage-multi-pattu-pavadai/02.webp
vanya-heritage-multi-pattu-pavadai,2,false,/Users/parthkaswala/Desktop/Amzira_Inventory/452-Pratik_Gold/12/3.png,catalog/vanya-heritage-multi-pattu-pavadai/03.webp,http://localhost:8000/static/uploads/products/catalog/vanya-heritage-multi-pattu-pavadai/03.webp
aadhya-gold-lehenga-choli,0,true,/Users/parthkaswala/Desktop/Amzira_Inventory/453-Amzira_Satin/1/KLC-Purple-GLD-JQD-.png,catalog/aadhya-gold-lehenga-choli/01.webp,http://localhost:8000/static/uploads/products/catalog/aadhya-gold-lehenga-choli/01.webp
aadhya-gold-lehenga-choli,1,false,/Users/parthkaswala/Desktop/Amzira_Inventory/453-Amzira_Satin/1/2.png,catalog/aadhya-gold-lehenga-choli/02.webp,http://localhost:8000/static/uploads/products/catalog/aadhya-gold-lehenga-choli/02.webp
aadhya-gold-lehenga-choli,2,false,/Users/parthkaswala/Desktop/Amzira_Inventory/453-Amzira_Satin/1/3.png,catalog/aadhya-gold-lehenga-choli/03.webp,http://localhost:8000/static/uploads/products/catalog/aadhya-gold-lehenga-choli/03.webp
aadhya-gold-lehenga-choli,3,false,/Users/parthkaswala/Desktop/Amzira_Inventory/453-Amzira_Satin/1/4.png,catalog/aadhya-gold-lehenga-choli/04.webp,http://localhost:8000/static/uploads/products/catalog/aadhya-gold-lehenga-choli/04.webp
aadhya-gold-lehenga-choli,4,false,/Users/parthkaswala/Desktop/Amzira_Inventory/453-Amzira_Satin/1/5.png,catalog/aadhya-gold-lehenga-choli/05.webp,http://localhost:8000/static/uploads/products/catalog/aadhya-gold-lehenga-choli/05.webp
aadhya-gold-lehenga-choli,5,false,/Users/parthkaswala/Desktop/Amzira_Inventory/453-Amzira_Satin/1/6.png,catalog/aadhya-gold-lehenga-choli/06.webp,http://localhost:8000/static/uploads/products/catalog/aadhya-gold-lehenga-choli/06.webp
aadhya-gold-lehenga-choli,6,false,/Users/parthkaswala/Desktop/Amzira_Inventory/453-Amzira_Satin/1/2 MB/2 (3).jpg,catalog/aadhya-gold-lehenga-choli/07.webp,http://localhost:8000/static/uploads/products/catalog/aadhya-gold-lehenga-choli/07.webp
aadhya-gold-lehenga-choli,7,false,/Users/parthkaswala/Desktop/Amzira_Inventory/453-Amzira_Satin/1/2 MB/3 (4).jpg,catalog/aadhya-gold-lehenga-choli/08.webp,http://localhost:8000/static/uploads/products/catalog/aadhya-gold-lehenga-choli/08.webp
aaradhya-gold-lehenga-choli,0,true,/Users/parthkaswala/Desktop/Amzira_Inventory/453-Amzira_Satin/2/KLC-Mustard-GLD-JQ-00-41.png,catalog/aaradhya-gold-lehenga-choli/01.webp,http://localhost:8000/static/uploads/products/catalog/aaradhya-gold-lehenga-choli/01.webp
aaradhya-gold-lehenga-choli,1,false,/Users/parthkaswala/Desktop/Amzira_Inventory/453-Amzira_Satin/2/2.png,catalog/aaradhya-gold-lehenga-choli/02.webp,http://localhost:8000/static/uploads/products/catalog/aaradhya-gold-lehenga-choli/02.webp
aaradhya-gold-lehenga-choli,2,false,/Users/parthkaswala/Desktop/Amzira_Inventory/453-Amzira_Satin/2/3.png,catalog/aaradhya-gold-lehenga-choli/03.webp,http://localhost:8000/static/uploads/products/catalog/aaradhya-gold-lehenga-choli/03.webp
aaradhya-gold-lehenga-choli,3,false,/Users/parthkaswala/Desktop/Amzira_Inventory/453-Amzira_Satin/2/4.png,catalog/aaradhya-gold-lehenga-choli/04.webp,http://localhost:8000/static/uploads/products/catalog/aaradhya-gold-lehenga-choli/04.webp
aaradhya-gold-lehenga-choli,4,false,/Users/parthkaswala/Desktop/Amzira_Inventory/453-Amzira_Satin/2/5.png,catalog/aaradhya-gold-lehenga-choli/05.webp,http://localhost:8000/static/uploads/products/catalog/aaradhya-gold-lehenga-choli/05.webp
aaradhya-gold-lehenga-choli,5,false,/Users/parthkaswala/Desktop/Amzira_Inventory/453-Amzira_Satin/2/6.png,catalog/aaradhya-gold-lehenga-choli/06.webp,http://localhost:8000/static/uploads/products/catalog/aaradhya-gold-lehenga-choli/06.webp
amaira-heritage-multi-lehenga-choli,0,true,/Users/parthkaswala/Desktop/Amzira_Inventory/453-Amzira_Satin/3/1.png,catalog/amaira-heritage-multi-lehenga-choli/01.webp,http://localhost:8000/static/uploads/products/catalog/amaira-heritage-multi-lehenga-choli/01.webp
amaira-heritage-multi-lehenga-choli,1,false,/Users/parthkaswala/Desktop/Amzira_Inventory/453-Amzira_Satin/3/2.png,catalog/amaira-heritage-multi-lehenga-choli/02.webp,http://localhost:8000/static/uploads/products/catalog/amaira-heritage-multi-lehenga-choli/02.webp
amaira-heritage-multi-lehenga-choli,2,false,/Users/parthkaswala/Desktop/Amzira_Inventory/453-Amzira_Satin/3/3.png,catalog/amaira-heritage-multi-lehenga-choli/03.webp,http://localhost:8000/static/uploads/products/catalog/amaira-heritage-multi-lehenga-choli/03.webp
amaira-heritage-multi-lehenga-choli,3,false,/Users/parthkaswala/Desktop/Amzira_Inventory/453-Amzira_Satin/3/4.png,catalog/amaira-heritage-multi-lehenga-choli/04.webp,http://localhost:8000/static/uploads/products/catalog/amaira-heritage-multi-lehenga-choli/04.webp
amaira-heritage-multi-lehenga-choli,4,false,/Users/parthkaswala/Desktop/Amzira_Inventory/453-Amzira_Satin/3/5.png,catalog/amaira-heritage-multi-lehenga-choli/05.webp,http://localhost:8000/static/uploads/products/catalog/amaira-heritage-multi-lehenga-choli/05.webp
amaira-heritage-multi-lehenga-choli,5,false,/Users/parthkaswala/Desktop/Amzira_Inventory/453-Amzira_Satin/3/1-removebg-preview.png,catalog/amaira-heritage-multi-lehenga-choli/06.webp,http://localhost:8000/static/uploads/products/catalog/amaira-heritage-multi-lehenga-choli/06.webp
ishani-gold-lehenga-choli,0,true,/Users/parthkaswala/Desktop/Amzira_Inventory/453-Amzira_Satin/4/KLC-Maroon-GL-JQQ-.png,catalog/ishani-gold-lehenga-choli/01.webp,http://localhost:8000/static/uploads/products/catalog/ishani-gold-lehenga-choli/01.webp
ishani-gold-lehenga-choli,1,false,/Users/parthkaswala/Desktop/Amzira_Inventory/453-Amzira_Satin/4/2.png,catalog/ishani-gold-lehenga-choli/02.webp,http://localhost:8000/static/uploads/products/catalog/ishani-gold-lehenga-choli/02.webp
ishani-gold-lehenga-choli,2,false,/Users/parthkaswala/Desktop/Amzira_Inventory/453-Amzira_Satin/4/3.png,catalog/ishani-gold-lehenga-choli/03.webp,http://localhost:8000/static/uploads/products/catalog/ishani-gold-lehenga-choli/03.webp
ishani-gold-lehenga-choli,3,false,/Users/parthkaswala/Desktop/Amzira_Inventory/453-Amzira_Satin/4/4.png,catalog/ishani-gold-lehenga-choli/04.webp,http://localhost:8000/static/uploads/products/catalog/ishani-gold-lehenga-choli/04.webp
ishani-gold-lehenga-choli,4,false,/Users/parthkaswala/Desktop/Amzira_Inventory/453-Amzira_Satin/4/5.png,catalog/ishani-gold-lehenga-choli/05.webp,http://localhost:8000/static/uploads/products/catalog/ishani-gold-lehenga-choli/05.webp
ishani-gold-lehenga-choli,5,false,/Users/parthkaswala/Desktop/Amzira_Inventory/453-Amzira_Satin/4/6.png,catalog/ishani-gold-lehenga-choli/06.webp,http://localhost:8000/static/uploads/products/catalog/ishani-gold-lehenga-choli/06.webp
ishani-gold-lehenga-choli,6,false,/Users/parthkaswala/Desktop/Amzira_Inventory/453-Amzira_Satin/4/7.png,catalog/ishani-gold-lehenga-choli/07.webp,http://localhost:8000/static/uploads/products/catalog/ishani-gold-lehenga-choli/07.webp
neela-gold-lehenga-choli,0,true,/Users/parthkaswala/Desktop/Amzira_Inventory/453-Amzira_Satin/5/KLC-Green-GLD-JQ-.png,catalog/neela-gold-lehenga-choli/01.webp,http://localhost:8000/static/uploads/products/catalog/neela-gold-lehenga-choli/01.webp
neela-gold-lehenga-choli,1,false,/Users/parthkaswala/Desktop/Amzira_Inventory/453-Amzira_Satin/5/2.png,catalog/neela-gold-lehenga-choli/02.webp,http://localhost:8000/static/uploads/products/catalog/neela-gold-lehenga-choli/02.webp
neela-gold-lehenga-choli,2,false,/Users/parthkaswala/Desktop/Amzira_Inventory/453-Amzira_Satin/5/3.png,catalog/neela-gold-lehenga-choli/03.webp,http://localhost:8000/static/uploads/products/catalog/neela-gold-lehenga-choli/03.webp
neela-gold-lehenga-choli,3,false,/Users/parthkaswala/Desktop/Amzira_Inventory/453-Amzira_Satin/5/4.png,catalog/neela-gold-lehenga-choli/04.webp,http://localhost:8000/static/uploads/products/catalog/neela-gold-lehenga-choli/04.webp
neela-gold-lehenga-choli,4,false,/Users/parthkaswala/Desktop/Amzira_Inventory/453-Amzira_Satin/5/5.png,catalog/neela-gold-lehenga-choli/05.webp,http://localhost:8000/static/uploads/products/catalog/neela-gold-lehenga-choli/05.webp
neela-gold-lehenga-choli,5,false,/Users/parthkaswala/Desktop/Amzira_Inventory/453-Amzira_Satin/5/6.png,catalog/neela-gold-lehenga-choli/06.webp,http://localhost:8000/static/uploads/products/catalog/neela-gold-lehenga-choli/06.webp
neela-gold-lehenga-choli,6,false,/Users/parthkaswala/Desktop/Amzira_Inventory/453-Amzira_Satin/5/7.png,catalog/neela-gold-lehenga-choli/07.webp,http://localhost:8000/static/uploads/products/catalog/neela-gold-lehenga-choli/07.webp
