product_slug,display_order,is_primary,source_path,r2_key,public_url
anika-emerald-purple-temple-work-lehenga-choli,0,true,/Users/parthkaswala/Desktop/Amzira_Inventory/14/1/Front_View.jpg,catalog/anika-emerald-purple-temple-work-lehenga-choli/01.webp,http://localhost:8000/static/uploads/products/catalog/anika-emerald-purple-temple-work-lehenga-choli/01.webp
anika-emerald-purple-temple-work-lehenga-choli,1,false,/Users/parthkaswala/Desktop/Amzira_Inventory/14/1/Closure_View.jpg,catalog/anika-emerald-purple-temple-work-lehenga-choli/02.webp,http://localhost:8000/static/uploads/products/catalog/anika-emerald-purple-temple-work-lehenga-choli/02.webp
anika-emerald-purple-temple-work-lehenga-choli,2,false,/Users/parthkaswala/Desktop/Amzira_Inventory/14/1/Side_View.jpg,catalog/anika-emerald-purple-temple-work-lehenga-choli/03.webp,http://localhost:8000/static/uploads/products/catalog/anika-emerald-purple-temple-work-lehenga-choli/03.webp
anika-emerald-purple-temple-work-lehenga-choli,3,false,/Users/parthkaswala/Desktop/Amzira_Inventory/14/1/Back_View.jpg,catalog/anika-emerald-purple-temple-work-lehenga-choli/04.webp,http://localhost:8000/static/uploads/products/catalog/anika-emerald-purple-temple-work-lehenga-choli/04.webp
anika-emerald-purple-temple-work-lehenga-choli,4,false,/Users/parthkaswala/Desktop/Amzira_Inventory/14/1/Choli.jpg,catalog/anika-emerald-purple-temple-work-lehenga-choli/05.webp,http://localhost:8000/static/uploads/products/catalog/anika-emerald-purple-temple-work-lehenga-choli/05.webp
anika-emerald-purple-temple-work-lehenga-choli,5,false,/Users/parthkaswala/Desktop/Amzira_Inventory/14/1/Lengha.jpg,catalog/anika-emerald-purple-temple-work-lehenga-choli/06.webp,http://localhost:8000/static/uploads/products/catalog/anika-emerald-purple-temple-work-lehenga-choli/06.webp
meera-royal-blue-peach-peacock-lehenga-choli,0,true,/Users/parthkaswala/Desktop/Amzira_Inventory/14/2/Front_View.jpg,catalog/meera-royal-blue-peach-peacock-lehenga-choli/01.webp,http://localhost:8000/static/uploads/products/catalog/meera-royal-blue-peach-peacock-lehenga-choli/01.webp
meera-royal-blue-peach-peacock-lehenga-choli,1,false,/Users/parthkaswala/Desktop/Amzira_Inventory/14/2/Closure_View.jpg,catalog/meera-royal-blue-peach-peacock-lehenga-choli/02.webp,http://localhost:8000/static/uploads/products/catalog/meera-royal-blue-peach-peacock-lehenga-choli/02.webp
meera-royal-blue-peach-peacock-lehenga-choli,2,false,/Users/parthkaswala/Desktop/Amzira_Inventory/14/2/Side_View.jpg,catalog/meera-royal-blue-peach-peacock-lehenga-choli/03.webp,http://localhost:8000/static/uploads/products/catalog/meera-royal-blue-peach-peacock-lehenga-choli/03.webp
meera-royal-blue-peach-peacock-lehenga-choli,3,false,/Users/parthkaswala/Desktop/Amzira_Inventory/14/2/Back_View.jpg,catalog/meera-royal-blue-peach-peacock-lehenga-choli/04.webp,http://localhost:8000/static/uploads/products/catalog/meera-royal-blue-peach-peacock-lehenga-choli/04.webp
meera-royal-blue-peach-peacock-lehenga-choli,4,false,/Users/parthkaswala/Desktop/Amzira_Inventory/14/2/Choli.jpg,catalog/meera-royal-blue-peach-peacock-lehenga-choli/05.webp,http://localhost:8000/static/uploads/products/catalog/meera-royal-blue-peach-peacock-lehenga-choli/05.webp
meera-royal-blue-peach-peacock-lehenga-choli,5,false,/Users/parthkaswala/Desktop/Amzira_Inventory/14/2/Lengha.png,catalog/meera-royal-blue-peach-peacock-lehenga-choli/06.webp,http://localhost:8000/static/uploads/products/catalog/meera-royal-blue-peach-peacock-lehenga-choli/06.webp
aadhya-royal-blue-mustard-temple-border-lehenga-choli,0,true,/Users/parthkaswala/Desktop/Amzira_Inventory/14/3/Front_View.jpg,catalog/aadhya-royal-blue-mustard-temple-border-lehenga-choli/01.webp,http://localhost:8000/static/uploads/products/catalog/aadhya-royal-blue-mustard-temple-border-lehenga-choli/01.webp
aadhya-royal-blue-mustard-temple-border-lehenga-choli,1,false,/Users/parthkaswala/Desktop/Amzira_Inventory/14/3/Closure_View.jpg,catalog/aadhya-royal-blue-mustard-temple-border-lehenga-choli/02.webp,http://localhost:8000/static/uploads/products/catalog/aadhya-royal-blue-mustard-temple-border-lehenga-choli/02.webp
aadhya-royal-blue-mustard-temple-border-lehenga-choli,2,false,/Users/parthkaswala/Desktop/Amzira_Inventory/14/3/Side_View.jpg,catalog/aadhya-royal-blue-mustard-temple-border-lehenga-choli/03.webp,http://localhost:8000/static/uploads/products/catalog/aadhya-royal-blue-mustard-temple-border-lehenga-choli/03.webp
aadhya-royal-blue-mustard-temple-border-lehenga-choli,3,false,/Users/parthkaswala/Desktop/Amzira_Inventory/14/3/Back_View.jpg,catalog/aadhya-royal-blue-mustard-temple-border-lehenga-choli/04.webp,http://localhost:8000/static/uploads/products/catalog/aadhya-royal-blue-mustard-temple-border-lehenga-choli/04.webp
vanya-wine-green-peacock-work-pattu-pavadai,0,true,/Users/parthkaswala/Desktop/Amzira_Inventory/14/22/Front_View.png,catalog/vanya-wine-green-peacock-work-pattu-pavadai/01.webp,http://localhost:8000/static/uploads/products/catalog/vanya-wine-green-peacock-work-pattu-pavadai/01.webp
vanya-wine-green-peacock-work-pattu-pavadai,1,false,/Users/parthkaswala/Desktop/Amzira_Inventory/14/22/Closure_View.png,catalog/vanya-wine-green-peacock-work-pattu-pavadai/02.webp,http://localhost:8000/static/uploads/products/catalog/vanya-wine-green-peacock-work-pattu-pavadai/02.webp
vanya-wine-green-peacock-work-pattu-pavadai,2,false,/Users/parthkaswala/Desktop/Amzira_Inventory/14/22/Side_View.png,catalog/vanya-wine-green-peacock-work-pattu-pavadai/03.webp,http://localhost:8000/static/uploads/products/catalog/vanya-wine-green-peacock-work-pattu-pavadai/03.webp
vanya-wine-green-peacock-work-pattu-pavadai,3,false,/Users/parthkaswala/Desktop/Amzira_Inventory/14/22/Back_View.png,catalog/vanya-wine-green-peacock-work-pattu-pavadai/04.webp,http://localhost:8000/static/uploads/products/catalog/vanya-wine-green-peacock-work-pattu-pavadai/04.webp
vanya-wine-green-peacock-work-pattu-pavadai,4,false,/Users/parthkaswala/Desktop/Amzira_Inventory/14/22/Choli.png,catalog/vanya-wine-green-peacock-work-pattu-pavadai/05.webp,http://localhost:8000/static/uploads/products/catalog/vanya-wine-green-peacock-work-pattu-pavadai/05.webp
vanya-wine-green-peacock-work-pattu-pavadai,5,false,/Users/parthkaswala/Desktop/Amzira_Inventory/14/22/Lengha.png,catalog/vanya-wine-green-peacock-work-pattu-pavadai/06.webp,http://localhost:8000/static/uploads/products/catalog/vanya-wine-green-peacock-work-pattu-pavadai/06.webp
ira-emerald-maroon-peacock-work-lehenga-choli,0,true,/Users/parthkaswala/Desktop/Amzira_Inventory/14/5/Front_View.jpg,catalog/ira-emerald-maroon-peacock-work-lehenga-choli/01.webp,http://localhost:8000/static/uploads/products/catalog/ira-emerald-maroon-peacock-work-lehenga-choli/01.webp
ira-emerald-maroon-peacock-work-lehenga-choli,1,false,/Users/parthkaswala/Desktop/Amzira_Inventory/14/5/Closure_View.jpg,catalog/ira-emerald-maroon-peacock-work-lehenga-choli/02.webp,http://localhost:8000/static/uploads/products/catalog/ira-emerald-maroon-peacock-work-lehenga-choli/02.webp
ira-emerald-maroon-peacock-work-lehenga-choli,2,false,/Users/parthkaswala/Desktop/Amzira_Inventory/14/5/Side_View.jpg,catalog/ira-emerald-maroon-peacock-work-lehenga-choli/03.webp,http://localhost:8000/static/uploads/products/catalog/ira-emerald-maroon-peacock-work-lehenga-choli/03.webp
ira-emerald-maroon-peacock-work-lehenga-choli,3,false,/Users/parthkaswala/Desktop/Amzira_Inventory/14/5/Back_View.jpg,catalog/ira-emerald-maroon-peacock-work-lehenga-choli/04.webp,http://localhost:8000/static/uploads/products/catalog/ira-emerald-maroon-peacock-work-lehenga-choli/04.webp
ira-emerald-maroon-peacock-work-lehenga-choli,4,false,/Users/parthkaswala/Desktop/Amzira_Inventory/14/5/Choli.png,catalog/ira-emerald-maroon-peacock-work-lehenga-choli/05.webp,http://localhost:8000/static/uploads/products/catalog/ira-emerald-maroon-peacock-work-lehenga-choli/05.webp
ira-emerald-maroon-peacock-work-lehenga-choli,5,false,/Users/parthkaswala/Desktop/Amzira_Inventory/14/5/Lengha.png,catalog/ira-emerald-maroon-peacock-work-lehenga-choli/06.webp,http://localhost:8000/static/uploads/products/catalog/ira-emerald-maroon-peacock-work-lehenga-choli/06.webp
nila-red-royal-blue-jacquard-work-lehenga-choli,0,true,/Users/parthkaswala/Desktop/Amzira_Inventory/14/6/Front_View.jpg,catalog/nila-red-royal-blue-jacquard-work-lehenga-choli/01.webp,http://localhost:8000/static/uploads/products/catalog/nila-red-royal-blue-jacquard-work-lehenga-choli/01.webp
nila-red-royal-blue-jacquard-work-lehenga-choli,1,false,/Users/parthkaswala/Desktop/Amzira_Inventory/14/6/Closure_View.jpg,catalog/nila-red-royal-blue-jacquard-work-lehenga-choli/02.webp,http://localhost:8000/static/uploads/products/catalog/nila-red-royal-blue-jacquard-work-lehenga-choli/02.webp
nila-red-royal-blue-jacquard-work-lehenga-choli,2,false,/Users/parthkaswala/Desktop/Amzira_Inventory/14/6/Side_View.jpg,catalog/nila-red-royal-blue-jacquard-work-lehenga-choli/03.webp,http://localhost:8000/static/uploads/products/catalog/nila-red-royal-blue-jacquard-work-lehenga-choli/03.webp
nila-red-royal-blue-jacquard-work-lehenga-choli,3,false,/Users/parthkaswala/Desktop/Amzira_Inventory/14/6/Back_View.jpg,catalog/nila-red-royal-blue-jacquard-work-lehenga-choli/04.webp,http://localhost:8000/static/uploads/products/catalog/nila-red-royal-blue-jacquard-work-lehenga-choli/04.webp
nila-red-royal-blue-jacquard-work-lehenga-choli,4,false,/Users/parthkaswala/Desktop/Amzira_Inventory/14/6/Choli.jpg,catalog/nila-red-royal-blue-jacquard-work-lehenga-choli/05.webp,http://localhost:8000/static/uploads/products/catalog/nila-red-royal-blue-jacquard-work-lehenga-choli/05.webp
nila-red-royal-blue-jacquard-work-lehenga-choli,5,false,/Users/parthkaswala/Desktop/Amzira_Inventory/14/6/Lengha.jpg,catalog/nila-red-royal-blue-jacquard-work-lehenga-choli/06.webp,http://localhost:8000/static/uploads/products/catalog/nila-red-royal-blue-jacquard-work-lehenga-choli/06.webp
tara-peach-purple-peacock-work-pattu-pavadai,0,true,/Users/parthkaswala/Desktop/Amzira_Inventory/14/7/Front_View.jpg,catalog/tara-peach-purple-peacock-work-pattu-pavadai/01.webp,http://localhost:8000/static/uploads/products/catalog/tara-peach-purple-peacock-work-pattu-pavadai/01.webp
tara-peach-purple-peacock-work-pattu-pavadai,1,false,/Users/parthkaswala/Desktop/Amzira_Inventory/14/7/Closure_View.jpg,catalog/tara-peach-purple-peacock-work-pattu-pavadai/02.webp,http://localhost:8000/static/uploads/products/catalog/tara-peach-purple-peacock-work-pattu-pavadai/02.webp
tara-peach-purple-peacock-work-pattu-pavadai,2,false,/Users/parthkaswala/Desktop/Amzira_Inventory/14/7/Side_View.jpg,catalog/tara-peach-purple-peacock-work-pattu-pavadai/03.webp,http://localhost:8000/static/uploads/products/catalog/tara-peach-purple-peacock-work-pattu-pavadai/03.webp
tara-peach-purple-peacock-work-pattu-pavadai,3,false,/Users/parthkaswala/Desktop/Amzira_Inventory/14/7/Back_View.jpg,catalog/tara-peach-purple-peacock-work-pattu-pavadai/04.webp,http://localhost:8000/static/uploads/products/catalog/tara-peach-purple-peacock-work-pattu-pavadai/04.webp
tara-peach-purple-peacock-work-pattu-pavadai,4,false,/Users/parthkaswala/Desktop/Amzira_Inventory/14/7/Choli.jpg,catalog/tara-peach-purple-peacock-work-pattu-pavadai/05.webp,http://localhost:8000/static/uploads/products/catalog/tara-peach-purple-peacock-work-pattu-pavadai/05.webp
tara-peach-purple-peacock-work-pattu-pavadai,5,false,/Users/parthkaswala/Desktop/Amzira_Inventory/14/7/Lengha.jpg,catalog/tara-peach-purple-peacock-work-pattu-pavadai/06.webp,http://localhost:8000/static/uploads/products/catalog/tara-peach-purple-peacock-work-pattu-pavadai/06.webp
kavya-navy-red-peacock-work-lehenga-choli,0,true,/Users/parthkaswala/Desktop/Amzira_Inventory/14/8/Front_View.jpg,catalog/kavya-navy-red-peacock-work-lehenga-choli/01.webp,http://localhost:8000/static/uploads/products/catalog/kavya-navy-red-peacock-work-lehenga-choli/01.webp
kavya-navy-red-peacock-work-lehenga-choli,1,false,/Users/parthkaswala/Desktop/Amzira_Inventory/14/8/Closure_View.jpg,catalog/kavya-navy-red-peacock-work-lehenga-choli/02.webp,http://localhost:8000/static/uploads/products/catalog/kavya-navy-red-peacock-work-lehenga-choli/02.webp
kavya-navy-red-peacock-work-lehenga-choli,2,false,/Users/parthkaswala/Desktop/Amzira_Inventory/14/8/Side_View.jpg,catalog/kavya-navy-red-peacock-work-lehenga-choli/03.webp,http://localhost:8000/static/uploads/products/catalog/kavya-navy-red-peacock-work-lehenga-choli/03.webp
kavya-navy-red-peacock-work-lehenga-choli,3,false,/Users/parthkaswala/Desktop/Amzira_Inventory/14/8/Back_View.jpg,catalog/kavya-navy-red-peacock-work-lehenga-choli/04.webp,http://localhost:8000/static/uploads/products/catalog/kavya-navy-red-peacock-work-lehenga-choli/04.webp
kavya-navy-red-peacock-work-lehenga-choli,4,false,/Users/parthkaswala/Desktop/Amzira_Inventory/14/8/Choli.jpg,catalog/kavya-navy-red-peacock-work-lehenga-choli/05.webp,http://localhost:8000/static/uploads/products/catalog/kavya-navy-red-peacock-work-lehenga-choli/05.webp
kavya-navy-red-peacock-work-lehenga-choli,5,false,/Users/parthkaswala/Desktop/Amzira_Inventory/14/8/Lengha.jpg,catalog/kavya-navy-red-peacock-work-lehenga-choli/06.webp,http://localhost:8000/static/uploads/products/catalog/kavya-navy-red-peacock-work-lehenga-choli/06.webp
diya-yellow-pink-peacock-butta-pattu-pavadai,0,true,/Users/parthkaswala/Desktop/Amzira_Inventory/14/9/Front_View.jpg,catalog/diya-yellow-pink-peacock-butta-pattu-pavadai/01.webp,http://localhost:8000/static/uploads/products/catalog/diya-yellow-pink-peacock-butta-pattu-pavadai/01.webp
diya-yellow-pink-peacock-butta-pattu-pavadai,1,false,/Users/parthkaswala/Desktop/Amzira_Inventory/14/9/Closure_View.jpg,catalog/diya-yellow-pink-peacock-butta-pattu-pavadai/02.webp,http://localhost:8000/static/uploads/products/catalog/diya-yellow-pink-peacock-butta-pattu-pavadai/02.webp
diya-yellow-pink-peacock-butta-pattu-pavadai,2,false,/Users/parthkaswala/Desktop/Amzira_Inventory/14/9/Side_View.jpg,catalog/diya-yellow-pink-peacock-butta-pattu-pavadai/03.webp,http://localhost:8000/static/uploads/products/catalog/diya-yellow-pink-peacock-butta-pattu-pavadai/03.webp
diya-yellow-pink-peacock-butta-pattu-pavadai,3,false,/Users/parthkaswala/Desktop/Amzira_Inventory/14/9/Back_View.jpg,catalog/diya-yellow-pink-peacock-butta-pattu-pavadai/04.webp,http://localhost:8000/static/uploads/products/catalog/diya-yellow-pink-peacock-butta-pattu-pavadai/04.webp
diya-yellow-pink-peacock-butta-pattu-pavadai,4,false,/Users/parthkaswala/Desktop/Amzira_Inventory/14/9/Choli.jpg,catalog/diya-yellow-pink-peacock-butta-pattu-pavadai/05.webp,http://localhost:8000/static/uploads/products/catalog/diya-yellow-pink-peacock-butta-pattu-pavadai/05.webp
diya-yellow-pink-peacock-butta-pattu-pavadai,5,false,/Users/parthkaswala/Desktop/Amzira_Inventory/14/9/Lengha.jpg,catalog/diya-yellow-pink-peacock-butta-pattu-pavadai/06.webp,http://localhost:8000/static/uploads/products/catalog/diya-yellow-pink-peacock-butta-pattu-pavadai/06.webp
riya-purple-olive-tree-deer-pattu-pavadai,0,true,/Users/parthkaswala/Desktop/Amzira_Inventory/14/10/Front_View.jpg,catalog/riya-purple-olive-tree-deer-pattu-pavadai/01.webp,http://localhost:8000/static/uploads/products/catalog/riya-purple-olive-tree-deer-pattu-pavadai/01.webp
riya-purple-olive-tree-deer-pattu-pavadai,1,false,/Users/parthkaswala/Desktop/Amzira_Inventory/14/10/Closure_View.jpg,catalog/riya-purple-olive-tree-deer-pattu-pavadai/02.webp,http://localhost:8000/static/uploads/products/catalog/riya-purple-olive-tree-deer-pattu-pavadai/02.webp
riya-purple-olive-tree-deer-pattu-pavadai,2,false,/Users/parthkaswala/Desktop/Amzira_Inventory/14/10/Side_View.jpg,catalog/riya-purple-olive-tree-deer-pattu-pavadai/03.webp,http://localhost:8000/static/uploads/products/catalog/riya-purple-olive-tree-deer-pattu-pavadai/03.webp
riya-purple-olive-tree-deer-pattu-pavadai,3,false,/Users/parthkaswala/Desktop/Amzira_Inventory/14/10/Back_View.jpg,catalog/riya-purple-olive-tree-deer-pattu-pavadai/04.webp,http://localhost:8000/static/uploads/products/catalog/riya-purple-olive-tree-deer-pattu-pavadai/04.webp
riya-purple-olive-tree-deer-pattu-pavadai,4,false,/Users/parthkaswala/Desktop/Amzira_Inventory/14/10/Choli.jpg,catalog/riya-purple-olive-tree-deer-pattu-pavadai/05.webp,http://localhost:8000/static/uploads/products/catalog/riya-purple-olive-tree-deer-pattu-pavadai/05.webp
riya-purple-olive-tree-deer-pattu-pavadai,5,false,/Users/parthkaswala/Desktop/Amzira_Inventory/14/10/Lengha.jpg,catalog/riya-purple-olive-tree-deer-pattu-pavadai/06.webp,http://localhost:8000/static/uploads/products/catalog/riya-purple-olive-tree-deer-pattu-pavadai/06.webp
aarna-teal-mustard-peacock-butta-pattu-pavadai,0,true,/Users/parthkaswala/Desktop/Amzira_Inventory/14/12/Front_View.jpg,catalog/aarna-teal-mustard-peacock-butta-pattu-pavadai/01.webp,http://localhost:8000/static/uploads/products/catalog/aarna-teal-mustard-peacock-butta-pattu-pavadai/01.webp
aarna-teal-mustard-peacock-butta-pattu-pavadai,1,false,/Users/parthkaswala/Desktop/Amzira_Inventory/14/12/Closure_View.jpg,catalog/aarna-teal-mustard-peacock-butta-pattu-pavadai/02.webp,http://localhost:8000/static/uploads/products/catalog/aarna-teal-mustard-peacock-butta-pattu-pavadai/02.webp
aarna-teal-mustard-peacock-butta-pattu-pavadai,2,false,/Users/parthkaswala/Desktop/Amzira_Inventory/14/12/Side_View.jpg,catalog/aarna-teal-mustard-peacock-butta-pattu-pavadai/03.webp,http://localhost:8000/static/uploads/products/catalog/aarna-teal-mustard-peacock-butta-pattu-pavadai/03.webp
aarna-teal-mustard-peacock-butta-pattu-pavadai,3,false,/Users/parthkaswala/Desktop/Amzira_Inventory/14/12/Back_View.jpg,catalog/aarna-teal-mustard-peacock-butta-pattu-pavadai/04.webp,http://localhost:8000/static/uploads/products/catalog/aarna-teal-mustard-peacock-butta-pattu-pavadai/04.webp
aarna-teal-mustard-peacock-butta-pattu-pavadai,4,false,/Users/parthkaswala/Desktop/Amzira_Inventory/14/12/Choli.jpg,catalog/aarna-teal-mustard-peacock-butta-pattu-pavadai/05.webp,http://localhost:8000/static/uploads/products/catalog/aarna-teal-mustard-peacock-butta-pattu-pavadai/05.webp
aarna-teal-mustard-peacock-butta-pattu-pavadai,5,false,/Users/parthkaswala/Desktop/Amzira_Inventory/14/12/Lengha.jpg,catalog/aarna-teal-mustard-peacock-butta-pattu-pavadai/06.webp,http://localhost:8000/static/uploads/products/catalog/aarna-teal-mustard-peacock-butta-pattu-pavadai/06.webp
avni-purple-peach-peacock-work-pattu-pavadai,0,true,/Users/parthkaswala/Desktop/Amzira_Inventory/14/13/Front_View.jpg,catalog/avni-purple-peach-peacock-work-pattu-pavadai/01.webp,http://localhost:8000/static/uploads/products/catalog/avni-purple-peach-peacock-work-pattu-pavadai/01.webp
avni-purple-peach-peacock-work-pattu-pavadai,1,false,/Users/parthkaswala/Desktop/Amzira_Inventory/14/13/Closure_View.jpg,catalog/avni-purple-peach-peacock-work-pattu-pavadai/02.webp,http://localhost:8000/static/uploads/products/catalog/avni-purple-peach-peacock-work-pattu-pavadai/02.webp
avni-purple-peach-peacock-work-pattu-pavadai,2,false,/Users/parthkaswala/Desktop/Amzira_Inventory/14/13/Side_View.jpg,catalog/avni-purple-peach-peacock-work-pattu-pavadai/03.webp,http://localhost:8000/static/uploads/products/catalog/avni-purple-peach-peacock-work-pattu-pavadai/03.webp
avni-purple-peach-peacock-work-pattu-pavadai,3,false,/Users/parthkaswala/Desktop/Amzira_Inventory/14/13/Back_View.jpg,catalog/avni-purple-peach-peacock-work-pattu-pavadai/04.webp,http://localhost:8000/static/uploads/products/catalog/avni-purple-peach-peacock-work-pattu-pavadai/04.webp
avni-purple-peach-peacock-work-pattu-pavadai,4,false,/Users/parthkaswala/Desktop/Amzira_Inventory/14/13/Choli.jpg,catalog/avni-purple-peach-peacock-work-pattu-pavadai/05.webp,http://localhost:8000/static/uploads/products/catalog/avni-purple-peach-peacock-work-pattu-pavadai/05.webp
avni-purple-peach-peacock-work-pattu-pavadai,5,false,/Users/parthkaswala/Desktop/Amzira_Inventory/14/13/Lengha.jpg,catalog/avni-purple-peach-peacock-work-pattu-pavadai/06.webp,http://localhost:8000/static/uploads/products/catalog/avni-purple-peach-peacock-work-pattu-pavadai/06.webp
siya-maroon-mint-tree-deer-pattu-pavadai,0,true,/Users/parthkaswala/Desktop/Amzira_Inventory/14/11/Front_View.jpg,catalog/siya-maroon-mint-tree-deer-pattu-pavadai/01.webp,http://localhost:8000/static/uploads/products/catalog/siya-maroon-mint-tree-deer-pattu-pavadai/01.webp
siya-maroon-mint-tree-deer-pattu-pavadai,1,false,/Users/parthkaswala/Desktop/Amzira_Inventory/14/11/Closure_View.jpg,catalog/siya-maroon-mint-tree-deer-pattu-pavadai/02.webp,http://localhost:8000/static/uploads/products/catalog/siya-maroon-mint-tree-deer-pattu-pavadai/02.webp
siya-maroon-mint-tree-deer-pattu-pavadai,2,false,/Users/parthkaswala/Desktop/Amzira_Inventory/14/11/Side_View.jpg,catalog/siya-maroon-mint-tree-deer-pattu-pavadai/03.webp,http://localhost:8000/static/uploads/products/catalog/siya-maroon-mint-tree-deer-pattu-pavadai/03.webp
siya-maroon-mint-tree-deer-pattu-pavadai,3,false,/Users/parthkaswala/Desktop/Amzira_Inventory/14/11/Back_View.jpg,catalog/siya-maroon-mint-tree-deer-pattu-pavadai/04.webp,http://localhost:8000/static/uploads/products/catalog/siya-maroon-mint-tree-deer-pattu-pavadai/04.webp
siya-maroon-mint-tree-deer-pattu-pavadai,4,false,/Users/parthkaswala/Desktop/Amzira_Inventory/14/11/Choli.jpg,catalog/siya-maroon-mint-tree-deer-pattu-pavadai/05.webp,http://localhost:8000/static/uploads/products/catalog/siya-maroon-mint-tree-deer-pattu-pavadai/05.webp
siya-maroon-mint-tree-deer-pattu-pavadai,5,false,/Users/parthkaswala/Desktop/Amzira_Inventory/14/11/Lengha.jpg,catalog/siya-maroon-mint-tree-deer-pattu-pavadai/06.webp,http://localhost:8000/static/uploads/products/catalog/siya-maroon-mint-tree-deer-pattu-pavadai/06.webp
myra-teal-pistachio-peacock-butta-pattu-pavadai,0,true,/Users/parthkaswala/Desktop/Amzira_Inventory/14/14/Front_View.jpg,catalog/myra-teal-pistachio-peacock-butta-pattu-pavadai/01.webp,http://localhost:8000/static/uploads/products/catalog/myra-teal-pistachio-peacock-butta-pattu-pavadai/01.webp
myra-teal-pistachio-peacock-butta-pattu-pavadai,1,false,/Users/parthkaswala/Desktop/Amzira_Inventory/14/14/Closure_View.jpg,catalog/myra-teal-pistachio-peacock-butta-pattu-pavadai/02.webp,http://localhost:8000/static/uploads/products/catalog/myra-teal-pistachio-peacock-butta-pattu-pavadai/02.webp
myra-teal-pistachio-peacock-butta-pattu-pavadai,2,false,/Users/parthkaswala/Desktop/Amzira_Inventory/14/14/Side_View.jpg,catalog/myra-teal-pistachio-peacock-butta-pattu-pavadai/03.webp,http://localhost:8000/static/uploads/products/catalog/myra-teal-pistachio-peacock-butta-pattu-pavadai/03.webp
myra-teal-pistachio-peacock-butta-pattu-pavadai,3,false,/Users/parthkaswala/Desktop/Amzira_Inventory/14/14/Back_View.jpg,catalog/myra-teal-pistachio-peacock-butta-pattu-pavadai/04.webp,http://localhost:8000/static/uploads/products/catalog/myra-teal-pistachio-peacock-butta-pattu-pavadai/04.webp
myra-teal-pistachio-peacock-butta-pattu-pavadai,4,false,/Users/parthkaswala/Desktop/Amzira_Inventory/14/14/Choli.jpg,catalog/myra-teal-pistachio-peacock-butta-pattu-pavadai/05.webp,http://localhost:8000/static/uploads/products/catalog/myra-teal-pistachio-peacock-butta-pattu-pavadai/05.webp
myra-teal-pistachio-peacock-butta-pattu-pavadai,5,false,/Users/parthkaswala/Desktop/Amzira_Inventory/14/14/Lengha.jpg,catalog/myra-teal-pistachio-peacock-butta-pattu-pavadai/06.webp,http://localhost:8000/static/uploads/products/catalog/myra-teal-pistachio-peacock-butta-pattu-pavadai/06.webp
prisha-purple-green-peacock-butta-pattu-pavadai,0,true,/Users/parthkaswala/Desktop/Amzira_Inventory/14/15/Front_View.jpg,catalog/prisha-purple-green-peacock-butta-pattu-pavadai/01.webp,http://localhost:8000/static/uploads/products/catalog/prisha-purple-green-peacock-butta-pattu-pavadai/01.webp
prisha-purple-green-peacock-butta-pattu-pavadai,1,false,/Users/parthkaswala/Desktop/Amzira_Inventory/14/15/Closure_View.jpg,catalog/prisha-purple-green-peacock-butta-pattu-pavadai/02.webp,http://localhost:8000/static/uploads/products/catalog/prisha-purple-green-peacock-butta-pattu-pavadai/02.webp
prisha-purple-green-peacock-butta-pattu-pavadai,2,false,/Users/parthkaswala/Desktop/Amzira_Inventory/14/15/Side_View.jpg,catalog/prisha-purple-green-peacock-butta-pattu-pavadai/03.webp,http://localhost:8000/static/uploads/products/catalog/prisha-purple-green-peacock-butta-pattu-pavadai/03.webp
prisha-purple-green-peacock-butta-pattu-pavadai,3,false,/Users/parthkaswala/Desktop/Amzira_Inventory/14/15/Back_View.jpg,catalog/prisha-purple-green-peacock-butta-pattu-pavadai/04.webp,http://localhost:8000/static/uploads/products/catalog/prisha-purple-green-peacock-butta-pattu-pavadai/04.webp
prisha-purple-green-peacock-butta-pattu-pavadai,4,false,/Users/parthkaswala/Desktop/Amzira_Inventory/14/15/Choli.jpg,catalog/prisha-purple-green-peacock-butta-pattu-pavadai/05.webp,http://localhost:8000/static/uploads/products/catalog/prisha-purple-green-peacock-butta-pattu-pavadai/05.webp
prisha-purple-green-peacock-butta-pattu-pavadai,5,false,/Users/parthkaswala/Desktop/Amzira_Inventory/14/15/Lengha.png,catalog/prisha-purple-green-peacock-butta-pattu-pavadai/06.webp,http://localhost:8000/static/uploads/products/catalog/prisha-purple-green-peacock-butta-pattu-pavadai/06.webp
aaradhya-cream-pink-tree-deer-pattu-pavadai,0,true,/Users/parthkaswala/Desktop/Amzira_Inventory/14/16/Front_View.jpg,catalog/aaradhya-cream-pink-tree-deer-pattu-pavadai/01.webp,http://localhost:8000/static/uploads/products/catalog/aaradhya-cream-pink-tree-deer-pattu-pavadai/01.webp
aaradhya-cream-pink-tree-deer-pattu-pavadai,1,false,/Users/parthkaswala/Desktop/Amzira_Inventory/14/16/Closure_View.jpg,catalog/aaradhya-cream-pink-tree-deer-pattu-pavadai/02.webp,http://localhost:8000/static/uploads/products/catalog/aaradhya-cream-pink-tree-deer-pattu-pavadai/02.webp
aaradhya-cream-pink-tree-deer-pattu-pavadai,2,false,/Users/parthkaswala/Desktop/Amzira_Inventory/14/16/Side_View.jpg,catalog/aaradhya-cream-pink-tree-deer-pattu-pavadai/03.webp,http://localhost:8000/static/uploads/products/catalog/aaradhya-cream-pink-tree-deer-pattu-pavadai/03.webp
aaradhya-cream-pink-tree-deer-pattu-pavadai,3,false,/Users/parthkaswala/Desktop/Amzira_Inventory/14/16/Back_View.jpg,catalog/aaradhya-cream-pink-tree-deer-pattu-pavadai/04.webp,http://localhost:8000/static/uploads/products/catalog/aaradhya-cream-pink-tree-deer-pattu-pavadai/04.webp
aaradhya-cream-pink-tree-deer-pattu-pavadai,4,false,/Users/parthkaswala/Desktop/Amzira_Inventory/14/16/Choli.jpg,catalog/aaradhya-cream-pink-tree-deer-pattu-pavadai/05.webp,http://localhost:8000/static/uploads/products/catalog/aaradhya-cream-pink-tree-deer-pattu-pavadai/05.webp
aaradhya-cream-pink-tree-deer-pattu-pavadai,5,false,/Users/parthkaswala/Desktop/Amzira_Inventory/14/16/Lengha.png,catalog/aaradhya-cream-pink-tree-deer-pattu-pavadai/06.webp,http://localhost:8000/static/uploads/products/catalog/aaradhya-cream-pink-tree-deer-pattu-pavadai/06.webp
navya-lime-yellow-peacock-butta-pattu-pavadai,0,true,/Users/parthkaswala/Desktop/Amzira_Inventory/14/23/Front_View.png,catalog/navya-lime-yellow-peacock-butta-pattu-pavadai/01.webp,http://localhost:8000/static/uploads/products/catalog/navya-lime-yellow-peacock-butta-pattu-pavadai/01.webp
navya-lime-yellow-peacock-butta-pattu-pavadai,1,false,/Users/parthkaswala/Desktop/Amzira_Inventory/14/23/Closure_View.png,catalog/navya-lime-yellow-peacock-butta-pattu-pavadai/02.webp,http://localhost:8000/static/uploads/products/catalog/navya-lime-yellow-peacock-butta-pattu-pavadai/02.webp
navya-lime-yellow-peacock-butta-pattu-pavadai,2,false,/Users/parthkaswala/Desktop/Amzira_Inventory/14/23/Side_View.png,catalog/navya-lime-yellow-peacock-butta-pattu-pavadai/03.webp,http://localhost:8000/static/uploads/products/catalog/navya-lime-yellow-peacock-butta-pattu-pavadai/03.webp
navya-lime-yellow-peacock-butta-pattu-pavadai,3,false,/Users/parthkaswala/Desktop/Amzira_Inventory/14/23/Back_View.png,catalog/navya-lime-yellow-peacock-butta-pattu-pavadai/04.webp,http://localhost:8000/static/uploads/products/catalog/navya-lime-yellow-peacock-butta-pattu-pavadai/04.webp
navya-lime-yellow-peacock-butta-pattu-pavadai,4,false,/Users/parthkaswala/Desktop/Amzira_Inventory/14/23/Choli.png,catalog/navya-lime-yellow-peacock-butta-pattu-pavadai/05.webp,http://localhost:8000/static/uploads/products/catalog/navya-lime-yellow-peacock-butta-pattu-pavadai/05.webp
navya-lime-yellow-peacock-butta-pattu-pavadai,5,false,/Users/parthkaswala/Desktop/Amzira_Inventory/14/23/Lengha.png,catalog/navya-lime-yellow-peacock-butta-pattu-pavadai/06.webp,http://localhost:8000/static/uploads/products/catalog/navya-lime-yellow-peacock-butta-pattu-pavadai/06.webp
anvi-green-blue-peacock-butta-pattu-pavadai,0,true,/Users/parthkaswala/Desktop/Amzira_Inventory/14/18/Front_View.jpg,catalog/anvi-green-blue-peacock-butta-pattu-pavadai/01.webp,http://localhost:8000/static/uploads/products/catalog/anvi-green-blue-peacock-butta-pattu-pavadai/01.webp
anvi-green-blue-peacock-butta-pattu-pavadai,1,false,/Users/parthkaswala/Desktop/Amzira_Inventory/14/18/Closure_View.jpg,catalog/anvi-green-blue-peacock-butta-pattu-pavadai/02.webp,http://localhost:8000/static/uploads/products/catalog/anvi-green-blue-peacock-butta-pattu-pavadai/02.webp
anvi-green-blue-peacock-butta-pattu-pavadai,2,false,/Users/parthkaswala/Desktop/Amzira_Inventory/14/18/Side_View.jpg,catalog/anvi-green-blue-peacock-butta-pattu-pavadai/03.webp,http://localhost:8000/static/uploads/products/catalog/anvi-green-blue-peacock-butta-pattu-pavadai/03.webp
anvi-green-blue-peacock-butta-pattu-pavadai,3,false,/Users/parthkaswala/Desktop/Amzira_Inventory/14/18/Back_View.jpg,catalog/anvi-green-blue-peacock-butta-pattu-pavadai/04.webp,http://localhost:8000/static/uploads/products/catalog/anvi-green-blue-peacock-butta-pattu-pavadai/04.webp
anvi-green-blue-peacock-butta-pattu-pavadai,4,false,/Users/parthkaswala/Desktop/Amzira_Inventory/14/18/Choli.jpg,catalog/anvi-green-blue-peacock-butta-pattu-pavadai/05.webp,http://localhost:8000/static/uploads/products/catalog/anvi-green-blue-peacock-butta-pattu-pavadai/05.webp
anvi-green-blue-peacock-butta-pattu-pavadai,5,false,/Users/parthkaswala/Desktop/Amzira_Inventory/14/18/Lengha.jpg,catalog/anvi-green-blue-peacock-butta-pattu-pavadai/06.webp,http://localhost:8000/static/uploads/products/catalog/anvi-green-blue-peacock-butta-pattu-pavadai/06.webp
kiara-green-maroon-peacock-work-pattu-pavadai,0,true,/Users/parthkaswala/Desktop/Amzira_Inventory/14/19/Front_View.jpg,catalog/kiara-green-maroon-peacock-work-pattu-pavadai/01.webp,http://localhost:8000/static/uploads/products/catalog/kiara-green-maroon-peacock-work-pattu-pavadai/01.webp
kiara-green-maroon-peacock-work-pattu-pavadai,1,false,/Users/parthkaswala/Desktop/Amzira_Inventory/14/19/Closure_View.jpg,catalog/kiara-green-maroon-peacock-work-pattu-pavadai/02.webp,http://localhost:8000/static/uploads/products/catalog/kiara-green-maroon-peacock-work-pattu-pavadai/02.webp
kiara-green-maroon-peacock-work-pattu-pavadai,2,false,/Users/parthkaswala/Desktop/Amzira_Inventory/14/19/Side_View.jpg,catalog/kiara-green-maroon-peacock-work-pattu-pavadai/03.webp,http://localhost:8000/static/uploads/products/catalog/kiara-green-maroon-peacock-work-pattu-pavadai/03.webp
kiara-green-maroon-peacock-work-pattu-pavadai,3,false,/Users/parthkaswala/Desktop/Amzira_Inventory/14/19/Back_View.jpg,catalog/kiara-green-maroon-peacock-work-pattu-pavadai/04.webp,http://localhost:8000/static/uploads/products/catalog/kiara-green-maroon-peacock-work-pattu-pavadai/04.webp
kiara-green-maroon-peacock-work-pattu-pavadai,4,false,/Users/parthkaswala/Desktop/Amzira_Inventory/14/19/Choli.jpg,catalog/kiara-green-maroon-peacock-work-pattu-pavadai/05.webp,http://localhost:8000/static/uploads/products/catalog/kiara-green-maroon-peacock-work-pattu-pavadai/05.webp
kiara-green-maroon-peacock-work-pattu-pavadai,5,false,/Users/parthkaswala/Desktop/Amzira_Inventory/14/19/Lengha.jpg,catalog/kiara-green-maroon-peacock-work-pattu-pavadai/06.webp,http://localhost:8000/static/uploads/products/catalog/kiara-green-maroon-peacock-work-pattu-pavadai/06.webp
saanvi-yellow-green-tree-deer-pattu-pavadai,0,true,/Users/parthkaswala/Desktop/Amzira_Inventory/14/20/Front_View.png,catalog/saanvi-yellow-green-tree-deer-pattu-pavadai/01.webp,http://localhost:8000/static/uploads/products/catalog/saanvi-yellow-green-tree-deer-pattu-pavadai/01.webp
saanvi-yellow-green-tree-deer-pattu-pavadai,1,false,/Users/parthkaswala/Desktop/Amzira_Inventory/14/20/Closure_View.png,catalog/saanvi-yellow-green-tree-deer-pattu-pavadai/02.webp,http://localhost:8000/static/uploads/products/catalog/saanvi-yellow-green-tree-deer-pattu-pavadai/02.webp
saanvi-yellow-green-tree-deer-pattu-pavadai,2,false,/Users/parthkaswala/Desktop/Amzira_Inventory/14/20/Side_View.png,catalog/saanvi-yellow-green-tree-deer-pattu-pavadai/03.webp,http://localhost:8000/static/uploads/products/catalog/saanvi-yellow-green-tree-deer-pattu-pavadai/03.webp
saanvi-yellow-green-tree-deer-pattu-pavadai,3,false,/Users/parthkaswala/Desktop/Amzira_Inventory/14/20/Back_View.png,catalog/saanvi-yellow-green-tree-deer-pattu-pavadai/04.webp,http://localhost:8000/static/uploads/products/catalog/saanvi-yellow-green-tree-deer-pattu-pavadai/04.webp
saanvi-yellow-green-tree-deer-pattu-pavadai,4,false,/Users/parthkaswala/Desktop/Amzira_Inventory/14/20/Choli.png,catalog/saanvi-yellow-green-tree-deer-pattu-pavadai/05.webp,http://localhost:8000/static/uploads/products/catalog/saanvi-yellow-green-tree-deer-pattu-pavadai/05.webp
saanvi-yellow-green-tree-deer-pattu-pavadai,5,false,/Users/parthkaswala/Desktop/Amzira_Inventory/14/20/Lengha.png,catalog/saanvi-yellow-green-tree-deer-pattu-pavadai/06.webp,http://localhost:8000/static/uploads/products/catalog/saanvi-yellow-green-tree-deer-pattu-pavadai/06.webp
amaira-light-green-red-jacquard-work-lehenga-choli,0,true,/Users/parthkaswala/Desktop/Amzira_Inventory/14/21/Front_View.jpg,catalog/amaira-light-green-red-jacquard-work-lehenga-choli/01.webp,http://localhost:8000/static/uploads/products/catalog/amaira-light-green-red-jacquard-work-lehenga-choli/01.webp
amaira-light-green-red-jacquard-work-lehenga-choli,1,false,/Users/parthkaswala/Desktop/Amzira_Inventory/14/21/Closure_View.jpg,catalog/amaira-light-green-red-jacquard-work-lehenga-choli/02.webp,http://localhost:8000/static/uploads/products/catalog/amaira-light-green-red-jacquard-work-lehenga-choli/02.webp
amaira-light-green-red-jacquard-work-lehenga-choli,2,false,/Users/parthkaswala/Desktop/Amzira_Inventory/14/21/Side_View.jpg,catalog/amaira-light-green-red-jacquard-work-lehenga-choli/03.webp,http://localhost:8000/static/uploads/products/catalog/amaira-light-green-red-jacquard-work-lehenga-choli/03.webp
amaira-light-green-red-jacquard-work-lehenga-choli,3,false,/Users/parthkaswala/Desktop/Amzira_Inventory/14/21/Back_View.jpg,catalog/amaira-light-green-red-jacquard-work-lehenga-choli/04.webp,http://localhost:8000/static/uploads/products/catalog/amaira-light-green-red-jacquard-work-lehenga-choli/04.webp
amaira-light-green-red-jacquard-work-lehenga-choli,4,false,/Users/parthkaswala/Desktop/Amzira_Inventory/14/21/Outfit.png,catalog/amaira-light-green-red-jacquard-work-lehenga-choli/05.webp,http://localhost:8000/static/uploads/products/catalog/amaira-light-green-red-jacquard-work-lehenga-choli/05.webp
amaira-light-green-red-jacquard-work-lehenga-choli,5,false,/Users/parthkaswala/Desktop/Amzira_Inventory/14/21/Choli.jpg,catalog/amaira-light-green-red-jacquard-work-lehenga-choli/06.webp,http://localhost:8000/static/uploads/products/catalog/amaira-light-green-red-jacquard-work-lehenga-choli/06.webp
amaira-light-green-red-jacquard-work-lehenga-choli,6,false,/Users/parthkaswala/Desktop/Amzira_Inventory/14/21/Lengha.jpg,catalog/amaira-light-green-red-jacquard-work-lehenga-choli/07.webp,http://localhost:8000/static/uploads/products/catalog/amaira-light-green-red-jacquard-work-lehenga-choli/07.webp
neela-royal-blue-checked-butta-pattu-pavadai,0,true,/Users/parthkaswala/Desktop/Amzira_Inventory/15/Front_View.png,catalog/neela-royal-blue-checked-butta-pattu-pavadai/01-ordered.webp,http://localhost:8000/static/uploads/products/catalog/neela-royal-blue-checked-butta-pattu-pavadai/01-ordered.webp
neela-royal-blue-checked-butta-pattu-pavadai,1,false,/Users/parthkaswala/Desktop/Amzira_Inventory/15/Closure_View.png,catalog/neela-royal-blue-checked-butta-pattu-pavadai/02-ordered.webp,http://localhost:8000/static/uploads/products/catalog/neela-royal-blue-checked-butta-pattu-pavadai/02-ordered.webp
neela-royal-blue-checked-butta-pattu-pavadai,2,false,/Users/parthkaswala/Desktop/Amzira_Inventory/15/Side_View.png,catalog/neela-royal-blue-checked-butta-pattu-pavadai/03-ordered.webp,http://localhost:8000/static/uploads/products/catalog/neela-royal-blue-checked-butta-pattu-pavadai/03-ordered.webp
neela-royal-blue-checked-butta-pattu-pavadai,3,false,/Users/parthkaswala/Desktop/Amzira_Inventory/15/Back_View.png,catalog/neela-royal-blue-checked-butta-pattu-pavadai/04-ordered.webp,http://localhost:8000/static/uploads/products/catalog/neela-royal-blue-checked-butta-pattu-pavadai/04-ordered.webp
neela-royal-blue-checked-butta-pattu-pavadai,4,false,/Users/parthkaswala/Desktop/Amzira_Inventory/15/Choli.png,catalog/neela-royal-blue-checked-butta-pattu-pavadai/05-ordered.webp,http://localhost:8000/static/uploads/products/catalog/neela-royal-blue-checked-butta-pattu-pavadai/05-ordered.webp
neela-royal-blue-checked-butta-pattu-pavadai,5,false,/Users/parthkaswala/Desktop/Amzira_Inventory/15/Lengha.png,catalog/neela-royal-blue-checked-butta-pattu-pavadai/06-ordered.webp,http://localhost:8000/static/uploads/products/catalog/neela-royal-blue-checked-butta-pattu-pavadai/06-ordered.webp
gauri-green-rani-pink-checked-butta-pattu-pavadai,0,true,/Users/parthkaswala/Desktop/Amzira_Inventory/2/1/Front_View.jpg,catalog/gauri-green-rani-pink-checked-butta-pattu-pavadai/01.webp,http://localhost:8000/static/uploads/products/catalog/gauri-green-rani-pink-checked-butta-pattu-pavadai/01.webp
gauri-green-rani-pink-checked-butta-pattu-pavadai,1,false,/Users/parthkaswala/Desktop/Amzira_Inventory/2/1/Closure_View.jpg,catalog/gauri-green-rani-pink-checked-butta-pattu-pavadai/02.webp,http://localhost:8000/static/uploads/products/catalog/gauri-green-rani-pink-checked-butta-pattu-pavadai/02.webp
gauri-green-rani-pink-checked-butta-pattu-pavadai,2,false,/Users/parthkaswala/Desktop/Amzira_Inventory/2/1/Side_View.jpg,catalog/gauri-green-rani-pink-checked-butta-pattu-pavadai/03.webp,http://localhost:8000/static/uploads/products/catalog/gauri-green-rani-pink-checked-butta-pattu-pavadai/03.webp
gauri-green-rani-pink-checked-butta-pattu-pavadai,3,false,/Users/parthkaswala/Desktop/Amzira_Inventory/2/1/Back_View.jpg,catalog/gauri-green-rani-pink-checked-butta-pattu-pavadai/04.webp,http://localhost:8000/static/uploads/products/catalog/gauri-green-rani-pink-checked-butta-pattu-pavadai/04.webp
gauri-green-rani-pink-checked-butta-pattu-pavadai,4,false,/Users/parthkaswala/Desktop/Amzira_Inventory/2/1/Choli.jpg,catalog/gauri-green-rani-pink-checked-butta-pattu-pavadai/05.webp,http://localhost:8000/static/uploads/products/catalog/gauri-green-rani-pink-checked-butta-pattu-pavadai/05.webp
gauri-green-rani-pink-checked-butta-pattu-pavadai,5,false,/Users/parthkaswala/Desktop/Amzira_Inventory/2/1/Lengha.jpg,catalog/gauri-green-rani-pink-checked-butta-pattu-pavadai/06.webp,http://localhost:8000/static/uploads/products/catalog/gauri-green-rani-pink-checked-butta-pattu-pavadai/06.webp
mahi-purple-green-checked-butta-pattu-pavadai,0,true,/Users/parthkaswala/Desktop/Amzira_Inventory/2/2/Front_View.jpg,catalog/mahi-purple-green-checked-butta-pattu-pavadai/01.webp,http://localhost:8000/static/uploads/products/catalog/mahi-purple-green-checked-butta-pattu-pavadai/01.webp
mahi-purple-green-checked-butta-pattu-pavadai,1,false,/Users/parthkaswala/Desktop/Amzira_Inventory/2/2/Closure_View.jpg,catalog/mahi-purple-green-checked-butta-pattu-pavadai/02.webp,http://localhost:8000/static/uploads/products/catalog/mahi-purple-green-checked-butta-pattu-pavadai/02.webp
mahi-purple-green-checked-butta-pattu-pavadai,2,false,/Users/parthkaswala/Desktop/Amzira_Inventory/2/2/Side_View.jpg,catalog/mahi-purple-green-checked-butta-pattu-pavadai/03.webp,http://localhost:8000/static/uploads/products/catalog/mahi-purple-green-checked-butta-pattu-pavadai/03.webp
mahi-purple-green-checked-butta-pattu-pavadai,3,false,/Users/parthkaswala/Desktop/Amzira_Inventory/2/2/Back_View.jpg,catalog/mahi-purple-green-checked-butta-pattu-pavadai/04.webp,http://localhost:8000/static/uploads/products/catalog/mahi-purple-green-checked-butta-pattu-pavadai/04.webp
mahi-purple-green-checked-butta-pattu-pavadai,4,false,/Users/parthkaswala/Desktop/Amzira_Inventory/2/2/Choli.jpg,catalog/mahi-purple-green-checked-butta-pattu-pavadai/05.webp,http://localhost:8000/static/uploads/products/catalog/mahi-purple-green-checked-butta-pattu-pavadai/05.webp
mahi-purple-green-checked-butta-pattu-pavadai,5,false,/Users/parthkaswala/Desktop/Amzira_Inventory/2/2/Lengha.jpg,catalog/mahi-purple-green-checked-butta-pattu-pavadai/06.webp,http://localhost:8000/static/uploads/products/catalog/mahi-purple-green-checked-butta-pattu-pavadai/06.webp
tara-royal-blue-ivory-checked-butta-pattu-pavadai,0,true,/Users/parthkaswala/Desktop/Amzira_Inventory/2/3/Front_View.jpg,catalog/tara-royal-blue-ivory-checked-butta-pattu-pavadai/01.webp,http://localhost:8000/static/uploads/products/catalog/tara-royal-blue-ivory-checked-butta-pattu-pavadai/01.webp
tara-royal-blue-ivory-checked-butta-pattu-pavadai,1,false,/Users/parthkaswala/Desktop/Amzira_Inventory/2/3/Closure_View.jpg,catalog/tara-royal-blue-ivory-checked-butta-pattu-pavadai/02.webp,http://localhost:8000/static/uploads/products/catalog/tara-royal-blue-ivory-checked-butta-pattu-pavadai/02.webp
tara-royal-blue-ivory-checked-butta-pattu-pavadai,2,false,/Users/parthkaswala/Desktop/Amzira_Inventory/2/3/Back_View.jpg,catalog/tara-royal-blue-ivory-checked-butta-pattu-pavadai/03.webp,http://localhost:8000/static/uploads/products/catalog/tara-royal-blue-ivory-checked-butta-pattu-pavadai/03.webp
tara-royal-blue-ivory-checked-butta-pattu-pavadai,3,false,/Users/parthkaswala/Desktop/Amzira_Inventory/2/3/Choli.jpg,catalog/tara-royal-blue-ivory-checked-butta-pattu-pavadai/04.webp,http://localhost:8000/static/uploads/products/catalog/tara-royal-blue-ivory-checked-butta-pattu-pavadai/04.webp
tara-royal-blue-ivory-checked-butta-pattu-pavadai,4,false,/Users/parthkaswala/Desktop/Amzira_Inventory/2/3/Lengha.jpg,catalog/tara-royal-blue-ivory-checked-butta-pattu-pavadai/05.webp,http://localhost:8000/static/uploads/products/catalog/tara-royal-blue-ivory-checked-butta-pattu-pavadai/05.webp
aarohi-royal-blue-orange-checked-butta-pattu-pavadai,0,true,/Users/parthkaswala/Desktop/Amzira_Inventory/2/4/Front_View.jpg,catalog/aarohi-royal-blue-orange-checked-butta-pattu-pavadai/01.webp,http://localhost:8000/static/uploads/products/catalog/aarohi-royal-blue-orange-checked-butta-pattu-pavadai/01.webp
aarohi-royal-blue-orange-checked-butta-pattu-pavadai,1,false,/Users/parthkaswala/Desktop/Amzira_Inventory/2/4/Closure_View.jpg,catalog/aarohi-royal-blue-orange-checked-butta-pattu-pavadai/02.webp,http://localhost:8000/static/uploads/products/catalog/aarohi-royal-blue-orange-checked-butta-pattu-pavadai/02.webp
aarohi-royal-blue-orange-checked-butta-pattu-pavadai,2,false,/Users/parthkaswala/Desktop/Amzira_Inventory/2/4/Back_View.jpg,catalog/aarohi-royal-blue-orange-checked-butta-pattu-pavadai/03.webp,http://localhost:8000/static/uploads/products/catalog/aarohi-royal-blue-orange-checked-butta-pattu-pavadai/03.webp
aarohi-royal-blue-orange-checked-butta-pattu-pavadai,3,false,/Users/parthkaswala/Desktop/Amzira_Inventory/2/4/Choli.jpg,catalog/aarohi-royal-blue-orange-checked-butta-pattu-pavadai/04.webp,http://localhost:8000/static/uploads/products/catalog/aarohi-royal-blue-orange-checked-butta-pattu-pavadai/04.webp
aarohi-royal-blue-orange-checked-butta-pattu-pavadai,4,false,/Users/parthkaswala/Desktop/Amzira_Inventory/2/4/Lengha.jpg,catalog/aarohi-royal-blue-orange-checked-butta-pattu-pavadai/05.webp,http://localhost:8000/static/uploads/products/catalog/aarohi-royal-blue-orange-checked-butta-pattu-pavadai/05.webp
ishani-red-black-checked-butta-pattu-pavadai,0,true,/Users/parthkaswala/Desktop/Amzira_Inventory/2/5/Front_View.png,catalog/ishani-red-black-checked-butta-pattu-pavadai/01.webp,http://localhost:8000/static/uploads/products/catalog/ishani-red-black-checked-butta-pattu-pavadai/01.webp
ishani-red-black-checked-butta-pattu-pavadai,1,false,/Users/parthkaswala/Desktop/Amzira_Inventory/2/5/Closure_View.png,catalog/ishani-red-black-checked-butta-pattu-pavadai/02.webp,http://localhost:8000/static/uploads/products/catalog/ishani-red-black-checked-butta-pattu-pavadai/02.webp
ishani-red-black-checked-butta-pattu-pavadai,2,false,/Users/parthkaswala/Desktop/Amzira_Inventory/2/5/Side_View.png,catalog/ishani-red-black-checked-butta-pattu-pavadai/03.webp,http://localhost:8000/static/uploads/products/catalog/ishani-red-black-checked-butta-pattu-pavadai/03.webp
ishani-red-black-checked-butta-pattu-pavadai,3,false,/Users/parthkaswala/Desktop/Amzira_Inventory/2/5/Back_View.png,catalog/ishani-red-black-checked-butta-pattu-pavadai/04.webp,http://localhost:8000/static/uploads/products/catalog/ishani-red-black-checked-butta-pattu-pavadai/04.webp
ishani-red-black-checked-butta-pattu-pavadai,4,false,/Users/parthkaswala/Desktop/Amzira_Inventory/2/5/Choli.png,catalog/ishani-red-black-checked-butta-pattu-pavadai/05.webp,http://localhost:8000/static/uploads/products/catalog/ishani-red-black-checked-butta-pattu-pavadai/05.webp
ishani-red-black-checked-butta-pattu-pavadai,5,false,/Users/parthkaswala/Desktop/Amzira_Inventory/2/5/Lengha.png,catalog/ishani-red-black-checked-butta-pattu-pavadai/06.webp,http://localhost:8000/static/uploads/products/catalog/ishani-red-black-checked-butta-pattu-pavadai/06.webp
aanya-pink-navy-pattu-pavadai,0,true,/Users/parthkaswala/Desktop/Amzira_Inventory/3/2/Front_View.jpg,catalog/aanya-pink-navy-pattu-pavadai/01.webp,http://localhost:8000/static/uploads/products/catalog/aanya-pink-navy-pattu-pavadai/01.webp
aanya-pink-navy-pattu-pavadai,1,false,/Users/parthkaswala/Desktop/Amzira_Inventory/3/2/Closure_View.jpg,catalog/aanya-pink-navy-pattu-pavadai/02.webp,http://localhost:8000/static/uploads/products/catalog/aanya-pink-navy-pattu-pavadai/02.webp
aanya-pink-navy-pattu-pavadai,2,false,/Users/parthkaswala/Desktop/Amzira_Inventory/3/2/Side_View.jpg,catalog/aanya-pink-navy-pattu-pavadai/03.webp,http://localhost:8000/static/uploads/products/catalog/aanya-pink-navy-pattu-pavadai/03.webp
aanya-pink-navy-pattu-pavadai,3,false,/Users/parthkaswala/Desktop/Amzira_Inventory/3/2/Back_View.jpg,catalog/aanya-pink-navy-pattu-pavadai/04.webp,http://localhost:8000/static/uploads/products/catalog/aanya-pink-navy-pattu-pavadai/04.webp
aanya-pink-navy-pattu-pavadai,4,false,/Users/parthkaswala/Desktop/Amzira_Inventory/3/2/Lengha.png,catalog/aanya-pink-navy-pattu-pavadai/05.webp,http://localhost:8000/static/uploads/products/catalog/aanya-pink-navy-pattu-pavadai/05.webp
aarini-navy-maroon-pattu-pavadai,0,true,/Users/parthkaswala/Desktop/Amzira_Inventory/3/3/Front_View.jpg,catalog/aarini-navy-maroon-pattu-pavadai/01.webp,http://localhost:8000/static/uploads/products/catalog/aarini-navy-maroon-pattu-pavadai/01.webp
aarini-navy-maroon-pattu-pavadai,1,false,/Users/parthkaswala/Desktop/Amzira_Inventory/3/3/Closure_View.jpg,catalog/aarini-navy-maroon-pattu-pavadai/02.webp,http://localhost:8000/static/uploads/products/catalog/aarini-navy-maroon-pattu-pavadai/02.webp
aarini-navy-maroon-pattu-pavadai,2,false,/Users/parthkaswala/Desktop/Amzira_Inventory/3/3/Side_View.jpg,catalog/aarini-navy-maroon-pattu-pavadai/03.webp,http://localhost:8000/static/uploads/products/catalog/aarini-navy-maroon-pattu-pavadai/03.webp
aarini-navy-maroon-pattu-pavadai,3,false,/Users/parthkaswala/Desktop/Amzira_Inventory/3/3/Back_View.jpg,catalog/aarini-navy-maroon-pattu-pavadai/04.webp,http://localhost:8000/static/uploads/products/catalog/aarini-navy-maroon-pattu-pavadai/04.webp
aashi-peach-maroon-pattu-pavadai,0,true,/Users/parthkaswala/Desktop/Amzira_Inventory/3/1/Front_View.png,catalog/aashi-peach-maroon-pattu-pavadai/01.webp,http://localhost:8000/static/uploads/products/catalog/aashi-peach-maroon-pattu-pavadai/01.webp
aashi-peach-maroon-pattu-pavadai,1,false,/Users/parthkaswala/Desktop/Amzira_Inventory/3/1/Closure_View.png,catalog/aashi-peach-maroon-pattu-pavadai/02.webp,http://localhost:8000/static/uploads/products/catalog/aashi-peach-maroon-pattu-pavadai/02.webp
aashi-peach-maroon-pattu-pavadai,2,false,/Users/parthkaswala/Desktop/Amzira_Inventory/3/1/Side_View.png,catalog/aashi-peach-maroon-pattu-pavadai/03.webp,http://localhost:8000/static/uploads/products/catalog/aashi-peach-maroon-pattu-pavadai/03.webp
aashi-peach-maroon-pattu-pavadai,3,false,/Users/parthkaswala/Desktop/Amzira_Inventory/3/1/Back_View.png,catalog/aashi-peach-maroon-pattu-pavadai/04.webp,http://localhost:8000/static/uploads/products/catalog/aashi-peach-maroon-pattu-pavadai/04.webp
aashi-peach-maroon-pattu-pavadai,4,false,/Users/parthkaswala/Desktop/Amzira_Inventory/3/1/Choli.png,catalog/aashi-peach-maroon-pattu-pavadai/05.webp,http://localhost:8000/static/uploads/products/catalog/aashi-peach-maroon-pattu-pavadai/05.webp
aashi-peach-maroon-pattu-pavadai,5,false,/Users/parthkaswala/Desktop/Amzira_Inventory/3/1/Lengha.png,catalog/aashi-peach-maroon-pattu-pavadai/06.webp,http://localhost:8000/static/uploads/products/catalog/aashi-peach-maroon-pattu-pavadai/06.webp
aditi-purple-aqua-pattu-pavadai,0,true,/Users/parthkaswala/Desktop/Amzira_Inventory/3/4/Front_View.jpg,catalog/aditi-purple-aqua-pattu-pavadai/01.webp,http://localhost:8000/static/uploads/products/catalog/aditi-purple-aqua-pattu-pavadai/01.webp
aditi-purple-aqua-pattu-pavadai,1,false,/Users/parthkaswala/Desktop/Amzira_Inventory/3/4/Closure_View.jpg,catalog/aditi-purple-aqua-pattu-pavadai/02.webp,http://localhost:8000/static/uploads/products/catalog/aditi-purple-aqua-pattu-pavadai/02.webp
aditi-purple-aqua-pattu-pavadai,2,false,/Users/parthkaswala/Desktop/Amzira_Inventory/3/4/Side_View.jpg,catalog/aditi-purple-aqua-pattu-pavadai/03.webp,http://localhost:8000/static/uploads/products/catalog/aditi-purple-aqua-pattu-pavadai/03.webp
aditi-purple-aqua-pattu-pavadai,3,false,/Users/parthkaswala/Desktop/Amzira_Inventory/3/4/Back_View.jpg,catalog/aditi-purple-aqua-pattu-pavadai/04.webp,http://localhost:8000/static/uploads/products/catalog/aditi-purple-aqua-pattu-pavadai/04.webp
aditi-purple-aqua-pattu-pavadai,4,false,/Users/parthkaswala/Desktop/Amzira_Inventory/3/4/Lengha.png,catalog/aditi-purple-aqua-pattu-pavadai/05.webp,http://localhost:8000/static/uploads/products/catalog/aditi-purple-aqua-pattu-pavadai/05.webp
ahana-blue-pink-pattu-pavadai,0,true,/Users/parthkaswala/Desktop/Amzira_Inventory/3/5/Front_View.jpg,catalog/ahana-blue-pink-pattu-pavadai/01.webp,http://localhost:8000/static/uploads/products/catalog/ahana-blue-pink-pattu-pavadai/01.webp
ahana-blue-pink-pattu-pavadai,1,false,/Users/parthkaswala/Desktop/Amzira_Inventory/3/5/Closure_View.jpg,catalog/ahana-blue-pink-pattu-pavadai/02.webp,http://localhost:8000/static/uploads/products/catalog/ahana-blue-pink-pattu-pavadai/02.webp
ahana-blue-pink-pattu-pavadai,2,false,/Users/parthkaswala/Desktop/Amzira_Inventory/3/5/Side_View.jpg,catalog/ahana-blue-pink-pattu-pavadai/03.webp,http://localhost:8000/static/uploads/products/catalog/ahana-blue-pink-pattu-pavadai/03.webp
ahana-blue-pink-pattu-pavadai,3,false,/Users/parthkaswala/Desktop/Amzira_Inventory/3/5/Back_View.jpg,catalog/ahana-blue-pink-pattu-pavadai/04.webp,http://localhost:8000/static/uploads/products/catalog/ahana-blue-pink-pattu-pavadai/04.webp
ahana-blue-pink-pattu-pavadai,4,false,/Users/parthkaswala/Desktop/Amzira_Inventory/3/5/Lengha.png,catalog/ahana-blue-pink-pattu-pavadai/05.webp,http://localhost:8000/static/uploads/products/catalog/ahana-blue-pink-pattu-pavadai/05.webp
akshara-mint-navy-pattu-pavadai,0,true,/Users/parthkaswala/Desktop/Amzira_Inventory/3/6/Front_View.jpg,catalog/akshara-mint-navy-pattu-pavadai/01.webp,http://localhost:8000/static/uploads/products/catalog/akshara-mint-navy-pattu-pavadai/01.webp
akshara-mint-navy-pattu-pavadai,1,false,/Users/parthkaswala/Desktop/Amzira_Inventory/3/6/Closure_View.jpg,catalog/akshara-mint-navy-pattu-pavadai/02.webp,http://localhost:8000/static/uploads/products/catalog/akshara-mint-navy-pattu-pavadai/02.webp
akshara-mint-navy-pattu-pavadai,2,false,/Users/parthkaswala/Desktop/Amzira_Inventory/3/6/Side_View.jpg,catalog/akshara-mint-navy-pattu-pavadai/03.webp,http://localhost:8000/static/uploads/products/catalog/akshara-mint-navy-pattu-pavadai/03.webp
akshara-mint-navy-pattu-pavadai,3,false,/Users/parthkaswala/Desktop/Amzira_Inventory/3/6/Lengha.png,catalog/akshara-mint-navy-pattu-pavadai/04.webp,http://localhost:8000/static/uploads/products/catalog/akshara-mint-navy-pattu-pavadai/04.webp
alina-pink-aqua-pattu-pavadai,0,true,/Users/parthkaswala/Desktop/Amzira_Inventory/3/7/Front_View.jpg,catalog/alina-pink-aqua-pattu-pavadai/01.webp,http://localhost:8000/static/uploads/products/catalog/alina-pink-aqua-pattu-pavadai/01.webp
alina-pink-aqua-pattu-pavadai,1,false,/Users/parthkaswala/Desktop/Amzira_Inventory/3/7/Closure_View.jpg,catalog/alina-pink-aqua-pattu-pavadai/02.webp,http://localhost:8000/static/uploads/products/catalog/alina-pink-aqua-pattu-pavadai/02.webp
alina-pink-aqua-pattu-pavadai,2,false,/Users/parthkaswala/Desktop/Amzira_Inventory/3/7/Side_View.jpg,catalog/alina-pink-aqua-pattu-pavadai/03.webp,http://localhost:8000/static/uploads/products/catalog/alina-pink-aqua-pattu-pavadai/03.webp
alina-pink-aqua-pattu-pavadai,3,false,/Users/parthkaswala/Desktop/Amzira_Inventory/3/7/Back_View.jpg,catalog/alina-pink-aqua-pattu-pavadai/04.webp,http://localhost:8000/static/uploads/products/catalog/alina-pink-aqua-pattu-pavadai/04.webp
alina-pink-aqua-pattu-pavadai,4,false,/Users/parthkaswala/Desktop/Amzira_Inventory/3/7/Lengha.png,catalog/alina-pink-aqua-pattu-pavadai/05.webp,http://localhost:8000/static/uploads/products/catalog/alina-pink-aqua-pattu-pavadai/05.webp
amaya-maroon-olive-pattu-pavadai,0,true,/Users/parthkaswala/Desktop/Amzira_Inventory/3/8/Front_View.jpg,catalog/amaya-maroon-olive-pattu-pavadai/01.webp,http://localhost:8000/static/uploads/products/catalog/amaya-maroon-olive-pattu-pavadai/01.webp
amaya-maroon-olive-pattu-pavadai,1,false,/Users/parthkaswala/Desktop/Amzira_Inventory/3/8/Closure_View.jpg,catalog/amaya-maroon-olive-pattu-pavadai/02.webp,http://localhost:8000/static/uploads/products/catalog/amaya-maroon-olive-pattu-pavadai/02.webp
amaya-maroon-olive-pattu-pavadai,2,false,/Users/parthkaswala/Desktop/Amzira_Inventory/3/8/Side_View.jpg,catalog/amaya-maroon-olive-pattu-pavadai/03.webp,http://localhost:8000/static/uploads/products/catalog/amaya-maroon-olive-pattu-pavadai/03.webp
amaya-maroon-olive-pattu-pavadai,3,false,/Users/parthkaswala/Desktop/Amzira_Inventory/3/8/Back_View.jpg,catalog/amaya-maroon-olive-pattu-pavadai/04.webp,http://localhost:8000/static/uploads/products/catalog/amaya-maroon-olive-pattu-pavadai/04.webp
amaya-maroon-olive-pattu-pavadai,4,false,/Users/parthkaswala/Desktop/Amzira_Inventory/3/8/Lengha.png,catalog/amaya-maroon-olive-pattu-pavadai/05.webp,http://localhost:8000/static/uploads/products/catalog/amaya-maroon-olive-pattu-pavadai/05.webp
anaya-red-olive-pattu-pavadai,0,true,/Users/parthkaswala/Desktop/Amzira_Inventory/13/Front_View.png,catalog/anaya-red-olive-pattu-pavadai/01.webp,http://localhost:8000/static/uploads/products/catalog/anaya-red-olive-pattu-pavadai/01.webp
anaya-red-olive-pattu-pavadai,1,false,/Users/parthkaswala/Desktop/Amzira_Inventory/13/Side_View.png,catalog/anaya-red-olive-pattu-pavadai/02.webp,http://localhost:8000/static/uploads/products/catalog/anaya-red-olive-pattu-pavadai/02.webp
anaya-red-olive-pattu-pavadai,2,false,/Users/parthkaswala/Desktop/Amzira_Inventory/13/Back_View.png,catalog/anaya-red-olive-pattu-pavadai/03.webp,http://localhost:8000/static/uploads/products/catalog/anaya-red-olive-pattu-pavadai/03.webp
anvi-green-maroon-pattu-pavadai,0,true,/Users/parthkaswala/Desktop/Amzira_Inventory/8/Front_View.jpg,catalog/anvi-green-maroon-pattu-pavadai/01.webp,http://localhost:8000/static/uploads/products/catalog/anvi-green-maroon-pattu-pavadai/01.webp
anvi-green-maroon-pattu-pavadai,1,false,/Users/parthkaswala/Desktop/Amzira_Inventory/8/Closure_View.jpg,catalog/anvi-green-maroon-pattu-pavadai/02.webp,http://localhost:8000/static/uploads/products/catalog/anvi-green-maroon-pattu-pavadai/02.webp
anvi-green-maroon-pattu-pavadai,2,false,/Users/parthkaswala/Desktop/Amzira_Inventory/8/Side_View.jpg,catalog/anvi-green-maroon-pattu-pavadai/03.webp,http://localhost:8000/static/uploads/products/catalog/anvi-green-maroon-pattu-pavadai/03.webp
anvi-green-maroon-pattu-pavadai,3,false,/Users/parthkaswala/Desktop/Amzira_Inventory/8/Back_View.jpg,catalog/anvi-green-maroon-pattu-pavadai/04.webp,http://localhost:8000/static/uploads/products/catalog/anvi-green-maroon-pattu-pavadai/04.webp
anvi-green-maroon-pattu-pavadai,4,false,/Users/parthkaswala/Desktop/Amzira_Inventory/8/Choli.png,catalog/anvi-green-maroon-pattu-pavadai/05.webp,http://localhost:8000/static/uploads/products/catalog/anvi-green-maroon-pattu-pavadai/05.webp
anvi-green-maroon-pattu-pavadai,5,false,/Users/parthkaswala/Desktop/Amzira_Inventory/8/Lengha.png,catalog/anvi-green-maroon-pattu-pavadai/06.webp,http://localhost:8000/static/uploads/products/catalog/anvi-green-maroon-pattu-pavadai/06.webp
avika-light-green-olive-pattu-pavadai,0,true,/Users/parthkaswala/Desktop/Amzira_Inventory/3/9/2MB/1.jpg,catalog/avika-light-green-olive-pattu-pavadai/01.webp,http://localhost:8000/static/uploads/products/catalog/avika-light-green-olive-pattu-pavadai/01.webp
avika-light-green-olive-pattu-pavadai,1,false,/Users/parthkaswala/Desktop/Amzira_Inventory/3/9/2MB/KLC-LGN-OLV-JAQ-00-0438.jpg,catalog/avika-light-green-olive-pattu-pavadai/02.webp,http://localhost:8000/static/uploads/products/catalog/avika-light-green-olive-pattu-pavadai/02.webp
avika-light-green-olive-pattu-pavadai,2,false,/Users/parthkaswala/Desktop/Amzira_Inventory/3/9/2MB/2.jpg,catalog/avika-light-green-olive-pattu-pavadai/03.webp,http://localhost:8000/static/uploads/products/catalog/avika-light-green-olive-pattu-pavadai/03.webp
avika-light-green-olive-pattu-pavadai,3,false,/Users/parthkaswala/Desktop/Amzira_Inventory/3/9/2MB/3.jpg,catalog/avika-light-green-olive-pattu-pavadai/04.webp,http://localhost:8000/static/uploads/products/catalog/avika-light-green-olive-pattu-pavadai/04.webp
charvi-green-red-pattu-pavadai,0,true,/Users/parthkaswala/Desktop/Amzira_Inventory/4/1/Front_View.jpg,catalog/charvi-green-red-pattu-pavadai/01.webp,http://localhost:8000/static/uploads/products/catalog/charvi-green-red-pattu-pavadai/01.webp
charvi-green-red-pattu-pavadai,1,false,/Users/parthkaswala/Desktop/Amzira_Inventory/4/1/Closure_View.jpg,catalog/charvi-green-red-pattu-pavadai/02.webp,http://localhost:8000/static/uploads/products/catalog/charvi-green-red-pattu-pavadai/02.webp
charvi-green-red-pattu-pavadai,2,false,/Users/parthkaswala/Desktop/Amzira_Inventory/4/1/Side_View.jpg,catalog/charvi-green-red-pattu-pavadai/03.webp,http://localhost:8000/static/uploads/products/catalog/charvi-green-red-pattu-pavadai/03.webp
charvi-green-red-pattu-pavadai,3,false,/Users/parthkaswala/Desktop/Amzira_Inventory/4/1/Back_View.jpg,catalog/charvi-green-red-pattu-pavadai/04.webp,http://localhost:8000/static/uploads/products/catalog/charvi-green-red-pattu-pavadai/04.webp
charvi-green-red-pattu-pavadai,4,false,/Users/parthkaswala/Desktop/Amzira_Inventory/4/1/Outfit.jpg,catalog/charvi-green-red-pattu-pavadai/05.webp,http://localhost:8000/static/uploads/products/catalog/charvi-green-red-pattu-pavadai/05.webp
devika-purple-sky-blue-pattu-pavadai,0,true,/Users/parthkaswala/Desktop/Amzira_Inventory/4/2/Front_View.jpg,catalog/devika-purple-sky-blue-pattu-pavadai/01.webp,http://localhost:8000/static/uploads/products/catalog/devika-purple-sky-blue-pattu-pavadai/01.webp
devika-purple-sky-blue-pattu-pavadai,1,false,/Users/parthkaswala/Desktop/Amzira_Inventory/4/2/Closure_View.jpg,catalog/devika-purple-sky-blue-pattu-pavadai/02.webp,http://localhost:8000/static/uploads/products/catalog/devika-purple-sky-blue-pattu-pavadai/02.webp
devika-purple-sky-blue-pattu-pavadai,2,false,/Users/parthkaswala/Desktop/Amzira_Inventory/4/2/Side_View.jpg,catalog/devika-purple-sky-blue-pattu-pavadai/03.webp,http://localhost:8000/static/uploads/products/catalog/devika-purple-sky-blue-pattu-pavadai/03.webp
devika-purple-sky-blue-pattu-pavadai,3,false,/Users/parthkaswala/Desktop/Amzira_Inventory/4/2/Back_View.jpg,catalog/devika-purple-sky-blue-pattu-pavadai/04.webp,http://localhost:8000/static/uploads/products/catalog/devika-purple-sky-blue-pattu-pavadai/04.webp
devika-purple-sky-blue-pattu-pavadai,4,false,/Users/parthkaswala/Desktop/Amzira_Inventory/4/2/Outfit.jpg,catalog/devika-purple-sky-blue-pattu-pavadai/05.webp,http://localhost:8000/static/uploads/products/catalog/devika-purple-sky-blue-pattu-pavadai/05.webp
dhriti-peach-pattu-pavadai,0,true,/Users/parthkaswala/Desktop/Amzira_Inventory/4/12/Front_View.jpg,catalog/dhriti-peach-pattu-pavadai/01.webp,http://localhost:8000/static/uploads/products/catalog/dhriti-peach-pattu-pavadai/01.webp
dhriti-peach-pattu-pavadai,1,false,/Users/parthkaswala/Desktop/Amzira_Inventory/4/12/Closure_View.jpg,catalog/dhriti-peach-pattu-pavadai/02.webp,http://localhost:8000/static/uploads/products/catalog/dhriti-peach-pattu-pavadai/02.webp
dhriti-peach-pattu-pavadai,2,false,/Users/parthkaswala/Desktop/Amzira_Inventory/4/12/Back_View.jpg,catalog/dhriti-peach-pattu-pavadai/03.webp,http://localhost:8000/static/uploads/products/catalog/dhriti-peach-pattu-pavadai/03.webp
dhriti-peach-pattu-pavadai,3,false,/Users/parthkaswala/Desktop/Amzira_Inventory/4/12/Outfit.jpg,catalog/dhriti-peach-pattu-pavadai/04.webp,http://localhost:8000/static/uploads/products/catalog/dhriti-peach-pattu-pavadai/04.webp
eesha-navy-pattu-pavadai,0,true,/Users/parthkaswala/Desktop/Amzira_Inventory/4/4/Front_View.jpg,catalog/eesha-navy-pattu-pavadai/01.webp,http://localhost:8000/static/uploads/products/catalog/eesha-navy-pattu-pavadai/01.webp
eesha-navy-pattu-pavadai,1,false,/Users/parthkaswala/Desktop/Amzira_Inventory/4/4/Closure_View.jpg,catalog/eesha-navy-pattu-pavadai/02.webp,http://localhost:8000/static/uploads/products/catalog/eesha-navy-pattu-pavadai/02.webp
eesha-navy-pattu-pavadai,2,false,/Users/parthkaswala/Desktop/Amzira_Inventory/4/4/Side_View.jpg,catalog/eesha-navy-pattu-pavadai/03.webp,http://localhost:8000/static/uploads/products/catalog/eesha-navy-pattu-pavadai/03.webp
eesha-navy-pattu-pavadai,3,false,/Users/parthkaswala/Desktop/Amzira_Inventory/4/4/Back_View.jpg,catalog/eesha-navy-pattu-pavadai/04.webp,http://localhost:8000/static/uploads/products/catalog/eesha-navy-pattu-pavadai/04.webp
eesha-navy-pattu-pavadai,4,false,/Users/parthkaswala/Desktop/Amzira_Inventory/4/4/Outfit.jpg,catalog/eesha-navy-pattu-pavadai/05.webp,http://localhost:8000/static/uploads/products/catalog/eesha-navy-pattu-pavadai/05.webp
elina-rani-pink-pattu-pavadai,0,true,/Users/parthkaswala/Desktop/Amzira_Inventory/4/5/Front_View.jpg,catalog/elina-rani-pink-pattu-pavadai/01.webp,http://localhost:8000/static/uploads/products/catalog/elina-rani-pink-pattu-pavadai/01.webp
elina-rani-pink-pattu-pavadai,1,false,/Users/parthkaswala/Desktop/Amzira_Inventory/4/5/Closure_View.jpg,catalog/elina-rani-pink-pattu-pavadai/02.webp,http://localhost:8000/static/uploads/products/catalog/elina-rani-pink-pattu-pavadai/02.webp
elina-rani-pink-pattu-pavadai,2,false,/Users/parthkaswala/Desktop/Amzira_Inventory/4/5/Side_View.jpg,catalog/elina-rani-pink-pattu-pavadai/03.webp,http://localhost:8000/static/uploads/products/catalog/elina-rani-pink-pattu-pavadai/03.webp
elina-rani-pink-pattu-pavadai,3,false,/Users/parthkaswala/Desktop/Amzira_Inventory/4/5/Back_View.jpg,catalog/elina-rani-pink-pattu-pavadai/04.webp,http://localhost:8000/static/uploads/products/catalog/elina-rani-pink-pattu-pavadai/04.webp
elina-rani-pink-pattu-pavadai,4,false,/Users/parthkaswala/Desktop/Amzira_Inventory/4/5/Outfit.jpg,catalog/elina-rani-pink-pattu-pavadai/05.webp,http://localhost:8000/static/uploads/products/catalog/elina-rani-pink-pattu-pavadai/05.webp
iha-light-green-pattu-pavadai,0,true,/Users/parthkaswala/Desktop/Amzira_Inventory/4/6/Front_View.jpg,catalog/iha-light-green-pattu-pavadai/01.webp,http://localhost:8000/static/uploads/products/catalog/iha-light-green-pattu-pavadai/01.webp
iha-light-green-pattu-pavadai,1,false,/Users/parthkaswala/Desktop/Amzira_Inventory/4/6/Closure_View.jpg,catalog/iha-light-green-pattu-pavadai/02.webp,http://localhost:8000/static/uploads/products/catalog/iha-light-green-pattu-pavadai/02.webp
iha-light-green-pattu-pavadai,2,false,/Users/parthkaswala/Desktop/Amzira_Inventory/4/6/Side_View.jpg,catalog/iha-light-green-pattu-pavadai/03.webp,http://localhost:8000/static/uploads/products/catalog/iha-light-green-pattu-pavadai/03.webp
iha-light-green-pattu-pavadai,3,false,/Users/parthkaswala/Desktop/Amzira_Inventory/4/6/Back_View.jpg,catalog/iha-light-green-pattu-pavadai/04.webp,http://localhost:8000/static/uploads/products/catalog/iha-light-green-pattu-pavadai/04.webp
iha-light-green-pattu-pavadai,4,false,/Users/parthkaswala/Desktop/Amzira_Inventory/4/6/Outfit.jpg,catalog/iha-light-green-pattu-pavadai/05.webp,http://localhost:8000/static/uploads/products/catalog/iha-light-green-pattu-pavadai/05.webp
inaaya-baby-pink-pattu-pavadai,0,true,/Users/parthkaswala/Desktop/Amzira_Inventory/63/Front_View.png,catalog/inaaya-baby-pink-pattu-pavadai/01.webp,http://localhost:8000/static/uploads/products/catalog/inaaya-baby-pink-pattu-pavadai/01.webp
inaaya-baby-pink-pattu-pavadai,1,false,/Users/parthkaswala/Desktop/Amzira_Inventory/63/Side_View.png,catalog/inaaya-baby-pink-pattu-pavadai/02.webp,http://localhost:8000/static/uploads/products/catalog/inaaya-baby-pink-pattu-pavadai/02.webp
inaaya-baby-pink-pattu-pavadai,2,false,/Users/parthkaswala/Desktop/Amzira_Inventory/63/Back_View.png,catalog/inaaya-baby-pink-pattu-pavadai/03.webp,http://localhost:8000/static/uploads/products/catalog/inaaya-baby-pink-pattu-pavadai/03.webp
ishita-maroon-pattu-pavadai,0,true,/Users/parthkaswala/Desktop/Amzira_Inventory/4/8/Front_View.jpg,catalog/ishita-maroon-pattu-pavadai/01.webp,http://localhost:8000/static/uploads/products/catalog/ishita-maroon-pattu-pavadai/01.webp
ishita-maroon-pattu-pavadai,1,false,/Users/parthkaswala/Desktop/Amzira_Inventory/4/8/Closure_View.jpg,catalog/ishita-maroon-pattu-pavadai/02.webp,http://localhost:8000/static/uploads/products/catalog/ishita-maroon-pattu-pavadai/02.webp
ishita-maroon-pattu-pavadai,2,false,/Users/parthkaswala/Desktop/Amzira_Inventory/4/8/Side_View.jpg,catalog/ishita-maroon-pattu-pavadai/03.webp,http://localhost:8000/static/uploads/products/catalog/ishita-maroon-pattu-pavadai/03.webp
ishita-maroon-pattu-pavadai,3,false,/Users/parthkaswala/Desktop/Amzira_Inventory/4/8/Back_View.jpg,catalog/ishita-maroon-pattu-pavadai/04.webp,http://localhost:8000/static/uploads/products/catalog/ishita-maroon-pattu-pavadai/04.webp
ishita-maroon-pattu-pavadai,4,false,/Users/parthkaswala/Desktop/Amzira_Inventory/4/8/Outfit.jpg,catalog/ishita-maroon-pattu-pavadai/05.webp,http://localhost:8000/static/uploads/products/catalog/ishita-maroon-pattu-pavadai/05.webp
jivika-red-pattu-pavadai,0,true,/Users/parthkaswala/Desktop/Amzira_Inventory/4/9/2MB/1.jpg,catalog/jivika-red-pattu-pavadai/01.webp,http://localhost:8000/static/uploads/products/catalog/jivika-red-pattu-pavadai/01.webp
jivika-red-pattu-pavadai,1,false,/Users/parthkaswala/Desktop/Amzira_Inventory/4/9/2MB/KLC-RED-RED-PEACOCKJAQ-00-0418.jpg,catalog/jivika-red-pattu-pavadai/02.webp,http://localhost:8000/static/uploads/products/catalog/jivika-red-pattu-pavadai/02.webp
jivika-red-pattu-pavadai,2,false,/Users/parthkaswala/Desktop/Amzira_Inventory/4/9/2MB/2.jpg,catalog/jivika-red-pattu-pavadai/03.webp,http://localhost:8000/static/uploads/products/catalog/jivika-red-pattu-pavadai/03.webp
jivika-red-pattu-pavadai,3,false,/Users/parthkaswala/Desktop/Amzira_Inventory/4/9/2MB/3.jpg,catalog/jivika-red-pattu-pavadai/04.webp,http://localhost:8000/static/uploads/products/catalog/jivika-red-pattu-pavadai/04.webp
jivika-red-pattu-pavadai,4,false,/Users/parthkaswala/Desktop/Amzira_Inventory/4/9/2MB/4.jpg,catalog/jivika-red-pattu-pavadai/05.webp,http://localhost:8000/static/uploads/products/catalog/jivika-red-pattu-pavadai/05.webp
kaira-teal-pattu-pavadai,0,true,/Users/parthkaswala/Desktop/Amzira_Inventory/4/10/Front_View.jpg,catalog/kaira-teal-pattu-pavadai/01.webp,http://localhost:8000/static/uploads/products/catalog/kaira-teal-pattu-pavadai/01.webp
kaira-teal-pattu-pavadai,1,false,/Users/parthkaswala/Desktop/Amzira_Inventory/4/10/Closure_View.jpg,catalog/kaira-teal-pattu-pavadai/02.webp,http://localhost:8000/static/uploads/products/catalog/kaira-teal-pattu-pavadai/02.webp
kaira-teal-pattu-pavadai,2,false,/Users/parthkaswala/Desktop/Amzira_Inventory/4/10/Side_View.jpg,catalog/kaira-teal-pattu-pavadai/03.webp,http://localhost:8000/static/uploads/products/catalog/kaira-teal-pattu-pavadai/03.webp
kaira-teal-pattu-pavadai,3,false,/Users/parthkaswala/Desktop/Amzira_Inventory/4/10/Back_View.jpg,catalog/kaira-teal-pattu-pavadai/04.webp,http://localhost:8000/static/uploads/products/catalog/kaira-teal-pattu-pavadai/04.webp
kaira-teal-pattu-pavadai,4,false,/Users/parthkaswala/Desktop/Amzira_Inventory/4/10/Outfit.jpg,catalog/kaira-teal-pattu-pavadai/05.webp,http://localhost:8000/static/uploads/products/catalog/kaira-teal-pattu-pavadai/05.webp
kashvi-mint-pattu-pavadai,0,true,/Users/parthkaswala/Desktop/Amzira_Inventory/91/Front_View.png,catalog/kashvi-mint-pattu-pavadai/01.webp,http://localhost:8000/static/uploads/products/catalog/kashvi-mint-pattu-pavadai/01.webp
kashvi-mint-pattu-pavadai,1,false,/Users/parthkaswala/Desktop/Amzira_Inventory/91/Side_View.png,catalog/kashvi-mint-pattu-pavadai/02.webp,http://localhost:8000/static/uploads/products/catalog/kashvi-mint-pattu-pavadai/02.webp
kashvi-mint-pattu-pavadai,2,false,/Users/parthkaswala/Desktop/Amzira_Inventory/91/Back_View.png,catalog/kashvi-mint-pattu-pavadai/03.webp,http://localhost:8000/static/uploads/products/catalog/kashvi-mint-pattu-pavadai/03.webp
keya-yellow-pattu-pavadai,0,true,/Users/parthkaswala/Desktop/Amzira_Inventory/76/Front_View.jpg,catalog/keya-yellow-pattu-pavadai/01.webp,http://localhost:8000/static/uploads/products/catalog/keya-yellow-pattu-pavadai/01.webp
keya-yellow-pattu-pavadai,1,false,/Users/parthkaswala/Desktop/Amzira_Inventory/76/Side_View.jpg,catalog/keya-yellow-pattu-pavadai/02.webp,http://localhost:8000/static/uploads/products/catalog/keya-yellow-pattu-pavadai/02.webp
keya-yellow-pattu-pavadai,2,false,/Users/parthkaswala/Desktop/Amzira_Inventory/76/Back_View.jpg,catalog/keya-yellow-pattu-pavadai/03.webp,http://localhost:8000/static/uploads/products/catalog/keya-yellow-pattu-pavadai/03.webp
krisha-heritage-multi-pattu-pavadai,0,true,/Users/parthkaswala/Desktop/Amzira_Inventory/6/1/Front_View.png,catalog/krisha-heritage-multi-pattu-pavadai/01.webp,http://localhost:8000/static/uploads/products/catalog/krisha-heritage-multi-pattu-pavadai/01.webp
krisha-heritage-multi-pattu-pavadai,1,false,/Users/parthkaswala/Desktop/Amzira_Inventory/6/1/Closure_View.png,catalog/krisha-heritage-multi-pattu-pavadai/02.webp,http://localhost:8000/static/uploads/products/catalog/krisha-heritage-multi-pattu-pavadai/02.webp
krisha-heritage-multi-pattu-pavadai,2,false,/Users/parthkaswala/Desktop/Amzira_Inventory/6/1/Side_View.png,catalog/krisha-heritage-multi-pattu-pavadai/03.webp,http://localhost:8000/static/uploads/products/catalog/krisha-heritage-multi-pattu-pavadai/03.webp
krisha-heritage-multi-pattu-pavadai,3,false,/Users/parthkaswala/Desktop/Amzira_Inventory/6/1/Back_View.png,catalog/krisha-heritage-multi-pattu-pavadai/04.webp,http://localhost:8000/static/uploads/products/catalog/krisha-heritage-multi-pattu-pavadai/04.webp
krisha-heritage-multi-pattu-pavadai,4,false,/Users/parthkaswala/Desktop/Amzira_Inventory/6/1/Choli.png,catalog/krisha-heritage-multi-pattu-pavadai/05.webp,http://localhost:8000/static/uploads/products/catalog/krisha-heritage-multi-pattu-pavadai/05.webp
krisha-heritage-multi-pattu-pavadai,5,false,/Users/parthkaswala/Desktop/Amzira_Inventory/6/1/Lengha.png,catalog/krisha-heritage-multi-pattu-pavadai/06.webp,http://localhost:8000/static/uploads/products/catalog/krisha-heritage-multi-pattu-pavadai/06.webp
larisa-heritage-multi-pattu-pavadai,0,true,/Users/parthkaswala/Desktop/Amzira_Inventory/6/2/Front_View.png,catalog/larisa-heritage-multi-pattu-pavadai/01.webp,http://localhost:8000/static/uploads/products/catalog/larisa-heritage-multi-pattu-pavadai/01.webp
larisa-heritage-multi-pattu-pavadai,1,false,/Users/parthkaswala/Desktop/Amzira_Inventory/6/2/Closure_View.png,catalog/larisa-heritage-multi-pattu-pavadai/02.webp,http://localhost:8000/static/uploads/products/catalog/larisa-heritage-multi-pattu-pavadai/02.webp
larisa-heritage-multi-pattu-pavadai,2,false,/Users/parthkaswala/Desktop/Amzira_Inventory/6/2/Side_View.png,catalog/larisa-heritage-multi-pattu-pavadai/03.webp,http://localhost:8000/static/uploads/products/catalog/larisa-heritage-multi-pattu-pavadai/03.webp
larisa-heritage-multi-pattu-pavadai,3,false,/Users/parthkaswala/Desktop/Amzira_Inventory/6/2/Back_View.png,catalog/larisa-heritage-multi-pattu-pavadai/04.webp,http://localhost:8000/static/uploads/products/catalog/larisa-heritage-multi-pattu-pavadai/04.webp
larisa-heritage-multi-pattu-pavadai,4,false,/Users/parthkaswala/Desktop/Amzira_Inventory/6/2/Choli.png,catalog/larisa-heritage-multi-pattu-pavadai/05.webp,http://localhost:8000/static/uploads/products/catalog/larisa-heritage-multi-pattu-pavadai/05.webp
larisa-heritage-multi-pattu-pavadai,5,false,/Users/parthkaswala/Desktop/Amzira_Inventory/6/2/Lengha.png,catalog/larisa-heritage-multi-pattu-pavadai/06.webp,http://localhost:8000/static/uploads/products/catalog/larisa-heritage-multi-pattu-pavadai/06.webp
mahika-heritage-multi-pattu-pavadai,0,true,/Users/parthkaswala/Desktop/Amzira_Inventory/5/1/Front_View.jpg,catalog/mahika-heritage-multi-pattu-pavadai/01.webp,http://localhost:8000/static/uploads/products/catalog/mahika-heritage-multi-pattu-pavadai/01.webp
mahika-heritage-multi-pattu-pavadai,1,false,/Users/parthkaswala/Desktop/Amzira_Inventory/5/1/Closure_View.jpg,catalog/mahika-heritage-multi-pattu-pavadai/02.webp,http://localhost:8000/static/uploads/products/catalog/mahika-heritage-multi-pattu-pavadai/02.webp
mahika-heritage-multi-pattu-pavadai,2,false,/Users/parthkaswala/Desktop/Amzira_Inventory/5/1/Side_View.jpg,catalog/mahika-heritage-multi-pattu-pavadai/03.webp,http://localhost:8000/static/uploads/products/catalog/mahika-heritage-multi-pattu-pavadai/03.webp
mahika-heritage-multi-pattu-pavadai,3,false,/Users/parthkaswala/Desktop/Amzira_Inventory/5/1/Back_View.jpg,catalog/mahika-heritage-multi-pattu-pavadai/04.webp,http://localhost:8000/static/uploads/products/catalog/mahika-heritage-multi-pattu-pavadai/04.webp
mahika-heritage-multi-pattu-pavadai,4,false,/Users/parthkaswala/Desktop/Amzira_Inventory/5/1/Outfit.png,catalog/mahika-heritage-multi-pattu-pavadai/05.webp,http://localhost:8000/static/uploads/products/catalog/mahika-heritage-multi-pattu-pavadai/05.webp
mahika-heritage-multi-pattu-pavadai,5,false,/Users/parthkaswala/Desktop/Amzira_Inventory/5/1/Choli.jpg,catalog/mahika-heritage-multi-pattu-pavadai/06.webp,http://localhost:8000/static/uploads/products/catalog/mahika-heritage-multi-pattu-pavadai/06.webp
mahika-heritage-multi-pattu-pavadai,6,false,/Users/parthkaswala/Desktop/Amzira_Inventory/5/1/Lengha.jpg,catalog/mahika-heritage-multi-pattu-pavadai/07.webp,http://localhost:8000/static/uploads/products/catalog/mahika-heritage-multi-pattu-pavadai/07.webp
mira-heritage-multi-pattu-pavadai,0,true,/Users/parthkaswala/Desktop/Amzira_Inventory/6/3/Front_View.png,catalog/mira-heritage-multi-pattu-pavadai/01.webp,http://localhost:8000/static/uploads/products/catalog/mira-heritage-multi-pattu-pavadai/01.webp
mira-heritage-multi-pattu-pavadai,1,false,/Users/parthkaswala/Desktop/Amzira_Inventory/6/3/Closure_View.png,catalog/mira-heritage-multi-pattu-pavadai/02.webp,http://localhost:8000/static/uploads/products/catalog/mira-heritage-multi-pattu-pavadai/02.webp
mira-heritage-multi-pattu-pavadai,2,false,/Users/parthkaswala/Desktop/Amzira_Inventory/6/3/Side_View.png,catalog/mira-heritage-multi-pattu-pavadai/03.webp,http://localhost:8000/static/uploads/products/catalog/mira-heritage-multi-pattu-pavadai/03.webp
mira-heritage-multi-pattu-pavadai,3,false,/Users/parthkaswala/Desktop/Amzira_Inventory/6/3/Back_View.png,catalog/mira-heritage-multi-pattu-pavadai/04.webp,http://localhost:8000/static/uploads/products/catalog/mira-heritage-multi-pattu-pavadai/04.webp
mira-heritage-multi-pattu-pavadai,4,false,/Users/parthkaswala/Desktop/Amzira_Inventory/6/3/Choli.png,catalog/mira-heritage-multi-pattu-pavadai/05.webp,http://localhost:8000/static/uploads/products/catalog/mira-heritage-multi-pattu-pavadai/05.webp
mira-heritage-multi-pattu-pavadai,5,false,/Users/parthkaswala/Desktop/Amzira_Inventory/6/3/Lengha.png,catalog/mira-heritage-multi-pattu-pavadai/06.webp,http://localhost:8000/static/uploads/products/catalog/mira-heritage-multi-pattu-pavadai/06.webp
mishka-heritage-multi-pattu-pavadai,0,true,/Users/parthkaswala/Desktop/Amzira_Inventory/5/2/Front_View.jpg,catalog/mishka-heritage-multi-pattu-pavadai/01.webp,http://localhost:8000/static/uploads/products/catalog/mishka-heritage-multi-pattu-pavadai/01.webp
mishka-heritage-multi-pattu-pavadai,1,false,/Users/parthkaswala/Desktop/Amzira_Inventory/5/2/Closure_View.jpg,catalog/mishka-heritage-multi-pattu-pavadai/02.webp,http://localhost:8000/static/uploads/products/catalog/mishka-heritage-multi-pattu-pavadai/02.webp
mishka-heritage-multi-pattu-pavadai,2,false,/Users/parthkaswala/Desktop/Amzira_Inventory/5/2/Side_View.jpg,catalog/mishka-heritage-multi-pattu-pavadai/03.webp,http://localhost:8000/static/uploads/products/catalog/mishka-heritage-multi-pattu-pavadai/03.webp
mishka-heritage-multi-pattu-pavadai,3,false,/Users/parthkaswala/Desktop/Amzira_Inventory/5/2/Back_View.jpg,catalog/mishka-heritage-multi-pattu-pavadai/04.webp,http://localhost:8000/static/uploads/products/catalog/mishka-heritage-multi-pattu-pavadai/04.webp
mishka-heritage-multi-pattu-pavadai,4,false,/Users/parthkaswala/Desktop/Amzira_Inventory/5/2/Choli.jpg,catalog/mishka-heritage-multi-pattu-pavadai/05.webp,http://localhost:8000/static/uploads/products/catalog/mishka-heritage-multi-pattu-pavadai/05.webp
mishka-heritage-multi-pattu-pavadai,5,false,/Users/parthkaswala/Desktop/Amzira_Inventory/5/2/Lengha.jpg,catalog/mishka-heritage-multi-pattu-pavadai/06.webp,http://localhost:8000/static/uploads/products/catalog/mishka-heritage-multi-pattu-pavadai/06.webp
naisha-heritage-multi-pattu-pavadai,0,true,/Users/parthkaswala/Desktop/Amzira_Inventory/5/4/Front_View.jpg,catalog/naisha-heritage-multi-pattu-pavadai/01.webp,http://localhost:8000/static/uploads/products/catalog/naisha-heritage-multi-pattu-pavadai/01.webp
naisha-heritage-multi-pattu-pavadai,1,false,/Users/parthkaswala/Desktop/Amzira_Inventory/5/4/Closure_View.jpg,catalog/naisha-heritage-multi-pattu-pavadai/02.webp,http://localhost:8000/static/uploads/products/catalog/naisha-heritage-multi-pattu-pavadai/02.webp
naisha-heritage-multi-pattu-pavadai,2,false,/Users/parthkaswala/Desktop/Amzira_Inventory/5/4/Side_View.jpg,catalog/naisha-heritage-multi-pattu-pavadai/03.webp,http://localhost:8000/static/uploads/products/catalog/naisha-heritage-multi-pattu-pavadai/03.webp
naisha-heritage-multi-pattu-pavadai,3,false,/Users/parthkaswala/Desktop/Amzira_Inventory/5/4/Back_View.jpg,catalog/naisha-heritage-multi-pattu-pavadai/04.webp,http://localhost:8000/static/uploads/products/catalog/naisha-heritage-multi-pattu-pavadai/04.webp
naisha-heritage-multi-pattu-pavadai,4,false,/Users/parthkaswala/Desktop/Amzira_Inventory/5/4/Choli.jpg,catalog/naisha-heritage-multi-pattu-pavadai/05.webp,http://localhost:8000/static/uploads/products/catalog/naisha-heritage-multi-pattu-pavadai/05.webp
naisha-heritage-multi-pattu-pavadai,5,false,/Users/parthkaswala/Desktop/Amzira_Inventory/5/4/Lengha.jpg,catalog/naisha-heritage-multi-pattu-pavadai/06.webp,http://localhost:8000/static/uploads/products/catalog/naisha-heritage-multi-pattu-pavadai/06.webp
navika-heritage-multi-pattu-pavadai,0,true,/Users/parthkaswala/Desktop/Amzira_Inventory/5/5/Front_View.jpg,catalog/navika-heritage-multi-pattu-pavadai/01.webp,http://localhost:8000/static/uploads/products/catalog/navika-heritage-multi-pattu-pavadai/01.webp
navika-heritage-multi-pattu-pavadai,1,false,/Users/parthkaswala/Desktop/Amzira_Inventory/5/5/Closure_View.jpg,catalog/navika-heritage-multi-pattu-pavadai/02.webp,http://localhost:8000/static/uploads/products/catalog/navika-heritage-multi-pattu-pavadai/02.webp
navika-heritage-multi-pattu-pavadai,2,false,/Users/parthkaswala/Desktop/Amzira_Inventory/5/5/Side_View.jpg,catalog/navika-heritage-multi-pattu-pavadai/03.webp,http://localhost:8000/static/uploads/products/catalog/navika-heritage-multi-pattu-pavadai/03.webp
navika-heritage-multi-pattu-pavadai,3,false,/Users/parthkaswala/Desktop/Amzira_Inventory/5/5/Back_View.jpg,catalog/navika-heritage-multi-pattu-pavadai/04.webp,http://localhost:8000/static/uploads/products/catalog/navika-heritage-multi-pattu-pavadai/04.webp
navika-heritage-multi-pattu-pavadai,4,false,/Users/parthkaswala/Desktop/Amzira_Inventory/5/5/Choli.jpg,catalog/navika-heritage-multi-pattu-pavadai/05.webp,http://localhost:8000/static/uploads/products/catalog/navika-heritage-multi-pattu-pavadai/05.webp
navika-heritage-multi-pattu-pavadai,5,false,/Users/parthkaswala/Desktop/Amzira_Inventory/5/5/Lengha.jpg,catalog/navika-heritage-multi-pattu-pavadai/06.webp,http://localhost:8000/static/uploads/products/catalog/navika-heritage-multi-pattu-pavadai/06.webp
neysa-heritage-multi-pattu-pavadai,0,true,/Users/parthkaswala/Desktop/Amzira_Inventory/5/6/Front_View.jpg,catalog/neysa-heritage-multi-pattu-pavadai/01.webp,http://localhost:8000/static/uploads/products/catalog/neysa-heritage-multi-pattu-pavadai/01.webp
neysa-heritage-multi-pattu-pavadai,1,false,/Users/parthkaswala/Desktop/Amzira_Inventory/5/6/Closure_View.jpg,catalog/neysa-heritage-multi-pattu-pavadai/02.webp,http://localhost:8000/static/uploads/products/catalog/neysa-heritage-multi-pattu-pavadai/02.webp
neysa-heritage-multi-pattu-pavadai,2,false,/Users/parthkaswala/Desktop/Amzira_Inventory/5/6/Side_View.jpg,catalog/neysa-heritage-multi-pattu-pavadai/03.webp,http://localhost:8000/static/uploads/products/catalog/neysa-heritage-multi-pattu-pavadai/03.webp
neysa-heritage-multi-pattu-pavadai,3,false,/Users/parthkaswala/Desktop/Amzira_Inventory/5/6/Back_View.jpg,catalog/neysa-heritage-multi-pattu-pavadai/04.webp,http://localhost:8000/static/uploads/products/catalog/neysa-heritage-multi-pattu-pavadai/04.webp
neysa-heritage-multi-pattu-pavadai,4,false,/Users/parthkaswala/Desktop/Amzira_Inventory/5/6/Choli.jpg,catalog/neysa-heritage-multi-pattu-pavadai/05.webp,http://localhost:8000/static/uploads/products/catalog/neysa-heritage-multi-pattu-pavadai/05.webp
neysa-heritage-multi-pattu-pavadai,5,false,/Users/parthkaswala/Desktop/Amzira_Inventory/5/6/Lengha.jpg,catalog/neysa-heritage-multi-pattu-pavadai/06.webp,http://localhost:8000/static/uploads/products/catalog/neysa-heritage-multi-pattu-pavadai/06.webp
nitya-heritage-multi-pattu-pavadai,0,true,/Users/parthkaswala/Desktop/Amzira_Inventory/5/7/Front_View.jpg,catalog/nitya-heritage-multi-pattu-pavadai/01.webp,http://localhost:8000/static/uploads/products/catalog/nitya-heritage-multi-pattu-pavadai/01.webp
nitya-heritage-multi-pattu-pavadai,1,false,/Users/parthkaswala/Desktop/Amzira_Inventory/5/7/Closure_View.jpg,catalog/nitya-heritage-multi-pattu-pavadai/02.webp,http://localhost:8000/static/uploads/products/catalog/nitya-heritage-multi-pattu-pavadai/02.webp
nitya-heritage-multi-pattu-pavadai,2,false,/Users/parthkaswala/Desktop/Amzira_Inventory/5/7/Side_View.jpg,catalog/nitya-heritage-multi-pattu-pavadai/03.webp,http://localhost:8000/static/uploads/products/catalog/nitya-heritage-multi-pattu-pavadai/03.webp
nitya-heritage-multi-pattu-pavadai,3,false,/Users/parthkaswala/Desktop/Amzira_Inventory/5/7/Back_View.jpg,catalog/nitya-heritage-multi-pattu-pavadai/04.webp,http://localhost:8000/static/uploads/products/catalog/nitya-heritage-multi-pattu-pavadai/04.webp
nitya-heritage-multi-pattu-pavadai,4,false,/Users/parthkaswala/Desktop/Amzira_Inventory/5/7/Choli.jpg,catalog/nitya-heritage-multi-pattu-pavadai/05.webp,http://localhost:8000/static/uploads/products/catalog/nitya-heritage-multi-pattu-pavadai/05.webp
nitya-heritage-multi-pattu-pavadai,5,false,/Users/parthkaswala/Desktop/Amzira_Inventory/5/7/Lengha.jpg,catalog/nitya-heritage-multi-pattu-pavadai/06.webp,http://localhost:8000/static/uploads/products/catalog/nitya-heritage-multi-pattu-pavadai/06.webp
ojasvi-heritage-multi-pattu-pavadai,0,true,/Users/parthkaswala/Desktop/Amzira_Inventory/6/4/Front_View.png,catalog/ojasvi-heritage-multi-pattu-pavadai/01.webp,http://localhost:8000/static/uploads/products/catalog/ojasvi-heritage-multi-pattu-pavadai/01.webp
ojasvi-heritage-multi-pattu-pavadai,1,false,/Users/parthkaswala/Desktop/Amzira_Inventory/6/4/Closure_View.png,catalog/ojasvi-heritage-multi-pattu-pavadai/02.webp,http://localhost:8000/static/uploads/products/catalog/ojasvi-heritage-multi-pattu-pavadai/02.webp
ojasvi-heritage-multi-pattu-pavadai,2,false,/Users/parthkaswala/Desktop/Amzira_Inventory/6/4/Side_View.png,catalog/ojasvi-heritage-multi-pattu-pavadai/03.webp,http://localhost:8000/static/uploads/products/catalog/ojasvi-heritage-multi-pattu-pavadai/03.webp
ojasvi-heritage-multi-pattu-pavadai,3,false,/Users/parthkaswala/Desktop/Amzira_Inventory/6/4/Back_View.png,catalog/ojasvi-heritage-multi-pattu-pavadai/04.webp,http://localhost:8000/static/uploads/products/catalog/ojasvi-heritage-multi-pattu-pavadai/04.webp
ojasvi-heritage-multi-pattu-pavadai,4,false,/Users/parthkaswala/Desktop/Amzira_Inventory/6/4/Outfit.png,catalog/ojasvi-heritage-multi-pattu-pavadai/05.webp,http://localhost:8000/static/uploads/products/catalog/ojasvi-heritage-multi-pattu-pavadai/05.webp
ojasvi-heritage-multi-pattu-pavadai,5,false,/Users/parthkaswala/Desktop/Amzira_Inventory/6/4/Choli.png,catalog/ojasvi-heritage-multi-pattu-pavadai/06.webp,http://localhost:8000/static/uploads/products/catalog/ojasvi-heritage-multi-pattu-pavadai/06.webp
ojasvi-heritage-multi-pattu-pavadai,6,false,/Users/parthkaswala/Desktop/Amzira_Inventory/6/4/Lengha.png,catalog/ojasvi-heritage-multi-pattu-pavadai/07.webp,http://localhost:8000/static/uploads/products/catalog/ojasvi-heritage-multi-pattu-pavadai/07.webp
pari-heritage-multi-pattu-pavadai,0,true,/Users/parthkaswala/Desktop/Amzira_Inventory/5/8/Front_View.jpg,catalog/pari-heritage-multi-pattu-pavadai/01.webp,http://localhost:8000/static/uploads/products/catalog/pari-heritage-multi-pattu-pavadai/01.webp
pari-heritage-multi-pattu-pavadai,1,false,/Users/parthkaswala/Desktop/Amzira_Inventory/5/8/Closure_View.jpg,catalog/pari-heritage-multi-pattu-pavadai/02.webp,http://localhost:8000/static/uploads/products/catalog/pari-heritage-multi-pattu-pavadai/02.webp
pari-heritage-multi-pattu-pavadai,2,false,/Users/parthkaswala/Desktop/Amzira_Inventory/5/8/Side_View.jpg,catalog/pari-heritage-multi-pattu-pavadai/03.webp,http://localhost:8000/static/uploads/products/catalog/pari-heritage-multi-pattu-pavadai/03.webp
pari-heritage-multi-pattu-pavadai,3,false,/Users/parthkaswala/Desktop/Amzira_Inventory/5/8/Back_View.jpg,catalog/pari-heritage-multi-pattu-pavadai/04.webp,http://localhost:8000/static/uploads/products/catalog/pari-heritage-multi-pattu-pavadai/04.webp
pari-heritage-multi-pattu-pavadai,4,false,/Users/parthkaswala/Desktop/Amzira_Inventory/5/8/Choli.jpg,catalog/pari-heritage-multi-pattu-pavadai/05.webp,http://localhost:8000/static/uploads/products/catalog/pari-heritage-multi-pattu-pavadai/05.webp
pari-heritage-multi-pattu-pavadai,5,false,/Users/parthkaswala/Desktop/Amzira_Inventory/5/8/Lengha.jpg,catalog/pari-heritage-multi-pattu-pavadai/06.webp,http://localhost:8000/static/uploads/products/catalog/pari-heritage-multi-pattu-pavadai/06.webp
pranavi-heritage-multi-pattu-pavadai,0,true,/Users/parthkaswala/Desktop/Amzira_Inventory/5/9/Front_View.jpg,catalog/pranavi-heritage-multi-pattu-pavadai/01.webp,http://localhost:8000/static/uploads/products/catalog/pranavi-heritage-multi-pattu-pavadai/01.webp
pranavi-heritage-multi-pattu-pavadai,1,false,/Users/parthkaswala/Desktop/Amzira_Inventory/5/9/Closure_View.jpg,catalog/pranavi-heritage-multi-pattu-pavadai/02.webp,http://localhost:8000/static/uploads/products/catalog/pranavi-heritage-multi-pattu-pavadai/02.webp
pranavi-heritage-multi-pattu-pavadai,2,false,/Users/parthkaswala/Desktop/Amzira_Inventory/5/9/Side_View.jpg,catalog/pranavi-heritage-multi-pattu-pavadai/03.webp,http://localhost:8000/static/uploads/products/catalog/pranavi-heritage-multi-pattu-pavadai/03.webp
pranavi-heritage-multi-pattu-pavadai,3,false,/Users/parthkaswala/Desktop/Amzira_Inventory/5/9/Back_View.jpg,catalog/pranavi-heritage-multi-pattu-pavadai/04.webp,http://localhost:8000/static/uploads/products/catalog/pranavi-heritage-multi-pattu-pavadai/04.webp
pranavi-heritage-multi-pattu-pavadai,4,false,/Users/parthkaswala/Desktop/Amzira_Inventory/5/9/Outfit.jpg,catalog/pranavi-heritage-multi-pattu-pavadai/05.webp,http://localhost:8000/static/uploads/products/catalog/pranavi-heritage-multi-pattu-pavadai/05.webp
raina-purple-green-koti-jacket-lehenga-choli,0,true,/Users/parthkaswala/Desktop/Amzira_Inventory/7/1/Front_View.jpg,catalog/raina-purple-green-koti-jacket-lehenga-choli/01.webp,http://localhost:8000/static/uploads/products/catalog/raina-purple-green-koti-jacket-lehenga-choli/01.webp
raina-purple-green-koti-jacket-lehenga-choli,1,false,/Users/parthkaswala/Desktop/Amzira_Inventory/7/1/Closure_View.jpg,catalog/raina-purple-green-koti-jacket-lehenga-choli/02.webp,http://localhost:8000/static/uploads/products/catalog/raina-purple-green-koti-jacket-lehenga-choli/02.webp
raina-purple-green-koti-jacket-lehenga-choli,2,false,/Users/parthkaswala/Desktop/Amzira_Inventory/7/1/Side_View.jpg,catalog/raina-purple-green-koti-jacket-lehenga-choli/03.webp,http://localhost:8000/static/uploads/products/catalog/raina-purple-green-koti-jacket-lehenga-choli/03.webp
raina-purple-green-koti-jacket-lehenga-choli,3,false,/Users/parthkaswala/Desktop/Amzira_Inventory/7/1/Back_View.jpg,catalog/raina-purple-green-koti-jacket-lehenga-choli/04.webp,http://localhost:8000/static/uploads/products/catalog/raina-purple-green-koti-jacket-lehenga-choli/04.webp
raina-purple-green-koti-jacket-lehenga-choli,4,false,/Users/parthkaswala/Desktop/Amzira_Inventory/7/1/Choli.png,catalog/raina-purple-green-koti-jacket-lehenga-choli/05.webp,http://localhost:8000/static/uploads/products/catalog/raina-purple-green-koti-jacket-lehenga-choli/05.webp
raina-purple-green-koti-jacket-lehenga-choli,5,false,/Users/parthkaswala/Desktop/Amzira_Inventory/7/1/Lengha.png,catalog/raina-purple-green-koti-jacket-lehenga-choli/06.webp,http://localhost:8000/static/uploads/products/catalog/raina-purple-green-koti-jacket-lehenga-choli/06.webp
reeva-purple-pink-koti-jacket-lehenga-choli,0,true,/Users/parthkaswala/Desktop/Amzira_Inventory/7/2/Front_View.jpg,catalog/reeva-purple-pink-koti-jacket-lehenga-choli/01.webp,http://localhost:8000/static/uploads/products/catalog/reeva-purple-pink-koti-jacket-lehenga-choli/01.webp
reeva-purple-pink-koti-jacket-lehenga-choli,1,false,/Users/parthkaswala/Desktop/Amzira_Inventory/7/2/Closure_View.jpg,catalog/reeva-purple-pink-koti-jacket-lehenga-choli/02.webp,http://localhost:8000/static/uploads/products/catalog/reeva-purple-pink-koti-jacket-lehenga-choli/02.webp
reeva-purple-pink-koti-jacket-lehenga-choli,2,false,/Users/parthkaswala/Desktop/Amzira_Inventory/7/2/Side_View.jpg,catalog/reeva-purple-pink-koti-jacket-lehenga-choli/03.webp,http://localhost:8000/static/uploads/products/catalog/reeva-purple-pink-koti-jacket-lehenga-choli/03.webp
reeva-purple-pink-koti-jacket-lehenga-choli,3,false,/Users/parthkaswala/Desktop/Amzira_Inventory/7/2/Back_View.jpg,catalog/reeva-purple-pink-koti-jacket-lehenga-choli/04.webp,http://localhost:8000/static/uploads/products/catalog/reeva-purple-pink-koti-jacket-lehenga-choli/04.webp
reeva-purple-pink-koti-jacket-lehenga-choli,4,false,/Users/parthkaswala/Desktop/Amzira_Inventory/7/2/Choli.png,catalog/reeva-purple-pink-koti-jacket-lehenga-choli/05.webp,http://localhost:8000/static/uploads/products/catalog/reeva-purple-pink-koti-jacket-lehenga-choli/05.webp
reeva-purple-pink-koti-jacket-lehenga-choli,5,false,/Users/parthkaswala/Desktop/Amzira_Inventory/7/2/Lengha.png,catalog/reeva-purple-pink-koti-jacket-lehenga-choli/06.webp,http://localhost:8000/static/uploads/products/catalog/reeva-purple-pink-koti-jacket-lehenga-choli/06.webp
riddhi-purple-teal-koti-jacket-lehenga-choli,0,true,/Users/parthkaswala/Desktop/Amzira_Inventory/7/3/Front_View.jpg,catalog/riddhi-purple-teal-koti-jacket-lehenga-choli/01.webp,http://localhost:8000/static/uploads/products/catalog/riddhi-purple-teal-koti-jacket-lehenga-choli/01.webp
riddhi-purple-teal-koti-jacket-lehenga-choli,1,false,/Users/parthkaswala/Desktop/Amzira_Inventory/7/3/Closure_View.jpg,catalog/riddhi-purple-teal-koti-jacket-lehenga-choli/02.webp,http://localhost:8000/static/uploads/products/catalog/riddhi-purple-teal-koti-jacket-lehenga-choli/02.webp
riddhi-purple-teal-koti-jacket-lehenga-choli,2,false,/Users/parthkaswala/Desktop/Amzira_Inventory/7/3/Side_View.jpg,catalog/riddhi-purple-teal-koti-jacket-lehenga-choli/03.webp,http://localhost:8000/static/uploads/products/catalog/riddhi-purple-teal-koti-jacket-lehenga-choli/03.webp
riddhi-purple-teal-koti-jacket-lehenga-choli,3,false,/Users/parthkaswala/Desktop/Amzira_Inventory/7/3/Back_View.jpg,catalog/riddhi-purple-teal-koti-jacket-lehenga-choli/04.webp,http://localhost:8000/static/uploads/products/catalog/riddhi-purple-teal-koti-jacket-lehenga-choli/04.webp
riddhi-purple-teal-koti-jacket-lehenga-choli,4,false,/Users/parthkaswala/Desktop/Amzira_Inventory/7/3/Choli.png,catalog/riddhi-purple-teal-koti-jacket-lehenga-choli/05.webp,http://localhost:8000/static/uploads/products/catalog/riddhi-purple-teal-koti-jacket-lehenga-choli/05.webp
riddhi-purple-teal-koti-jacket-lehenga-choli,5,false,/Users/parthkaswala/Desktop/Amzira_Inventory/7/3/Lengha.png,catalog/riddhi-purple-teal-koti-jacket-lehenga-choli/06.webp,http://localhost:8000/static/uploads/products/catalog/riddhi-purple-teal-koti-jacket-lehenga-choli/06.webp
ruhi-green-mustard-koti-jacket-lehenga-choli,0,true,/Users/parthkaswala/Desktop/Amzira_Inventory/7/4/Front_View.jpg,catalog/ruhi-green-mustard-koti-jacket-lehenga-choli/01.webp,http://localhost:8000/static/uploads/products/catalog/ruhi-green-mustard-koti-jacket-lehenga-choli/01.webp
ruhi-green-mustard-koti-jacket-lehenga-choli,1,false,/Users/parthkaswala/Desktop/Amzira_Inventory/7/4/Closure_View.jpg,catalog/ruhi-green-mustard-koti-jacket-lehenga-choli/02.webp,http://localhost:8000/static/uploads/products/catalog/ruhi-green-mustard-koti-jacket-lehenga-choli/02.webp
ruhi-green-mustard-koti-jacket-lehenga-choli,2,false,/Users/parthkaswala/Desktop/Amzira_Inventory/7/4/Side_View.jpg,catalog/ruhi-green-mustard-koti-jacket-lehenga-choli/03.webp,http://localhost:8000/static/uploads/products/catalog/ruhi-green-mustard-koti-jacket-lehenga-choli/03.webp
ruhi-green-mustard-koti-jacket-lehenga-choli,3,false,/Users/parthkaswala/Desktop/Amzira_Inventory/7/4/Back_View.jpg,catalog/ruhi-green-mustard-koti-jacket-lehenga-choli/04.webp,http://localhost:8000/static/uploads/products/catalog/ruhi-green-mustard-koti-jacket-lehenga-choli/04.webp
ruhi-green-mustard-koti-jacket-lehenga-choli,4,false,/Users/parthkaswala/Desktop/Amzira_Inventory/7/4/Choli.png,catalog/ruhi-green-mustard-koti-jacket-lehenga-choli/05.webp,http://localhost:8000/static/uploads/products/catalog/ruhi-green-mustard-koti-jacket-lehenga-choli/05.webp
saesha-blue-green-koti-jacket-lehenga-choli,0,true,/Users/parthkaswala/Desktop/Amzira_Inventory/7/5/Front_View.jpg,catalog/saesha-blue-green-koti-jacket-lehenga-choli/01.webp,http://localhost:8000/static/uploads/products/catalog/saesha-blue-green-koti-jacket-lehenga-choli/01.webp
saesha-blue-green-koti-jacket-lehenga-choli,1,false,/Users/parthkaswala/Desktop/Amzira_Inventory/7/5/Closure_View.jpg,catalog/saesha-blue-green-koti-jacket-lehenga-choli/02.webp,http://localhost:8000/static/uploads/products/catalog/saesha-blue-green-koti-jacket-lehenga-choli/02.webp
saesha-blue-green-koti-jacket-lehenga-choli,2,false,/Users/parthkaswala/Desktop/Amzira_Inventory/7/5/Side_View.jpg,catalog/saesha-blue-green-koti-jacket-lehenga-choli/03.webp,http://localhost:8000/static/uploads/products/catalog/saesha-blue-green-koti-jacket-lehenga-choli/03.webp
saesha-blue-green-koti-jacket-lehenga-choli,3,false,/Users/parthkaswala/Desktop/Amzira_Inventory/7/5/Back_View.jpg,catalog/saesha-blue-green-koti-jacket-lehenga-choli/04.webp,http://localhost:8000/static/uploads/products/catalog/saesha-blue-green-koti-jacket-lehenga-choli/04.webp
saesha-blue-green-koti-jacket-lehenga-choli,4,false,/Users/parthkaswala/Desktop/Amzira_Inventory/7/5/Choli.png,catalog/saesha-blue-green-koti-jacket-lehenga-choli/05.webp,http://localhost:8000/static/uploads/products/catalog/saesha-blue-green-koti-jacket-lehenga-choli/05.webp
saesha-blue-green-koti-jacket-lehenga-choli,5,false,/Users/parthkaswala/Desktop/Amzira_Inventory/7/5/Lengha.png,catalog/saesha-blue-green-koti-jacket-lehenga-choli/06.webp,http://localhost:8000/static/uploads/products/catalog/saesha-blue-green-koti-jacket-lehenga-choli/06.webp
samaira-mustard-dark-green-lehenga-choli,0,true,/Users/parthkaswala/Desktop/Amzira_Inventory/9/1/Front_View.png,catalog/samaira-mustard-dark-green-lehenga-choli/01.webp,http://localhost:8000/static/uploads/products/catalog/samaira-mustard-dark-green-lehenga-choli/01.webp
samaira-mustard-dark-green-lehenga-choli,1,false,/Users/parthkaswala/Desktop/Amzira_Inventory/9/1/Closure_View.png,catalog/samaira-mustard-dark-green-lehenga-choli/02.webp,http://localhost:8000/static/uploads/products/catalog/samaira-mustard-dark-green-lehenga-choli/02.webp
samaira-mustard-dark-green-lehenga-choli,2,false,/Users/parthkaswala/Desktop/Amzira_Inventory/9/1/Side_View.png,catalog/samaira-mustard-dark-green-lehenga-choli/03.webp,http://localhost:8000/static/uploads/products/catalog/samaira-mustard-dark-green-lehenga-choli/03.webp
samaira-mustard-dark-green-lehenga-choli,3,false,/Users/parthkaswala/Desktop/Amzira_Inventory/9/1/Back_View.png,catalog/samaira-mustard-dark-green-lehenga-choli/04.webp,http://localhost:8000/static/uploads/products/catalog/samaira-mustard-dark-green-lehenga-choli/04.webp
samaira-mustard-dark-green-lehenga-choli,4,false,/Users/parthkaswala/Desktop/Amzira_Inventory/9/1/Outfit.png,catalog/samaira-mustard-dark-green-lehenga-choli/05.webp,http://localhost:8000/static/uploads/products/catalog/samaira-mustard-dark-green-lehenga-choli/05.webp
samaira-mustard-dark-green-lehenga-choli,5,false,/Users/parthkaswala/Desktop/Amzira_Inventory/9/1/Choli.png,catalog/samaira-mustard-dark-green-lehenga-choli/06.webp,http://localhost:8000/static/uploads/products/catalog/samaira-mustard-dark-green-lehenga-choli/06.webp
samaira-mustard-dark-green-lehenga-choli,6,false,/Users/parthkaswala/Desktop/Amzira_Inventory/9/1/Lengha.png,catalog/samaira-mustard-dark-green-lehenga-choli/07.webp,http://localhost:8000/static/uploads/products/catalog/samaira-mustard-dark-green-lehenga-choli/07.webp
sanaya-peach-purple-lehenga-choli,0,true,/Users/parthkaswala/Desktop/Amzira_Inventory/1/2/Front_View.png,catalog/sanaya-peach-purple-lehenga-choli/01.webp,http://localhost:8000/static/uploads/products/catalog/sanaya-peach-purple-lehenga-choli/01.webp
sanaya-peach-purple-lehenga-choli,1,false,/Users/parthkaswala/Desktop/Amzira_Inventory/1/2/Closure_View.png,catalog/sanaya-peach-purple-lehenga-choli/02.webp,http://localhost:8000/static/uploads/products/catalog/sanaya-peach-purple-lehenga-choli/02.webp
sanaya-peach-purple-lehenga-choli,2,false,/Users/parthkaswala/Desktop/Amzira_Inventory/1/2/Side_View.png,catalog/sanaya-peach-purple-lehenga-choli/03.webp,http://localhost:8000/static/uploads/products/catalog/sanaya-peach-purple-lehenga-choli/03.webp
sanaya-peach-purple-lehenga-choli,3,false,/Users/parthkaswala/Desktop/Amzira_Inventory/1/2/Back_View.png,catalog/sanaya-peach-purple-lehenga-choli/04.webp,http://localhost:8000/static/uploads/products/catalog/sanaya-peach-purple-lehenga-choli/04.webp
sanaya-peach-purple-lehenga-choli,4,false,/Users/parthkaswala/Desktop/Amzira_Inventory/1/2/Choli.png,catalog/sanaya-peach-purple-lehenga-choli/05.webp,http://localhost:8000/static/uploads/products/catalog/sanaya-peach-purple-lehenga-choli/05.webp
sanaya-peach-purple-lehenga-choli,5,false,/Users/parthkaswala/Desktop/Amzira_Inventory/1/2/Lengha.png,catalog/sanaya-peach-purple-lehenga-choli/06.webp,http://localhost:8000/static/uploads/products/catalog/sanaya-peach-purple-lehenga-choli/06.webp
shanaya-red-green-lehenga-choli,0,true,/Users/parthkaswala/Desktop/Amzira_Inventory/9/2/Front_View.jpg,catalog/shanaya-red-green-lehenga-choli/01.webp,http://localhost:8000/static/uploads/products/catalog/shanaya-red-green-lehenga-choli/01.webp
shanaya-red-green-lehenga-choli,1,false,/Users/parthkaswala/Desktop/Amzira_Inventory/9/2/Closure_View.jpg,catalog/shanaya-red-green-lehenga-choli/02.webp,http://localhost:8000/static/uploads/products/catalog/shanaya-red-green-lehenga-choli/02.webp
shanaya-red-green-lehenga-choli,2,false,/Users/parthkaswala/Desktop/Amzira_Inventory/9/2/Side_View.jpg,catalog/shanaya-red-green-lehenga-choli/03.webp,http://localhost:8000/static/uploads/products/catalog/shanaya-red-green-lehenga-choli/03.webp
shanaya-red-green-lehenga-choli,3,false,/Users/parthkaswala/Desktop/Amzira_Inventory/9/2/Back_View.jpg,catalog/shanaya-red-green-lehenga-choli/04.webp,http://localhost:8000/static/uploads/products/catalog/shanaya-red-green-lehenga-choli/04.webp
shanaya-red-green-lehenga-choli,4,false,/Users/parthkaswala/Desktop/Amzira_Inventory/9/2/Choli.jpg,catalog/shanaya-red-green-lehenga-choli/05.webp,http://localhost:8000/static/uploads/products/catalog/shanaya-red-green-lehenga-choli/05.webp
shanaya-red-green-lehenga-choli,5,false,/Users/parthkaswala/Desktop/Amzira_Inventory/9/2/Lengha.jpg,catalog/shanaya-red-green-lehenga-choli/06.webp,http://localhost:8000/static/uploads/products/catalog/shanaya-red-green-lehenga-choli/06.webp
sharvi-purple-sky-blue-lehenga-choli,0,true,/Users/parthkaswala/Desktop/Amzira_Inventory/9/3/Front_View.jpg,catalog/sharvi-purple-sky-blue-lehenga-choli/01.webp,http://localhost:8000/static/uploads/products/catalog/sharvi-purple-sky-blue-lehenga-choli/01.webp
sharvi-purple-sky-blue-lehenga-choli,1,false,/Users/parthkaswala/Desktop/Amzira_Inventory/9/3/Closure_View.jpg,catalog/sharvi-purple-sky-blue-lehenga-choli/02.webp,http://localhost:8000/static/uploads/products/catalog/sharvi-purple-sky-blue-lehenga-choli/02.webp
sharvi-purple-sky-blue-lehenga-choli,2,false,/Users/parthkaswala/Desktop/Amzira_Inventory/9/3/Side_View.jpg,catalog/sharvi-purple-sky-blue-lehenga-choli/03.webp,http://localhost:8000/static/uploads/products/catalog/sharvi-purple-sky-blue-lehenga-choli/03.webp
sharvi-purple-sky-blue-lehenga-choli,3,false,/Users/parthkaswala/Desktop/Amzira_Inventory/9/3/Back_View.jpg,catalog/sharvi-purple-sky-blue-lehenga-choli/04.webp,http://localhost:8000/static/uploads/products/catalog/sharvi-purple-sky-blue-lehenga-choli/04.webp
sharvi-purple-sky-blue-lehenga-choli,4,false,/Users/parthkaswala/Desktop/Amzira_Inventory/9/3/Choli.jpg,catalog/sharvi-purple-sky-blue-lehenga-choli/05.webp,http://localhost:8000/static/uploads/products/catalog/sharvi-purple-sky-blue-lehenga-choli/05.webp
sharvi-purple-sky-blue-lehenga-choli,5,false,/Users/parthkaswala/Desktop/Amzira_Inventory/9/3/Lengha.jpg,catalog/sharvi-purple-sky-blue-lehenga-choli/06.webp,http://localhost:8000/static/uploads/products/catalog/sharvi-purple-sky-blue-lehenga-choli/06.webp
shloka-dark-green-maroon-lehenga-choli,0,true,/Users/parthkaswala/Desktop/Amzira_Inventory/9/4/Front_View.jpg,catalog/shloka-dark-green-maroon-lehenga-choli/01.webp,http://localhost:8000/static/uploads/products/catalog/shloka-dark-green-maroon-lehenga-choli/01.webp
shloka-dark-green-maroon-lehenga-choli,1,false,/Users/parthkaswala/Desktop/Amzira_Inventory/9/4/Closure_View.jpg,catalog/shloka-dark-green-maroon-lehenga-choli/02.webp,http://localhost:8000/static/uploads/products/catalog/shloka-dark-green-maroon-lehenga-choli/02.webp
shloka-dark-green-maroon-lehenga-choli,2,false,/Users/parthkaswala/Desktop/Amzira_Inventory/9/4/Back_View.jpg,catalog/shloka-dark-green-maroon-lehenga-choli/03.webp,http://localhost:8000/static/uploads/products/catalog/shloka-dark-green-maroon-lehenga-choli/03.webp
shloka-dark-green-maroon-lehenga-choli,3,false,/Users/parthkaswala/Desktop/Amzira_Inventory/9/4/Choli.jpg,catalog/shloka-dark-green-maroon-lehenga-choli/04.webp,http://localhost:8000/static/uploads/products/catalog/shloka-dark-green-maroon-lehenga-choli/04.webp
shloka-dark-green-maroon-lehenga-choli,4,false,/Users/parthkaswala/Desktop/Amzira_Inventory/9/4/Lengha.jpg,catalog/shloka-dark-green-maroon-lehenga-choli/05.webp,http://localhost:8000/static/uploads/products/catalog/shloka-dark-green-maroon-lehenga-choli/05.webp
suhana-light-green-dark-green-lehenga-choli,0,true,/Users/parthkaswala/Desktop/Amzira_Inventory/9/5/Front_View.jpg,catalog/suhana-light-green-dark-green-lehenga-choli/01.webp,http://localhost:8000/static/uploads/products/catalog/suhana-light-green-dark-green-lehenga-choli/01.webp
suhana-light-green-dark-green-lehenga-choli,1,false,/Users/parthkaswala/Desktop/Amzira_Inventory/9/5/Closure_View.jpg,catalog/suhana-light-green-dark-green-lehenga-choli/02.webp,http://localhost:8000/static/uploads/products/catalog/suhana-light-green-dark-green-lehenga-choli/02.webp
suhana-light-green-dark-green-lehenga-choli,2,false,/Users/parthkaswala/Desktop/Amzira_Inventory/9/5/Side_View.jpg,catalog/suhana-light-green-dark-green-lehenga-choli/03.webp,http://localhost:8000/static/uploads/products/catalog/suhana-light-green-dark-green-lehenga-choli/03.webp
suhana-light-green-dark-green-lehenga-choli,3,false,/Users/parthkaswala/Desktop/Amzira_Inventory/9/5/Back_View.jpg,catalog/suhana-light-green-dark-green-lehenga-choli/04.webp,http://localhost:8000/static/uploads/products/catalog/suhana-light-green-dark-green-lehenga-choli/04.webp
suhana-light-green-dark-green-lehenga-choli,4,false,/Users/parthkaswala/Desktop/Amzira_Inventory/9/5/Outfit.png,catalog/suhana-light-green-dark-green-lehenga-choli/05.webp,http://localhost:8000/static/uploads/products/catalog/suhana-light-green-dark-green-lehenga-choli/05.webp
suhana-light-green-dark-green-lehenga-choli,5,false,/Users/parthkaswala/Desktop/Amzira_Inventory/9/5/Choli.jpg,catalog/suhana-light-green-dark-green-lehenga-choli/06.webp,http://localhost:8000/static/uploads/products/catalog/suhana-light-green-dark-green-lehenga-choli/06.webp
suhana-light-green-dark-green-lehenga-choli,6,false,/Users/parthkaswala/Desktop/Amzira_Inventory/9/5/Lengha.jpg,catalog/suhana-light-green-dark-green-lehenga-choli/07.webp,http://localhost:8000/static/uploads/products/catalog/suhana-light-green-dark-green-lehenga-choli/07.webp
tanvi-heritage-multi-lehenga-choli,0,true,/Users/parthkaswala/Desktop/Amzira_Inventory/1/3/Front_View.png,catalog/tanvi-heritage-multi-lehenga-choli/01.webp,http://localhost:8000/static/uploads/products/catalog/tanvi-heritage-multi-lehenga-choli/01.webp
tanvi-heritage-multi-lehenga-choli,1,false,/Users/parthkaswala/Desktop/Amzira_Inventory/1/3/Closure_View.png,catalog/tanvi-heritage-multi-lehenga-choli/02.webp,http://localhost:8000/static/uploads/products/catalog/tanvi-heritage-multi-lehenga-choli/02.webp
tanvi-heritage-multi-lehenga-choli,2,false,/Users/parthkaswala/Desktop/Amzira_Inventory/1/3/Side_View.png,catalog/tanvi-heritage-multi-lehenga-choli/03.webp,http://localhost:8000/static/uploads/products/catalog/tanvi-heritage-multi-lehenga-choli/03.webp
tanvi-heritage-multi-lehenga-choli,3,false,/Users/parthkaswala/Desktop/Amzira_Inventory/1/3/Back_View.png,catalog/tanvi-heritage-multi-lehenga-choli/04.webp,http://localhost:8000/static/uploads/products/catalog/tanvi-heritage-multi-lehenga-choli/04.webp
tanvi-heritage-multi-lehenga-choli,4,false,/Users/parthkaswala/Desktop/Amzira_Inventory/1/3/Choli.png,catalog/tanvi-heritage-multi-lehenga-choli/05.webp,http://localhost:8000/static/uploads/products/catalog/tanvi-heritage-multi-lehenga-choli/05.webp
tanvi-heritage-multi-lehenga-choli,5,false,/Users/parthkaswala/Desktop/Amzira_Inventory/1/3/Lengha.png,catalog/tanvi-heritage-multi-lehenga-choli/06.webp,http://localhost:8000/static/uploads/products/catalog/tanvi-heritage-multi-lehenga-choli/06.webp
trisha-heritage-multi-lehenga-choli,0,true,/Users/parthkaswala/Desktop/Amzira_Inventory/9/6/Front_View.jpg,catalog/trisha-heritage-multi-lehenga-choli/01.webp,http://localhost:8000/static/uploads/products/catalog/trisha-heritage-multi-lehenga-choli/01.webp
trisha-heritage-multi-lehenga-choli,1,false,/Users/parthkaswala/Desktop/Amzira_Inventory/9/6/Closure_View.jpg,catalog/trisha-heritage-multi-lehenga-choli/02.webp,http://localhost:8000/static/uploads/products/catalog/trisha-heritage-multi-lehenga-choli/02.webp
trisha-heritage-multi-lehenga-choli,2,false,/Users/parthkaswala/Desktop/Amzira_Inventory/9/6/Side_View.jpg,catalog/trisha-heritage-multi-lehenga-choli/03.webp,http://localhost:8000/static/uploads/products/catalog/trisha-heritage-multi-lehenga-choli/03.webp
trisha-heritage-multi-lehenga-choli,3,false,/Users/parthkaswala/Desktop/Amzira_Inventory/9/6/Back_View.jpg,catalog/trisha-heritage-multi-lehenga-choli/04.webp,http://localhost:8000/static/uploads/products/catalog/trisha-heritage-multi-lehenga-choli/04.webp
trisha-heritage-multi-lehenga-choli,4,false,/Users/parthkaswala/Desktop/Amzira_Inventory/9/6/Choli.jpg,catalog/trisha-heritage-multi-lehenga-choli/05.webp,http://localhost:8000/static/uploads/products/catalog/trisha-heritage-multi-lehenga-choli/05.webp
trisha-heritage-multi-lehenga-choli,5,false,/Users/parthkaswala/Desktop/Amzira_Inventory/9/6/Lengha.jpg,catalog/trisha-heritage-multi-lehenga-choli/06.webp,http://localhost:8000/static/uploads/products/catalog/trisha-heritage-multi-lehenga-choli/06.webp
urvi-hot-pink-navy-lehenga-choli,0,true,/Users/parthkaswala/Desktop/Amzira_Inventory/9/7/Front_View.jpg,catalog/urvi-hot-pink-navy-lehenga-choli/01.webp,http://localhost:8000/static/uploads/products/catalog/urvi-hot-pink-navy-lehenga-choli/01.webp
urvi-hot-pink-navy-lehenga-choli,1,false,/Users/parthkaswala/Desktop/Amzira_Inventory/9/7/Closure_View.jpg,catalog/urvi-hot-pink-navy-lehenga-choli/02.webp,http://localhost:8000/static/uploads/products/catalog/urvi-hot-pink-navy-lehenga-choli/02.webp
urvi-hot-pink-navy-lehenga-choli,2,false,/Users/parthkaswala/Desktop/Amzira_Inventory/9/7/Side_View.jpg,catalog/urvi-hot-pink-navy-lehenga-choli/03.webp,http://localhost:8000/static/uploads/products/catalog/urvi-hot-pink-navy-lehenga-choli/03.webp
urvi-hot-pink-navy-lehenga-choli,3,false,/Users/parthkaswala/Desktop/Amzira_Inventory/9/7/Back_View.jpg,catalog/urvi-hot-pink-navy-lehenga-choli/04.webp,http://localhost:8000/static/uploads/products/catalog/urvi-hot-pink-navy-lehenga-choli/04.webp
urvi-hot-pink-navy-lehenga-choli,4,false,/Users/parthkaswala/Desktop/Amzira_Inventory/9/7/Choli.jpg,catalog/urvi-hot-pink-navy-lehenga-choli/05.webp,http://localhost:8000/static/uploads/products/catalog/urvi-hot-pink-navy-lehenga-choli/05.webp
urvi-hot-pink-navy-lehenga-choli,5,false,/Users/parthkaswala/Desktop/Amzira_Inventory/9/7/Lengha.jpg,catalog/urvi-hot-pink-navy-lehenga-choli/06.webp,http://localhost:8000/static/uploads/products/catalog/urvi-hot-pink-navy-lehenga-choli/06.webp
veda-baby-pink-aqua-lehenga-choli,0,true,/Users/parthkaswala/Desktop/Amzira_Inventory/1/6/Front_View.png,catalog/veda-baby-pink-aqua-lehenga-choli/01.webp,http://localhost:8000/static/uploads/products/catalog/veda-baby-pink-aqua-lehenga-choli/01.webp
veda-baby-pink-aqua-lehenga-choli,1,false,/Users/parthkaswala/Desktop/Amzira_Inventory/1/6/Closure_View.png,catalog/veda-baby-pink-aqua-lehenga-choli/02.webp,http://localhost:8000/static/uploads/products/catalog/veda-baby-pink-aqua-lehenga-choli/02.webp
veda-baby-pink-aqua-lehenga-choli,2,false,/Users/parthkaswala/Desktop/Amzira_Inventory/1/6/Side_View.png,catalog/veda-baby-pink-aqua-lehenga-choli/03.webp,http://localhost:8000/static/uploads/products/catalog/veda-baby-pink-aqua-lehenga-choli/03.webp
veda-baby-pink-aqua-lehenga-choli,3,false,/Users/parthkaswala/Desktop/Amzira_Inventory/1/6/Back_View.png,catalog/veda-baby-pink-aqua-lehenga-choli/04.webp,http://localhost:8000/static/uploads/products/catalog/veda-baby-pink-aqua-lehenga-choli/04.webp
veda-baby-pink-aqua-lehenga-choli,4,false,/Users/parthkaswala/Desktop/Amzira_Inventory/1/6/Choli.png,catalog/veda-baby-pink-aqua-lehenga-choli/05.webp,http://localhost:8000/static/uploads/products/catalog/veda-baby-pink-aqua-lehenga-choli/05.webp
veda-baby-pink-aqua-lehenga-choli,5,false,/Users/parthkaswala/Desktop/Amzira_Inventory/1/6/Lengha.png,catalog/veda-baby-pink-aqua-lehenga-choli/06.webp,http://localhost:8000/static/uploads/products/catalog/veda-baby-pink-aqua-lehenga-choli/06.webp
vedika-emerald-green-maroon-lehenga-choli,0,true,/Users/parthkaswala/Desktop/Amzira_Inventory/9/8/Front_View.jpg,catalog/vedika-emerald-green-maroon-lehenga-choli/01.webp,http://localhost:8000/static/uploads/products/catalog/vedika-emerald-green-maroon-lehenga-choli/01.webp
vedika-emerald-green-maroon-lehenga-choli,1,false,/Users/parthkaswala/Desktop/Amzira_Inventory/9/8/Closure_View.jpg,catalog/vedika-emerald-green-maroon-lehenga-choli/02.webp,http://localhost:8000/static/uploads/products/catalog/vedika-emerald-green-maroon-lehenga-choli/02.webp
vedika-emerald-green-maroon-lehenga-choli,2,false,/Users/parthkaswala/Desktop/Amzira_Inventory/9/8/Side_View.jpg,catalog/vedika-emerald-green-maroon-lehenga-choli/03.webp,http://localhost:8000/static/uploads/products/catalog/vedika-emerald-green-maroon-lehenga-choli/03.webp
vedika-emerald-green-maroon-lehenga-choli,3,false,/Users/parthkaswala/Desktop/Amzira_Inventory/9/8/Back_View.jpg,catalog/vedika-emerald-green-maroon-lehenga-choli/04.webp,http://localhost:8000/static/uploads/products/catalog/vedika-emerald-green-maroon-lehenga-choli/04.webp
vedika-emerald-green-maroon-lehenga-choli,4,false,/Users/parthkaswala/Desktop/Amzira_Inventory/9/8/Choli.jpg,catalog/vedika-emerald-green-maroon-lehenga-choli/05.webp,http://localhost:8000/static/uploads/products/catalog/vedika-emerald-green-maroon-lehenga-choli/05.webp
vedika-emerald-green-maroon-lehenga-choli,5,false,/Users/parthkaswala/Desktop/Amzira_Inventory/9/8/Lengha.jpg,catalog/vedika-emerald-green-maroon-lehenga-choli/06.webp,http://localhost:8000/static/uploads/products/catalog/vedika-emerald-green-maroon-lehenga-choli/06.webp
viha-navy-blue-pink-lehenga-choli,0,true,/Users/parthkaswala/Desktop/Amzira_Inventory/9/9/Front_View.png,catalog/viha-navy-blue-pink-lehenga-choli/01.webp,http://localhost:8000/static/uploads/products/catalog/viha-navy-blue-pink-lehenga-choli/01.webp
viha-navy-blue-pink-lehenga-choli,1,false,/Users/parthkaswala/Desktop/Amzira_Inventory/9/9/Closure_View.png,catalog/viha-navy-blue-pink-lehenga-choli/02.webp,http://localhost:8000/static/uploads/products/catalog/viha-navy-blue-pink-lehenga-choli/02.webp
viha-navy-blue-pink-lehenga-choli,2,false,/Users/parthkaswala/Desktop/Amzira_Inventory/9/9/Side_View.png,catalog/viha-navy-blue-pink-lehenga-choli/03.webp,http://localhost:8000/static/uploads/products/catalog/viha-navy-blue-pink-lehenga-choli/03.webp
viha-navy-blue-pink-lehenga-choli,3,false,/Users/parthkaswala/Desktop/Amzira_Inventory/9/9/Back_View.png,catalog/viha-navy-blue-pink-lehenga-choli/04.webp,http://localhost:8000/static/uploads/products/catalog/viha-navy-blue-pink-lehenga-choli/04.webp
viha-navy-blue-pink-lehenga-choli,4,false,/Users/parthkaswala/Desktop/Amzira_Inventory/9/9/Choli.png,catalog/viha-navy-blue-pink-lehenga-choli/05.webp,http://localhost:8000/static/uploads/products/catalog/viha-navy-blue-pink-lehenga-choli/05.webp
viha-navy-blue-pink-lehenga-choli,5,false,/Users/parthkaswala/Desktop/Amzira_Inventory/9/9/Lengha.png,catalog/viha-navy-blue-pink-lehenga-choli/06.webp,http://localhost:8000/static/uploads/products/catalog/viha-navy-blue-pink-lehenga-choli/06.webp
yashvi-navy-maroon-lehenga-choli,0,true,/Users/parthkaswala/Desktop/Amzira_Inventory/9/10/Front_View.jpg,catalog/yashvi-navy-maroon-lehenga-choli/01.webp,http://localhost:8000/static/uploads/products/catalog/yashvi-navy-maroon-lehenga-choli/01.webp
yashvi-navy-maroon-lehenga-choli,1,false,/Users/parthkaswala/Desktop/Amzira_Inventory/9/10/Side_View.jpg,catalog/yashvi-navy-maroon-lehenga-choli/02.webp,http://localhost:8000/static/uploads/products/catalog/yashvi-navy-maroon-lehenga-choli/02.webp
yashvi-navy-maroon-lehenga-choli,2,false,/Users/parthkaswala/Desktop/Amzira_Inventory/9/10/Back_View.jpg,catalog/yashvi-navy-maroon-lehenga-choli/03.webp,http://localhost:8000/static/uploads/products/catalog/yashvi-navy-maroon-lehenga-choli/03.webp
yashvi-navy-maroon-lehenga-choli,3,false,/Users/parthkaswala/Desktop/Amzira_Inventory/9/10/Choli.jpg,catalog/yashvi-navy-maroon-lehenga-choli/04.webp,http://localhost:8000/static/uploads/products/catalog/yashvi-navy-maroon-lehenga-choli/04.webp
yashvi-navy-maroon-lehenga-choli,4,false,/Users/parthkaswala/Desktop/Amzira_Inventory/9/10/Lengha.jpg,catalog/yashvi-navy-maroon-lehenga-choli/05.webp,http://localhost:8000/static/uploads/products/catalog/yashvi-navy-maroon-lehenga-choli/05.webp
zara-royal-blue-gold-pattu-pavadai,0,true,/Users/parthkaswala/Desktop/Amzira_Inventory/10/1/Front_View.jpg,catalog/zara-royal-blue-gold-pattu-pavadai/01.webp,http://localhost:8000/static/uploads/products/catalog/zara-royal-blue-gold-pattu-pavadai/01.webp
zara-royal-blue-gold-pattu-pavadai,1,false,/Users/parthkaswala/Desktop/Amzira_Inventory/10/1/Side_View.jpg,catalog/zara-royal-blue-gold-pattu-pavadai/02.webp,http://localhost:8000/static/uploads/products/catalog/zara-royal-blue-gold-pattu-pavadai/02.webp
zara-royal-blue-gold-pattu-pavadai,2,false,/Users/parthkaswala/Desktop/Amzira_Inventory/10/1/Back_View.jpg,catalog/zara-royal-blue-gold-pattu-pavadai/03.webp,http://localhost:8000/static/uploads/products/catalog/zara-royal-blue-gold-pattu-pavadai/03.webp
aarna-emerald-green-gold-pattu-pavadai,0,true,/Users/parthkaswala/Desktop/Amzira_Inventory/10/2/Front_View.jpg,catalog/aarna-emerald-green-gold-pattu-pavadai/01.webp,http://localhost:8000/static/uploads/products/catalog/aarna-emerald-green-gold-pattu-pavadai/01.webp
aarna-emerald-green-gold-pattu-pavadai,1,false,/Users/parthkaswala/Desktop/Amzira_Inventory/10/2/Side_View.jpg,catalog/aarna-emerald-green-gold-pattu-pavadai/02.webp,http://localhost:8000/static/uploads/products/catalog/aarna-emerald-green-gold-pattu-pavadai/02.webp
aarna-emerald-green-gold-pattu-pavadai,2,false,/Users/parthkaswala/Desktop/Amzira_Inventory/10/2/Back_View.jpg,catalog/aarna-emerald-green-gold-pattu-pavadai/03.webp,http://localhost:8000/static/uploads/products/catalog/aarna-emerald-green-gold-pattu-pavadai/03.webp
aarika-purple-gold-pattu-pavadai,0,true,/Users/parthkaswala/Desktop/Amzira_Inventory/10/3/Front_View.jpg,catalog/aarika-purple-gold-pattu-pavadai/01.webp,http://localhost:8000/static/uploads/products/catalog/aarika-purple-gold-pattu-pavadai/01.webp
aarika-purple-gold-pattu-pavadai,1,false,/Users/parthkaswala/Desktop/Amzira_Inventory/10/3/Side_View.jpg,catalog/aarika-purple-gold-pattu-pavadai/02.webp,http://localhost:8000/static/uploads/products/catalog/aarika-purple-gold-pattu-pavadai/02.webp
aarika-purple-gold-pattu-pavadai,2,false,/Users/parthkaswala/Desktop/Amzira_Inventory/10/3/Back_View.jpg,catalog/aarika-purple-gold-pattu-pavadai/03.webp,http://localhost:8000/static/uploads/products/catalog/aarika-purple-gold-pattu-pavadai/03.webp
advika-black-gold-pattu-pavadai,0,true,/Users/parthkaswala/Desktop/Amzira_Inventory/10/4/Front_View.jpg,catalog/advika-black-gold-pattu-pavadai/01.webp,http://localhost:8000/static/uploads/products/catalog/advika-black-gold-pattu-pavadai/01.webp
advika-black-gold-pattu-pavadai,1,false,/Users/parthkaswala/Desktop/Amzira_Inventory/10/4/Side_View.jpg,catalog/advika-black-gold-pattu-pavadai/02.webp,http://localhost:8000/static/uploads/products/catalog/advika-black-gold-pattu-pavadai/02.webp
advika-black-gold-pattu-pavadai,2,false,/Users/parthkaswala/Desktop/Amzira_Inventory/10/4/Back_View.jpg,catalog/advika-black-gold-pattu-pavadai/03.webp,http://localhost:8000/static/uploads/products/catalog/advika-black-gold-pattu-pavadai/03.webp
anika-rani-pink-gold-pattu-pavadai,0,true,/Users/parthkaswala/Desktop/Amzira_Inventory/10/5/Front_View.jpg,catalog/anika-rani-pink-gold-pattu-pavadai/01.webp,http://localhost:8000/static/uploads/products/catalog/anika-rani-pink-gold-pattu-pavadai/01.webp
anika-rani-pink-gold-pattu-pavadai,1,false,/Users/parthkaswala/Desktop/Amzira_Inventory/10/5/Side_View.jpg,catalog/anika-rani-pink-gold-pattu-pavadai/02.webp,http://localhost:8000/static/uploads/products/catalog/anika-rani-pink-gold-pattu-pavadai/02.webp
anika-rani-pink-gold-pattu-pavadai,2,false,/Users/parthkaswala/Desktop/Amzira_Inventory/10/5/Back_View.jpg,catalog/anika-rani-pink-gold-pattu-pavadai/03.webp,http://localhost:8000/static/uploads/products/catalog/anika-rani-pink-gold-pattu-pavadai/03.webp
anushka-red-gold-pattu-pavadai,0,true,/Users/parthkaswala/Desktop/Amzira_Inventory/10/6/Front_View.jpg,catalog/anushka-red-gold-pattu-pavadai/01.webp,http://localhost:8000/static/uploads/products/catalog/anushka-red-gold-pattu-pavadai/01.webp
anushka-red-gold-pattu-pavadai,1,false,/Users/parthkaswala/Desktop/Amzira_Inventory/10/6/Side_View.jpg,catalog/anushka-red-gold-pattu-pavadai/02.webp,http://localhost:8000/static/uploads/products/catalog/anushka-red-gold-pattu-pavadai/02.webp
anushka-red-gold-pattu-pavadai,2,false,/Users/parthkaswala/Desktop/Amzira_Inventory/10/6/Back_View.jpg,catalog/anushka-red-gold-pattu-pavadai/03.webp,http://localhost:8000/static/uploads/products/catalog/anushka-red-gold-pattu-pavadai/03.webp
anushka-red-gold-pattu-pavadai,3,false,/Users/parthkaswala/Desktop/Amzira_Inventory/10/6/Choli.png,catalog/anushka-red-gold-pattu-pavadai/04.webp,http://localhost:8000/static/uploads/products/catalog/anushka-red-gold-pattu-pavadai/04.webp
anushka-red-gold-pattu-pavadai,4,false,/Users/parthkaswala/Desktop/Amzira_Inventory/10/6/Lengha.png,catalog/anushka-red-gold-pattu-pavadai/05.webp,http://localhost:8000/static/uploads/products/catalog/anushka-red-gold-pattu-pavadai/05.webp
avni-teal-blue-gold-pattu-pavadai,0,true,/Users/parthkaswala/Desktop/Amzira_Inventory/10/9/Front_View.jpg,catalog/avni-teal-blue-gold-pattu-pavadai/01.webp,http://localhost:8000/static/uploads/products/catalog/avni-teal-blue-gold-pattu-pavadai/01.webp
avni-teal-blue-gold-pattu-pavadai,1,false,/Users/parthkaswala/Desktop/Amzira_Inventory/10/9/Side_View.jpg,catalog/avni-teal-blue-gold-pattu-pavadai/02.webp,http://localhost:8000/static/uploads/products/catalog/avni-teal-blue-gold-pattu-pavadai/02.webp
avni-teal-blue-gold-pattu-pavadai,2,false,/Users/parthkaswala/Desktop/Amzira_Inventory/10/9/Back_View.jpg,catalog/avni-teal-blue-gold-pattu-pavadai/03.webp,http://localhost:8000/static/uploads/products/catalog/avni-teal-blue-gold-pattu-pavadai/03.webp
diya-navy-blue-gold-pattu-pavadai,0,true,/Users/parthkaswala/Desktop/Amzira_Inventory/10/8/Front_View.jpg,catalog/diya-navy-blue-gold-pattu-pavadai/01.webp,http://localhost:8000/static/uploads/products/catalog/diya-navy-blue-gold-pattu-pavadai/01.webp
diya-navy-blue-gold-pattu-pavadai,1,false,/Users/parthkaswala/Desktop/Amzira_Inventory/10/8/Side_View.jpg,catalog/diya-navy-blue-gold-pattu-pavadai/02.webp,http://localhost:8000/static/uploads/products/catalog/diya-navy-blue-gold-pattu-pavadai/02.webp
diya-navy-blue-gold-pattu-pavadai,2,false,/Users/parthkaswala/Desktop/Amzira_Inventory/10/8/Back_View.jpg,catalog/diya-navy-blue-gold-pattu-pavadai/03.webp,http://localhost:8000/static/uploads/products/catalog/diya-navy-blue-gold-pattu-pavadai/03.webp
gauri-peacock-blue-gold-pattu-pavadai,0,true,/Users/parthkaswala/Desktop/Amzira_Inventory/10/9/Front_View.jpg,catalog/gauri-peacock-blue-gold-pattu-pavadai/01.webp,http://localhost:8000/static/uploads/products/catalog/gauri-peacock-blue-gold-pattu-pavadai/01.webp
gauri-peacock-blue-gold-pattu-pavadai,1,false,/Users/parthkaswala/Desktop/Amzira_Inventory/10/9/Side_View.jpg,catalog/gauri-peacock-blue-gold-pattu-pavadai/02.webp,http://localhost:8000/static/uploads/products/catalog/gauri-peacock-blue-gold-pattu-pavadai/02.webp
gauri-peacock-blue-gold-pattu-pavadai,2,false,/Users/parthkaswala/Desktop/Amzira_Inventory/10/9/Back_View.jpg,catalog/gauri-peacock-blue-gold-pattu-pavadai/03.webp,http://localhost:8000/static/uploads/products/catalog/gauri-peacock-blue-gold-pattu-pavadai/03.webp
ira-mustard-gold-pattu-pavadai,0,true,/Users/parthkaswala/Desktop/Amzira_Inventory/10/10/Front_View.jpg,catalog/ira-mustard-gold-pattu-pavadai/01.webp,http://localhost:8000/static/uploads/products/catalog/ira-mustard-gold-pattu-pavadai/01.webp
ira-mustard-gold-pattu-pavadai,1,false,/Users/parthkaswala/Desktop/Amzira_Inventory/10/10/Side_View.jpg,catalog/ira-mustard-gold-pattu-pavadai/02.webp,http://localhost:8000/static/uploads/products/catalog/ira-mustard-gold-pattu-pavadai/02.webp
ira-mustard-gold-pattu-pavadai,2,false,/Users/parthkaswala/Desktop/Amzira_Inventory/10/10/Back_View.jpg,catalog/ira-mustard-gold-pattu-pavadai/03.webp,http://localhost:8000/static/uploads/products/catalog/ira-mustard-gold-pattu-pavadai/03.webp
kiara-red-gold-pattu-pavadai,0,true,/Users/parthkaswala/Desktop/Amzira_Inventory/11/1/Front_View.png,catalog/kiara-red-gold-pattu-pavadai/01.webp,http://localhost:8000/static/uploads/products/catalog/kiara-red-gold-pattu-pavadai/01.webp
kiara-red-gold-pattu-pavadai,1,false,/Users/parthkaswala/Desktop/Amzira_Inventory/11/1/Side_View.png,catalog/kiara-red-gold-pattu-pavadai/02.webp,http://localhost:8000/static/uploads/products/catalog/kiara-red-gold-pattu-pavadai/02.webp
kiara-red-gold-pattu-pavadai,2,false,/Users/parthkaswala/Desktop/Amzira_Inventory/11/1/Back_View.png,catalog/kiara-red-gold-pattu-pavadai/03.webp,http://localhost:8000/static/uploads/products/catalog/kiara-red-gold-pattu-pavadai/03.webp
kiara-red-gold-pattu-pavadai,3,false,/Users/parthkaswala/Desktop/Amzira_Inventory/11/1/Outfit.png,catalog/kiara-red-gold-pattu-pavadai/04.webp,http://localhost:8000/static/uploads/products/catalog/kiara-red-gold-pattu-pavadai/04.webp
mahi-sky-blue-gold-pattu-pavadai,0,true,/Users/parthkaswala/Desktop/Amzira_Inventory/11/6/Front_View.jpg,catalog/mahi-sky-blue-gold-pattu-pavadai/01.webp,http://localhost:8000/static/uploads/products/catalog/mahi-sky-blue-gold-pattu-pavadai/01.webp
mahi-sky-blue-gold-pattu-pavadai,1,false,/Users/parthkaswala/Desktop/Amzira_Inventory/11/6/Back_View.jpg,catalog/mahi-sky-blue-gold-pattu-pavadai/02.webp,http://localhost:8000/static/uploads/products/catalog/mahi-sky-blue-gold-pattu-pavadai/02.webp
meera-emerald-green-gold-pattu-pavadai,0,true,/Users/parthkaswala/Desktop/Amzira_Inventory/11/2/Front_View.jpg,catalog/meera-emerald-green-gold-pattu-pavadai/01.webp,http://localhost:8000/static/uploads/products/catalog/meera-emerald-green-gold-pattu-pavadai/01.webp
meera-emerald-green-gold-pattu-pavadai,1,false,/Users/parthkaswala/Desktop/Amzira_Inventory/11/2/Side_View.jpg,catalog/meera-emerald-green-gold-pattu-pavadai/02.webp,http://localhost:8000/static/uploads/products/catalog/meera-emerald-green-gold-pattu-pavadai/02.webp
meera-emerald-green-gold-pattu-pavadai,2,false,/Users/parthkaswala/Desktop/Amzira_Inventory/11/2/Back_View.jpg,catalog/meera-emerald-green-gold-pattu-pavadai/03.webp,http://localhost:8000/static/uploads/products/catalog/meera-emerald-green-gold-pattu-pavadai/03.webp
myra-black-gold-pattu-pavadai,0,true,/Users/parthkaswala/Desktop/Amzira_Inventory/11/4/Front_View.jpg,catalog/myra-black-gold-pattu-pavadai/01.webp,http://localhost:8000/static/uploads/products/catalog/myra-black-gold-pattu-pavadai/01.webp
myra-black-gold-pattu-pavadai,1,false,/Users/parthkaswala/Desktop/Amzira_Inventory/11/4/Back_View.jpg,catalog/myra-black-gold-pattu-pavadai/02.webp,http://localhost:8000/static/uploads/products/catalog/myra-black-gold-pattu-pavadai/02.webp
navya-rani-pink-gold-pattu-pavadai,0,true,/Users/parthkaswala/Desktop/Amzira_Inventory/11/5/Front_View.jpg,catalog/navya-rani-pink-gold-pattu-pavadai/01.webp,http://localhost:8000/static/uploads/products/catalog/navya-rani-pink-gold-pattu-pavadai/01.webp
navya-rani-pink-gold-pattu-pavadai,1,false,/Users/parthkaswala/Desktop/Amzira_Inventory/11/5/Back_View.jpg,catalog/navya-rani-pink-gold-pattu-pavadai/02.webp,http://localhost:8000/static/uploads/products/catalog/navya-rani-pink-gold-pattu-pavadai/02.webp
nila-royal-blue-gold-pattu-pavadai,0,true,/Users/parthkaswala/Desktop/Amzira_Inventory/11/6/Front_View.jpg,catalog/nila-royal-blue-gold-pattu-pavadai/01.webp,http://localhost:8000/static/uploads/products/catalog/nila-royal-blue-gold-pattu-pavadai/01.webp
nila-royal-blue-gold-pattu-pavadai,1,false,/Users/parthkaswala/Desktop/Amzira_Inventory/11/6/Back_View.jpg,catalog/nila-royal-blue-gold-pattu-pavadai/02.webp,http://localhost:8000/static/uploads/products/catalog/nila-royal-blue-gold-pattu-pavadai/02.webp
prisha-mustard-gold-pattu-pavadai,0,true,/Users/parthkaswala/Desktop/Amzira_Inventory/11/7/Front_View.jpg,catalog/prisha-mustard-gold-pattu-pavadai/01.webp,http://localhost:8000/static/uploads/products/catalog/prisha-mustard-gold-pattu-pavadai/01.webp
prisha-mustard-gold-pattu-pavadai,1,false,/Users/parthkaswala/Desktop/Amzira_Inventory/11/7/Side_View.jpg,catalog/prisha-mustard-gold-pattu-pavadai/02.webp,http://localhost:8000/static/uploads/products/catalog/prisha-mustard-gold-pattu-pavadai/02.webp
prisha-mustard-gold-pattu-pavadai,2,false,/Users/parthkaswala/Desktop/Amzira_Inventory/11/7/Back_View.jpg,catalog/prisha-mustard-gold-pattu-pavadai/03.webp,http://localhost:8000/static/uploads/products/catalog/prisha-mustard-gold-pattu-pavadai/03.webp
riya-dark-green-gold-pattu-pavadai,0,true,/Users/parthkaswala/Desktop/Amzira_Inventory/11/8/Front_View.jpg,catalog/riya-dark-green-gold-pattu-pavadai/01.webp,http://localhost:8000/static/uploads/products/catalog/riya-dark-green-gold-pattu-pavadai/01.webp
riya-dark-green-gold-pattu-pavadai,1,false,/Users/parthkaswala/Desktop/Amzira_Inventory/11/8/Back_View.jpg,catalog/riya-dark-green-gold-pattu-pavadai/02.webp,http://localhost:8000/static/uploads/products/catalog/riya-dark-green-gold-pattu-pavadai/02.webp
saanvi-purple-gold-pattu-pavadai,0,true,/Users/parthkaswala/Desktop/Amzira_Inventory/11/9/Front_View.jpg,catalog/saanvi-purple-gold-pattu-pavadai/01.webp,http://localhost:8000/static/uploads/products/catalog/saanvi-purple-gold-pattu-pavadai/01.webp
saanvi-purple-gold-pattu-pavadai,1,false,/Users/parthkaswala/Desktop/Amzira_Inventory/11/9/Back_View.jpg,catalog/saanvi-purple-gold-pattu-pavadai/02.webp,http://localhost:8000/static/uploads/products/catalog/saanvi-purple-gold-pattu-pavadai/02.webp
siya-navy-gold-pattu-pavadai,0,true,/Users/parthkaswala/Desktop/Amzira_Inventory/11/10/Front_View.jpg,catalog/siya-navy-gold-pattu-pavadai/01.webp,http://localhost:8000/static/uploads/products/catalog/siya-navy-gold-pattu-pavadai/01.webp
siya-navy-gold-pattu-pavadai,1,false,/Users/parthkaswala/Desktop/Amzira_Inventory/11/10/Back_View.jpg,catalog/siya-navy-gold-pattu-pavadai/02.webp,http://localhost:8000/static/uploads/products/catalog/siya-navy-gold-pattu-pavadai/02.webp
tara-maroon-gold-pattu-pavadai,0,true,/Users/parthkaswala/Desktop/Amzira_Inventory/11/3/Front_View.jpg,catalog/tara-maroon-gold-pattu-pavadai/01.webp,http://localhost:8000/static/uploads/products/catalog/tara-maroon-gold-pattu-pavadai/01.webp
tara-maroon-gold-pattu-pavadai,1,false,/Users/parthkaswala/Desktop/Amzira_Inventory/11/3/Back_View.jpg,catalog/tara-maroon-gold-pattu-pavadai/02.webp,http://localhost:8000/static/uploads/products/catalog/tara-maroon-gold-pattu-pavadai/02.webp
vanya-heritage-multi-pattu-pavadai,0,true,/Users/parthkaswala/Desktop/Amzira_Inventory/11/1/Front_View.png,catalog/vanya-heritage-multi-pattu-pavadai/01.webp,http://localhost:8000/static/uploads/products/catalog/vanya-heritage-multi-pattu-pavadai/01.webp
vanya-heritage-multi-pattu-pavadai,1,false,/Users/parthkaswala/Desktop/Amzira_Inventory/11/1/Side_View.png,catalog/vanya-heritage-multi-pattu-pavadai/02.webp,http://localhost:8000/static/uploads/products/catalog/vanya-heritage-multi-pattu-pavadai/02.webp
vanya-heritage-multi-pattu-pavadai,2,false,/Users/parthkaswala/Desktop/Amzira_Inventory/11/1/Back_View.png,catalog/vanya-heritage-multi-pattu-pavadai/03.webp,http://localhost:8000/static/uploads/products/catalog/vanya-heritage-multi-pattu-pavadai/03.webp
vanya-heritage-multi-pattu-pavadai,3,false,/Users/parthkaswala/Desktop/Amzira_Inventory/11/1/Outfit.png,catalog/vanya-heritage-multi-pattu-pavadai/04.webp,http://localhost:8000/static/uploads/products/catalog/vanya-heritage-multi-pattu-pavadai/04.webp
aadhya-gold-lehenga-choli,0,true,/Users/parthkaswala/Desktop/Amzira_Inventory/12/1/Front_View.png,catalog/aadhya-gold-lehenga-choli/01.webp,http://localhost:8000/static/uploads/products/catalog/aadhya-gold-lehenga-choli/01.webp
aadhya-gold-lehenga-choli,1,false,/Users/parthkaswala/Desktop/Amzira_Inventory/12/1/Side_View.png,catalog/aadhya-gold-lehenga-choli/02.webp,http://localhost:8000/static/uploads/products/catalog/aadhya-gold-lehenga-choli/02.webp
aadhya-gold-lehenga-choli,2,false,/Users/parthkaswala/Desktop/Amzira_Inventory/12/1/Back_View.png,catalog/aadhya-gold-lehenga-choli/03.webp,http://localhost:8000/static/uploads/products/catalog/aadhya-gold-lehenga-choli/03.webp
aadhya-gold-lehenga-choli,3,false,/Users/parthkaswala/Desktop/Amzira_Inventory/12/1/Outfit.png,catalog/aadhya-gold-lehenga-choli/04.webp,http://localhost:8000/static/uploads/products/catalog/aadhya-gold-lehenga-choli/04.webp
aadhya-gold-lehenga-choli,4,false,/Users/parthkaswala/Desktop/Amzira_Inventory/12/1/Choli.png,catalog/aadhya-gold-lehenga-choli/05.webp,http://localhost:8000/static/uploads/products/catalog/aadhya-gold-lehenga-choli/05.webp
aadhya-gold-lehenga-choli,5,false,/Users/parthkaswala/Desktop/Amzira_Inventory/12/1/Lengha.png,catalog/aadhya-gold-lehenga-choli/06.webp,http://localhost:8000/static/uploads/products/catalog/aadhya-gold-lehenga-choli/06.webp
aaradhya-gold-lehenga-choli,0,true,/Users/parthkaswala/Desktop/Amzira_Inventory/12/2/Front_View.png,catalog/aaradhya-gold-lehenga-choli/01.webp,http://localhost:8000/static/uploads/products/catalog/aaradhya-gold-lehenga-choli/01.webp
aaradhya-gold-lehenga-choli,1,false,/Users/parthkaswala/Desktop/Amzira_Inventory/12/2/Side_View.png,catalog/aaradhya-gold-lehenga-choli/02.webp,http://localhost:8000/static/uploads/products/catalog/aaradhya-gold-lehenga-choli/02.webp
aaradhya-gold-lehenga-choli,2,false,/Users/parthkaswala/Desktop/Amzira_Inventory/12/2/Back_View.png,catalog/aaradhya-gold-lehenga-choli/03.webp,http://localhost:8000/static/uploads/products/catalog/aaradhya-gold-lehenga-choli/03.webp
aaradhya-gold-lehenga-choli,3,false,/Users/parthkaswala/Desktop/Amzira_Inventory/12/2/Choli.png,catalog/aaradhya-gold-lehenga-choli/04.webp,http://localhost:8000/static/uploads/products/catalog/aaradhya-gold-lehenga-choli/04.webp
aaradhya-gold-lehenga-choli,4,false,/Users/parthkaswala/Desktop/Amzira_Inventory/12/2/Lengha.png,catalog/aaradhya-gold-lehenga-choli/05.webp,http://localhost:8000/static/uploads/products/catalog/aaradhya-gold-lehenga-choli/05.webp
amaira-heritage-multi-lehenga-choli,0,true,/Users/parthkaswala/Desktop/Amzira_Inventory/12/3/Front_View.png,catalog/amaira-heritage-multi-lehenga-choli/01.webp,http://localhost:8000/static/uploads/products/catalog/amaira-heritage-multi-lehenga-choli/01.webp
amaira-heritage-multi-lehenga-choli,1,false,/Users/parthkaswala/Desktop/Amzira_Inventory/12/3/Side_View.png,catalog/amaira-heritage-multi-lehenga-choli/02.webp,http://localhost:8000/static/uploads/products/catalog/amaira-heritage-multi-lehenga-choli/02.webp
amaira-heritage-multi-lehenga-choli,2,false,/Users/parthkaswala/Desktop/Amzira_Inventory/12/3/Back_View.png,catalog/amaira-heritage-multi-lehenga-choli/03.webp,http://localhost:8000/static/uploads/products/catalog/amaira-heritage-multi-lehenga-choli/03.webp
amaira-heritage-multi-lehenga-choli,3,false,/Users/parthkaswala/Desktop/Amzira_Inventory/12/3/Choli.png,catalog/amaira-heritage-multi-lehenga-choli/04.webp,http://localhost:8000/static/uploads/products/catalog/amaira-heritage-multi-lehenga-choli/04.webp
amaira-heritage-multi-lehenga-choli,4,false,/Users/parthkaswala/Desktop/Amzira_Inventory/12/3/Lengha.png,catalog/amaira-heritage-multi-lehenga-choli/05.webp,http://localhost:8000/static/uploads/products/catalog/amaira-heritage-multi-lehenga-choli/05.webp
ishani-gold-lehenga-choli,0,true,/Users/parthkaswala/Desktop/Amzira_Inventory/12/4/Front_View.png,catalog/ishani-gold-lehenga-choli/01.webp,http://localhost:8000/static/uploads/products/catalog/ishani-gold-lehenga-choli/01.webp
ishani-gold-lehenga-choli,1,false,/Users/parthkaswala/Desktop/Amzira_Inventory/12/4/Closure_View.png,catalog/ishani-gold-lehenga-choli/02.webp,http://localhost:8000/static/uploads/products/catalog/ishani-gold-lehenga-choli/02.webp
ishani-gold-lehenga-choli,2,false,/Users/parthkaswala/Desktop/Amzira_Inventory/12/4/Side_View.png,catalog/ishani-gold-lehenga-choli/03.webp,http://localhost:8000/static/uploads/products/catalog/ishani-gold-lehenga-choli/03.webp
ishani-gold-lehenga-choli,3,false,/Users/parthkaswala/Desktop/Amzira_Inventory/12/4/Back_View.png,catalog/ishani-gold-lehenga-choli/04.webp,http://localhost:8000/static/uploads/products/catalog/ishani-gold-lehenga-choli/04.webp
ishani-gold-lehenga-choli,4,false,/Users/parthkaswala/Desktop/Amzira_Inventory/12/4/Choli.png,catalog/ishani-gold-lehenga-choli/05.webp,http://localhost:8000/static/uploads/products/catalog/ishani-gold-lehenga-choli/05.webp
ishani-gold-lehenga-choli,5,false,/Users/parthkaswala/Desktop/Amzira_Inventory/12/4/Lengha.png,catalog/ishani-gold-lehenga-choli/06.webp,http://localhost:8000/static/uploads/products/catalog/ishani-gold-lehenga-choli/06.webp
neela-gold-lehenga-choli,0,true,/Users/parthkaswala/Desktop/Amzira_Inventory/12/5/Front_View.png,catalog/neela-gold-lehenga-choli/01.webp,http://localhost:8000/static/uploads/products/catalog/neela-gold-lehenga-choli/01.webp
neela-gold-lehenga-choli,1,false,/Users/parthkaswala/Desktop/Amzira_Inventory/12/5/Side_View.png,catalog/neela-gold-lehenga-choli/02.webp,http://localhost:8000/static/uploads/products/catalog/neela-gold-lehenga-choli/02.webp
neela-gold-lehenga-choli,2,false,/Users/parthkaswala/Desktop/Amzira_Inventory/12/5/Back_View.png,catalog/neela-gold-lehenga-choli/03.webp,http://localhost:8000/static/uploads/products/catalog/neela-gold-lehenga-choli/03.webp
neela-gold-lehenga-choli,3,false,/Users/parthkaswala/Desktop/Amzira_Inventory/12/5/Choli.png,catalog/neela-gold-lehenga-choli/04.webp,http://localhost:8000/static/uploads/products/catalog/neela-gold-lehenga-choli/04.webp
neela-gold-lehenga-choli,4,false,/Users/parthkaswala/Desktop/Amzira_Inventory/12/5/Lengha.png,catalog/neela-gold-lehenga-choli/05.webp,http://localhost:8000/static/uploads/products/catalog/neela-gold-lehenga-choli/05.webp
amzira-girls-festive-lehenga-choli-1-1,0,true,/Users/parthkaswala/Desktop/Amzira_Inventory/1/1/Front_View.png,catalog/amzira-girls-festive-lehenga-choli-1-1/01.webp,http://localhost:8000/static/uploads/products/catalog/amzira-girls-festive-lehenga-choli-1-1/01.webp
amzira-girls-festive-lehenga-choli-1-1,1,false,/Users/parthkaswala/Desktop/Amzira_Inventory/1/1/Closure_View.png,catalog/amzira-girls-festive-lehenga-choli-1-1/02.webp,http://localhost:8000/static/uploads/products/catalog/amzira-girls-festive-lehenga-choli-1-1/02.webp
amzira-girls-festive-lehenga-choli-1-1,2,false,/Users/parthkaswala/Desktop/Amzira_Inventory/1/1/Side_View.png,catalog/amzira-girls-festive-lehenga-choli-1-1/03.webp,http://localhost:8000/static/uploads/products/catalog/amzira-girls-festive-lehenga-choli-1-1/03.webp
amzira-girls-festive-lehenga-choli-1-1,3,false,/Users/parthkaswala/Desktop/Amzira_Inventory/1/1/Back_View.png,catalog/amzira-girls-festive-lehenga-choli-1-1/04.webp,http://localhost:8000/static/uploads/products/catalog/amzira-girls-festive-lehenga-choli-1-1/04.webp
amzira-girls-festive-lehenga-choli-1-1,4,false,/Users/parthkaswala/Desktop/Amzira_Inventory/1/1/Choli.png,catalog/amzira-girls-festive-lehenga-choli-1-1/05.webp,http://localhost:8000/static/uploads/products/catalog/amzira-girls-festive-lehenga-choli-1-1/05.webp
amzira-girls-festive-lehenga-choli-1-1,5,false,/Users/parthkaswala/Desktop/Amzira_Inventory/1/1/Lengha.png,catalog/amzira-girls-festive-lehenga-choli-1-1/06.webp,http://localhost:8000/static/uploads/products/catalog/amzira-girls-festive-lehenga-choli-1-1/06.webp
amzira-girls-festive-lehenga-choli-1-5,0,true,/Users/parthkaswala/Desktop/Amzira_Inventory/1/5/Front_View.png,catalog/amzira-girls-festive-lehenga-choli-1-5/01.webp,http://localhost:8000/static/uploads/products/catalog/amzira-girls-festive-lehenga-choli-1-5/01.webp
amzira-girls-festive-lehenga-choli-1-5,1,false,/Users/parthkaswala/Desktop/Amzira_Inventory/1/5/Closure_View.png,catalog/amzira-girls-festive-lehenga-choli-1-5/02.webp,http://localhost:8000/static/uploads/products/catalog/amzira-girls-festive-lehenga-choli-1-5/02.webp
amzira-girls-festive-lehenga-choli-1-5,2,false,/Users/parthkaswala/Desktop/Amzira_Inventory/1/5/Side_View.png,catalog/amzira-girls-festive-lehenga-choli-1-5/03.webp,http://localhost:8000/static/uploads/products/catalog/amzira-girls-festive-lehenga-choli-1-5/03.webp
amzira-girls-festive-lehenga-choli-1-5,3,false,/Users/parthkaswala/Desktop/Amzira_Inventory/1/5/Back_View.png,catalog/amzira-girls-festive-lehenga-choli-1-5/04.webp,http://localhost:8000/static/uploads/products/catalog/amzira-girls-festive-lehenga-choli-1-5/04.webp
amzira-girls-festive-lehenga-choli-1-5,4,false,/Users/parthkaswala/Desktop/Amzira_Inventory/1/5/Choli.png,catalog/amzira-girls-festive-lehenga-choli-1-5/05.webp,http://localhost:8000/static/uploads/products/catalog/amzira-girls-festive-lehenga-choli-1-5/05.webp
amzira-girls-festive-lehenga-choli-1-5,5,false,/Users/parthkaswala/Desktop/Amzira_Inventory/1/5/Lengha.png,catalog/amzira-girls-festive-lehenga-choli-1-5/06.webp,http://localhost:8000/static/uploads/products/catalog/amzira-girls-festive-lehenga-choli-1-5/06.webp
amzira-girls-festive-lehenga-choli-101,0,true,/Users/parthkaswala/Desktop/Amzira_Inventory/101/Front_View.jpg,catalog/amzira-girls-festive-lehenga-choli-101/01.webp,http://localhost:8000/static/uploads/products/catalog/amzira-girls-festive-lehenga-choli-101/01.webp
amzira-girls-festive-lehenga-choli-101,1,false,/Users/parthkaswala/Desktop/Amzira_Inventory/101/Side_View.jpg,catalog/amzira-girls-festive-lehenga-choli-101/02.webp,http://localhost:8000/static/uploads/products/catalog/amzira-girls-festive-lehenga-choli-101/02.webp
amzira-girls-festive-lehenga-choli-101,2,false,/Users/parthkaswala/Desktop/Amzira_Inventory/101/Back_View.jpg,catalog/amzira-girls-festive-lehenga-choli-101/03.webp,http://localhost:8000/static/uploads/products/catalog/amzira-girls-festive-lehenga-choli-101/03.webp
amzira-girls-festive-lehenga-choli-101,3,false,/Users/parthkaswala/Desktop/Amzira_Inventory/101/Outfit.png,catalog/amzira-girls-festive-lehenga-choli-101/04.webp,http://localhost:8000/static/uploads/products/catalog/amzira-girls-festive-lehenga-choli-101/04.webp
amzira-girls-festive-lehenga-choli-101,4,false,/Users/parthkaswala/Desktop/Amzira_Inventory/101/Choli.png,catalog/amzira-girls-festive-lehenga-choli-101/05.webp,http://localhost:8000/static/uploads/products/catalog/amzira-girls-festive-lehenga-choli-101/05.webp
