product_slug,name,category_slug,subcategory_slug,base_price,sale_price,description,fabric,care_instructions,meta_title,meta_description,audience,collection,tags,status,is_featured,is_bestseller,is_new_arrival,occasion_slugs,image_urls,sku,size,color,stock_quantity,additional_price,variant_is_active,external_source,external_id,style_code
anika-emerald-purple-temple-work-lehenga-choli,Anika Emerald Purple Temple Work Lehenga Choli,girls-lehenga-choli,south-indian-lehenga-choli,1999.00,1399.00,"A ready-to-wear South Indian lehenga choli set for girls in emerald green / purple, finished with temple work detailing and a traditional woven border. Designed for festivals, weddings, temple ceremonies and family celebrations. The set includes one choli and one lehenga.",Art Silk Jacquard,"Dry clean recommended. Store folded in a cool, dry place.",Anika Emerald Purple Temple Work Lehenga Choli for Girls | AMZIRA,"Shop Anika Emerald Purple Temple Work Lehenga Choli, a ready-to-wear South Indian festive lehenga choli for girls aged 0-10 years.",kids_girls,AMZIRA Heritage Work,girls-lehenga-choli|south-indian|pattu-pavadai|festive|ready-to-wear,active,true,false,true,festival|wedding|temple-ceremony|birthday,https://cdn.amzira.com/catalog/anika-emerald-purple-temple-work-lehenga-choli/01.webp|https://cdn.amzira.com/catalog/anika-emerald-purple-temple-work-lehenga-choli/02.webp|https://cdn.amzira.com/catalog/anika-emerald-purple-temple-work-lehenga-choli/03.webp|https://cdn.amzira.com/catalog/anika-emerald-purple-temple-work-lehenga-choli/04.webp|https://cdn.amzira.com/catalog/anika-emerald-purple-temple-work-lehenga-choli/05.webp|https://cdn.amzira.com/catalog/anika-emerald-purple-temple-work-lehenga-choli/06.webp,KLC-GRN-PUR-WRK-00-0330-18,1-2Y,Emerald Green / Purple,1,0.00,true,amzira_local_inventory,455-Work/1,KLC-GRN-PUR-WRK-00-0330
anika-emerald-purple-temple-work-lehenga-choli,Anika Emerald Purple Temple Work Lehenga Choli,girls-lehenga-choli,south-indian-lehenga-choli,1999.00,1399.00,"A ready-to-wear South Indian lehenga choli set for girls in emerald green / purple, finished with temple work detailing and a traditional woven border. Designed for festivals, weddings, temple ceremonies and family celebrations. The set includes one choli and one lehenga.",Art Silk Jacquard,"Dry clean recommended. Store folded in a cool, dry place.",Anika Emerald Purple Temple Work Lehenga Choli for Girls | AMZIRA,"Shop Anika Emerald Purple Temple Work Lehenga Choli, a ready-to-wear South Indian festive lehenga choli for girls aged 0-10 years.",kids_girls,AMZIRA Heritage Work,girls-lehenga-choli|south-indian|pattu-pavadai|festive|ready-to-wear,active,true,false,true,festival|wedding|temple-ceremony|birthday,https://cdn.amzira.com/catalog/anika-emerald-purple-temple-work-lehenga-choli/01.webp|https://cdn.amzira.com/catalog/anika-emerald-purple-temple-work-lehenga-choli/02.webp|https://cdn.amzira.com/catalog/anika-emerald-purple-temple-work-lehenga-choli/03.webp|https://cdn.amzira.com/catalog/anika-emerald-purple-temple-work-lehenga-choli/04.webp|https://cdn.amzira.com/catalog/anika-emerald-purple-temple-work-lehenga-choli/05.webp|https://cdn.amzira.com/catalog/anika-emerald-purple-temple-work-lehenga-choli/06.webp,KLC-GRN-PUR-WRK-00-0330-20,2-3Y,Emerald Green / Purple,1,0.00,true,amzira_local_inventory,455-Work/1,KLC-GRN-PUR-WRK-00-0330
anika-emerald-purple-temple-work-lehenga-choli,Anika Emerald Purple Temple Work Lehenga Choli,girls-lehenga-choli,south-indian-lehenga-choli,1999.00,1399.00,"A ready-to-wear South Indian lehenga choli set for girls in emerald green / purple, finished with temple work detailing and a traditional woven border. Designed for festivals, weddings, temple ceremonies and family celebrations. The set includes one choli and one lehenga.",Art Silk Jacquard,"Dry clean recommended. Store folded in a cool, dry place.",Anika Emerald Purple Temple Work Lehenga Choli for Girls | AMZIRA,"Shop Anika Emerald Purple Temple Work Lehenga Choli, a ready-to-wear South Indian festive lehenga choli for girls aged 0-10 years.",kids_girls,AMZIRA Heritage Work,girls-lehenga-choli|south-indian|pattu-pavadai|festive|ready-to-wear,active,true,false,true,festival|wedding|temple-ceremony|birthday,https://cdn.amzira.com/catalog/anika-emerald-purple-temple-work-lehenga-choli/01.webp|https://cdn.amzira.com/catalog/anika-emerald-purple-temple-work-lehenga-choli/02.webp|https://cdn.amzira.com/catalog/anika-emerald-purple-temple-work-lehenga-choli/03.webp|https://cdn.amzira.com/catalog/anika-emerald-purple-temple-work-lehenga-choli/04.webp|https://cdn.amzira.com/catalog/anika-emerald-purple-temple-work-lehenga-choli/05.webp|https://cdn.amzira.com/catalog/anika-emerald-purple-temple-work-lehenga-choli/06.webp,KLC-GRN-PUR-WRK-00-0330-21,3-4Y,Emerald Green / Purple,1,0.00,true,amzira_local_inventory,455-Work/1,KLC-GRN-PUR-WRK-00-0330
anika-emerald-purple-temple-work-lehenga-choli,Anika Emerald Purple Temple Work Lehenga Choli,girls-lehenga-choli,south-indian-lehenga-choli,1999.00,1399.00,"A ready-to-wear South Indian lehenga choli set for girls in emerald green / purple, finished with temple work detailing and a traditional woven border. Designed for festivals, weddings, temple ceremonies and family celebrations. The set includes one choli and one lehenga.",Art Silk Jacquard,"Dry clean recommended. Store folded in a cool, dry place.",Anika Emerald Purple Temple Work Lehenga Choli for Girls | AMZIRA,"Shop Anika Emerald Purple Temple Work Lehenga Choli, a ready-to-wear South Indian festive lehenga choli for girls aged 0-10 years.",kids_girls,AMZIRA Heritage Work,girls-lehenga-choli|south-indian|pattu-pavadai|festive|ready-to-wear,active,true,false,true,festival|wedding|temple-ceremony|birthday,https://cdn.amzira.com/catalog/anika-emerald-purple-temple-work-lehenga-choli/01.webp|https://cdn.amzira.com/catalog/anika-emerald-purple-temple-work-lehenga-choli/02.webp|https://cdn.amzira.com/catalog/anika-emerald-purple-temple-work-lehenga-choli/03.webp|https://cdn.amzira.com/catalog/anika-emerald-purple-temple-work-lehenga-choli/04.webp|https://cdn.amzira.com/catalog/anika-emerald-purple-temple-work-lehenga-choli/05.webp|https://cdn.amzira.com/catalog/anika-emerald-purple-temple-work-lehenga-choli/06.webp,KLC-GRN-PUR-WRK-00-0330-22,4-5Y,Emerald Green / Purple,3,0.00,true,amzira_local_inventory,455-Work/1,KLC-GRN-PUR-WRK-00-0330
anika-emerald-purple-temple-work-lehenga-choli,Anika Emerald Purple Temple Work Lehenga Choli,girls-lehenga-choli,south-indian-lehenga-choli,1999.00,1399.00,"A ready-to-wear South Indian lehenga choli set for girls in emerald green / purple, finished with temple work detailing and a traditional woven border. Designed for festivals, weddings, temple ceremonies and family celebrations. The set includes one choli and one lehenga.",Art Silk Jacquard,"Dry clean recommended. Store folded in a cool, dry place.",Anika Emerald Purple Temple Work Lehenga Choli for Girls | AMZIRA,"Shop Anika Emerald Purple Temple Work Lehenga Choli, a ready-to-wear South Indian festive lehenga choli for girls aged 0-10 years.",kids_girls,AMZIRA Heritage Work,girls-lehenga-choli|south-indian|pattu-pavadai|festive|ready-to-wear,active,true,false,true,festival|wedding|temple-ceremony|birthday,https://cdn.amzira.com/catalog/anika-emerald-purple-temple-work-lehenga-choli/01.webp|https://cdn.amzira.com/catalog/anika-emerald-purple-temple-work-lehenga-choli/02.webp|https://cdn.amzira.com/catalog/anika-emerald-purple-temple-work-lehenga-choli/03.webp|https://cdn.amzira.com/catalog/anika-emerald-purple-temple-work-lehenga-choli/04.webp|https://cdn.amzira.com/catalog/anika-emerald-purple-temple-work-lehenga-choli/05.webp|https://cdn.amzira.com/catalog/anika-emerald-purple-temple-work-lehenga-choli/06.webp,KLC-GRN-PUR-WRK-00-0330-24,5-6Y,Emerald Green / Purple,3,0.00,true,amzira_local_inventory,455-Work/1,KLC-GRN-PUR-WRK-00-0330
anika-emerald-purple-temple-work-lehenga-choli,Anika Emerald Purple Temple Work Lehenga Choli,girls-lehenga-choli,south-indian-lehenga-choli,1999.00,1399.00,"A ready-to-wear South Indian lehenga choli set for girls in emerald green / purple, finished with temple work detailing and a traditional woven border. Designed for festivals, weddings, temple ceremonies and family celebrations. The set includes one choli and one lehenga.",Art Silk Jacquard,"Dry clean recommended. Store folded in a cool, dry place.",Anika Emerald Purple Temple Work Lehenga Choli for Girls | AMZIRA,"Shop Anika Emerald Purple Temple Work Lehenga Choli, a ready-to-wear South Indian festive lehenga choli for girls aged 0-10 years.",kids_girls,AMZIRA Heritage Work,girls-lehenga-choli|south-indian|pattu-pavadai|festive|ready-to-wear,active,true,false,true,festival|wedding|temple-ceremony|birthday,https://cdn.amzira.com/catalog/anika-emerald-purple-temple-work-lehenga-choli/01.webp|https://cdn.amzira.com/catalog/anika-emerald-purple-temple-work-lehenga-choli/02.webp|https://cdn.amzira.com/catalog/anika-emerald-purple-temple-work-lehenga-choli/03.webp|https://cdn.amzira.com/catalog/anika-emerald-purple-temple-work-lehenga-choli/04.webp|https://cdn.amzira.com/catalog/anika-emerald-purple-temple-work-lehenga-choli/05.webp|https://cdn.amzira.com/catalog/anika-emerald-purple-temple-work-lehenga-choli/06.webp,KLC-GRN-PUR-WRK-00-0330-26,6-7Y,Emerald Green / Purple,3,0.00,true,amzira_local_inventory,455-Work/1,KLC-GRN-PUR-WRK-00-0330
anika-emerald-purple-temple-work-lehenga-choli,Anika Emerald Purple Temple Work Lehenga Choli,girls-lehenga-choli,south-indian-lehenga-choli,1999.00,1399.00,"A ready-to-wear South Indian lehenga choli set for girls in emerald green / purple, finished with temple work detailing and a traditional woven border. Designed for festivals, weddings, temple ceremonies and family celebrations. The set includes one choli and one lehenga.",Art Silk Jacquard,"Dry clean recommended. Store folded in a cool, dry place.",Anika Emerald Purple Temple Work Lehenga Choli for Girls | AMZIRA,"Shop Anika Emerald Purple Temple Work Lehenga Choli, a ready-to-wear South Indian festive lehenga choli for girls aged 0-10 years.",kids_girls,AMZIRA Heritage Work,girls-lehenga-choli|south-indian|pattu-pavadai|festive|ready-to-wear,active,true,false,true,festival|wedding|temple-ceremony|birthday,https://cdn.amzira.com/catalog/anika-emerald-purple-temple-work-lehenga-choli/01.webp|https://cdn.amzira.com/catalog/anika-emerald-purple-temple-work-lehenga-choli/02.webp|https://cdn.amzira.com/catalog/anika-emerald-purple-temple-work-lehenga-choli/03.webp|https://cdn.amzira.com/catalog/anika-emerald-purple-temple-work-lehenga-choli/04.webp|https://cdn.amzira.com/catalog/anika-emerald-purple-temple-work-lehenga-choli/05.webp|https://cdn.amzira.com/catalog/anika-emerald-purple-temple-work-lehenga-choli/06.webp,KLC-GRN-PUR-WRK-00-0330-28,7-8Y,Emerald Green / Purple,3,0.00,true,amzira_local_inventory,455-Work/1,KLC-GRN-PUR-WRK-00-0330
anika-emerald-purple-temple-work-lehenga-choli,Anika Emerald Purple Temple Work Lehenga Choli,girls-lehenga-choli,south-indian-lehenga-choli,1999.00,1399.00,"A ready-to-wear South Indian lehenga choli set for girls in emerald green / purple, finished with temple work detailing and a traditional woven border. Designed for festivals, weddings, temple ceremonies and family celebrations. The set includes one choli and one lehenga.",Art Silk Jacquard,"Dry clean recommended. Store folded in a cool, dry place.",Anika Emerald Purple Temple Work Lehenga Choli for Girls | AMZIRA,"Shop Anika Emerald Purple Temple Work Lehenga Choli, a ready-to-wear South Indian festive lehenga choli for girls aged 0-10 years.",kids_girls,AMZIRA Heritage Work,girls-lehenga-choli|south-indian|pattu-pavadai|festive|ready-to-wear,active,true,false,true,festival|wedding|temple-ceremony|birthday,https://cdn.amzira.com/catalog/anika-emerald-purple-temple-work-lehenga-choli/01.webp|https://cdn.amzira.com/catalog/anika-emerald-purple-temple-work-lehenga-choli/02.webp|https://cdn.amzira.com/catalog/anika-emerald-purple-temple-work-lehenga-choli/03.webp|https://cdn.amzira.com/catalog/anika-emerald-purple-temple-work-lehenga-choli/04.webp|https://cdn.amzira.com/catalog/anika-emerald-purple-temple-work-lehenga-choli/05.webp|https://cdn.amzira.com/catalog/anika-emerald-purple-temple-work-lehenga-choli/06.webp,KLC-GRN-PUR-WRK-00-0330-33,9-10Y,Emerald Green / Purple,4,0.00,true,amzira_local_inventory,455-Work/1,KLC-GRN-PUR-WRK-00-0330
meera-royal-blue-peach-peacock-lehenga-choli,Meera Royal Blue Peach Peacock Lehenga Choli,girls-lehenga-choli,south-indian-lehenga-choli,1999.00,1399.00,"A ready-to-wear South Indian lehenga choli set for girls in royal blue / peach, finished with peacock work detailing and a traditional woven border. Designed for festivals, weddings, temple ceremonies and family celebrations. The set includes one choli and one lehenga.",Art Silk Jacquard,"Dry clean recommended. Store folded in a cool, dry place.",Meera Royal Blue Peach Peacock Lehenga Choli for Girls | AMZIRA,"Shop Meera Royal Blue Peach Peacock Lehenga Choli, a ready-to-wear South Indian festive lehenga choli for girls aged 0-10 years.",kids_girls,AMZIRA Heritage Work,girls-lehenga-choli|south-indian|pattu-pavadai|festive|ready-to-wear,active,true,false,true,festival|wedding|temple-ceremony|birthday,https://cdn.amzira.com/catalog/meera-royal-blue-peach-peacock-lehenga-choli/01.webp|https://cdn.amzira.com/catalog/meera-royal-blue-peach-peacock-lehenga-choli/02.webp|https://cdn.amzira.com/catalog/meera-royal-blue-peach-peacock-lehenga-choli/03.webp|https://cdn.amzira.com/catalog/meera-royal-blue-peach-peacock-lehenga-choli/04.webp|https://cdn.amzira.com/catalog/meera-royal-blue-peach-peacock-lehenga-choli/05.webp|https://cdn.amzira.com/catalog/meera-royal-blue-peach-peacock-lehenga-choli/06.webp,KLC-BLU-PCH-WRK-00-0331-18,1-2Y,Royal Blue / Peach,1,0.00,true,amzira_local_inventory,455-Work/2,KLC-BLU-PCH-WRK-00-0331
meera-royal-blue-peach-peacock-lehenga-choli,Meera Royal Blue Peach Peacock Lehenga Choli,girls-lehenga-choli,south-indian-lehenga-choli,1999.00,1399.00,"A ready-to-wear South Indian lehenga choli set for girls in royal blue / peach, finished with peacock work detailing and a traditional woven border. Designed for festivals, weddings, temple ceremonies and family celebrations. The set includes one choli and one lehenga.",Art Silk Jacquard,"Dry clean recommended. Store folded in a cool, dry place.",Meera Royal Blue Peach Peacock Lehenga Choli for Girls | AMZIRA,"Shop Meera Royal Blue Peach Peacock Lehenga Choli, a ready-to-wear South Indian festive lehenga choli for girls aged 0-10 years.",kids_girls,AMZIRA Heritage Work,girls-lehenga-choli|south-indian|pattu-pavadai|festive|ready-to-wear,active,true,false,true,festival|wedding|temple-ceremony|birthday,https://cdn.amzira.com/catalog/meera-royal-blue-peach-peacock-lehenga-choli/01.webp|https://cdn.amzira.com/catalog/meera-royal-blue-peach-peacock-lehenga-choli/02.webp|https://cdn.amzira.com/catalog/meera-royal-blue-peach-peacock-lehenga-choli/03.webp|https://cdn.amzira.com/catalog/meera-royal-blue-peach-peacock-lehenga-choli/04.webp|https://cdn.amzira.com/catalog/meera-royal-blue-peach-peacock-lehenga-choli/05.webp|https://cdn.amzira.com/catalog/meera-royal-blue-peach-peacock-lehenga-choli/06.webp,KLC-BLU-PCH-WRK-00-0331-20,2-3Y,Royal Blue / Peach,1,0.00,true,amzira_local_inventory,455-Work/2,KLC-BLU-PCH-WRK-00-0331
meera-royal-blue-peach-peacock-lehenga-choli,Meera Royal Blue Peach Peacock Lehenga Choli,girls-lehenga-choli,south-indian-lehenga-choli,1999.00,1399.00,"A ready-to-wear South Indian lehenga choli set for girls in royal blue / peach, finished with peacock work detailing and a traditional woven border. Designed for festivals, weddings, temple ceremonies and family celebrations. The set includes one choli and one lehenga.",Art Silk Jacquard,"Dry clean recommended. Store folded in a cool, dry place.",Meera Royal Blue Peach Peacock Lehenga Choli for Girls | AMZIRA,"Shop Meera Royal Blue Peach Peacock Lehenga Choli, a ready-to-wear South Indian festive lehenga choli for girls aged 0-10 years.",kids_girls,AMZIRA Heritage Work,girls-lehenga-choli|south-indian|pattu-pavadai|festive|ready-to-wear,active,true,false,true,festival|wedding|temple-ceremony|birthday,https://cdn.amzira.com/catalog/meera-royal-blue-peach-peacock-lehenga-choli/01.webp|https://cdn.amzira.com/catalog/meera-royal-blue-peach-peacock-lehenga-choli/02.webp|https://cdn.amzira.com/catalog/meera-royal-blue-peach-peacock-lehenga-choli/03.webp|https://cdn.amzira.com/catalog/meera-royal-blue-peach-peacock-lehenga-choli/04.webp|https://cdn.amzira.com/catalog/meera-royal-blue-peach-peacock-lehenga-choli/05.webp|https://cdn.amzira.com/catalog/meera-royal-blue-peach-peacock-lehenga-choli/06.webp,KLC-BLU-PCH-WRK-00-0331-21,3-4Y,Royal Blue / Peach,1,0.00,true,amzira_local_inventory,455-Work/2,KLC-BLU-PCH-WRK-00-0331
meera-royal-blue-peach-peacock-lehenga-choli,Meera Royal Blue Peach Peacock Lehenga Choli,girls-lehenga-choli,south-indian-lehenga-choli,1999.00,1399.00,"A ready-to-wear South Indian lehenga choli set for girls in royal blue / peach, finished with peacock work detailing and a traditional woven border. Designed for festivals, weddings, temple ceremonies and family celebrations. The set includes one choli and one lehenga.",Art Silk Jacquard,"Dry clean recommended. Store folded in a cool, dry place.",Meera Royal Blue Peach Peacock Lehenga Choli for Girls | AMZIRA,"Shop Meera Royal Blue Peach Peacock Lehenga Choli, a ready-to-wear South Indian festive lehenga choli for girls aged 0-10 years.",kids_girls,AMZIRA Heritage Work,girls-lehenga-choli|south-indian|pattu-pavadai|festive|ready-to-wear,active,true,false,true,festival|wedding|temple-ceremony|birthday,https://cdn.amzira.com/catalog/meera-royal-blue-peach-peacock-lehenga-choli/01.webp|https://cdn.amzira.com/catalog/meera-royal-blue-peach-peacock-lehenga-choli/02.webp|https://cdn.amzira.com/catalog/meera-royal-blue-peach-peacock-lehenga-choli/03.webp|https://cdn.amzira.com/catalog/meera-royal-blue-peach-peacock-lehenga-choli/04.webp|https://cdn.amzira.com/catalog/meera-royal-blue-peach-peacock-lehenga-choli/05.webp|https://cdn.amzira.com/catalog/meera-royal-blue-peach-peacock-lehenga-choli/06.webp,KLC-BLU-PCH-WRK-00-0331-22,4-5Y,Royal Blue / Peach,3,0.00,true,amzira_local_inventory,455-Work/2,KLC-BLU-PCH-WRK-00-0331
meera-royal-blue-peach-peacock-lehenga-choli,Meera Royal Blue Peach Peacock Lehenga Choli,girls-lehenga-choli,south-indian-lehenga-choli,1999.00,1399.00,"A ready-to-wear South Indian lehenga choli set for girls in royal blue / peach, finished with peacock work detailing and a traditional woven border. Designed for festivals, weddings, temple ceremonies and family celebrations. The set includes one choli and one lehenga.",Art Silk Jacquard,"Dry clean recommended. Store folded in a cool, dry place.",Meera Royal Blue Peach Peacock Lehenga Choli for Girls | AMZIRA,"Shop Meera Royal Blue Peach Peacock Lehenga Choli, a ready-to-wear South Indian festive lehenga choli for girls aged 0-10 years.",kids_girls,AMZIRA Heritage Work,girls-lehenga-choli|south-indian|pattu-pavadai|festive|ready-to-wear,active,true,false,true,festival|wedding|temple-ceremony|birthday,https://cdn.amzira.com/catalog/meera-royal-blue-peach-peacock-lehenga-choli/01.webp|https://cdn.amzira.com/catalog/meera-royal-blue-peach-peacock-lehenga-choli/02.webp|https://cdn.amzira.com/catalog/meera-royal-blue-peach-peacock-lehenga-choli/03.webp|https://cdn.amzira.com/catalog/meera-royal-blue-peach-peacock-lehenga-choli/04.webp|https://cdn.amzira.com/catalog/meera-royal-blue-peach-peacock-lehenga-choli/05.webp|https://cdn.amzira.com/catalog/meera-royal-blue-peach-peacock-lehenga-choli/06.webp,KLC-BLU-PCH-WRK-00-0331-24,5-6Y,Royal Blue / Peach,3,0.00,true,amzira_local_inventory,455-Work/2,KLC-BLU-PCH-WRK-00-0331
meera-royal-blue-peach-peacock-lehenga-choli,Meera Royal Blue Peach Peacock Lehenga Choli,girls-lehenga-choli,south-indian-lehenga-choli,1999.00,1399.00,"A ready-to-wear South Indian lehenga choli set for girls in royal blue / peach, finished with peacock work detailing and a traditional woven border. Designed for festivals, weddings, temple ceremonies and family celebrations. The set includes one choli and one lehenga.",Art Silk Jacquard,"Dry clean recommended. Store folded in a cool, dry place.",Meera Royal Blue Peach Peacock Lehenga Choli for Girls | AMZIRA,"Shop Meera Royal Blue Peach Peacock Lehenga Choli, a ready-to-wear South Indian festive lehenga choli for girls aged 0-10 years.",kids_girls,AMZIRA Heritage Work,girls-lehenga-choli|south-indian|pattu-pavadai|festive|ready-to-wear,active,true,false,true,festival|wedding|temple-ceremony|birthday,https://cdn.amzira.com/catalog/meera-royal-blue-peach-peacock-lehenga-choli/01.webp|https://cdn.amzira.com/catalog/meera-royal-blue-peach-peacock-lehenga-choli/02.webp|https://cdn.amzira.com/catalog/meera-royal-blue-peach-peacock-lehenga-choli/03.webp|https://cdn.amzira.com/catalog/meera-royal-blue-peach-peacock-lehenga-choli/04.webp|https://cdn.amzira.com/catalog/meera-royal-blue-peach-peacock-lehenga-choli/05.webp|https://cdn.amzira.com/catalog/meera-royal-blue-peach-peacock-lehenga-choli/06.webp,KLC-BLU-PCH-WRK-00-0331-26,6-7Y,Royal Blue / Peach,3,0.00,true,amzira_local_inventory,455-Work/2,KLC-BLU-PCH-WRK-00-0331
meera-royal-blue-peach-peacock-lehenga-choli,Meera Royal Blue Peach Peacock Lehenga Choli,girls-lehenga-choli,south-indian-lehenga-choli,1999.00,1399.00,"A ready-to-wear South Indian lehenga choli set for girls in royal blue / peach, finished with peacock work detailing and a traditional woven border. Designed for festivals, weddings, temple ceremonies and family celebrations. The set includes one choli and one lehenga.",Art Silk Jacquard,"Dry clean recommended. Store folded in a cool, dry place.",Meera Royal Blue Peach Peacock Lehenga Choli for Girls | AMZIRA,"Shop Meera Royal Blue Peach Peacock Lehenga Choli, a ready-to-wear South Indian festive lehenga choli for girls aged 0-10 years.",kids_girls,AMZIRA Heritage Work,girls-lehenga-choli|south-indian|pattu-pavadai|festive|ready-to-wear,active,true,false,true,festival|wedding|temple-ceremony|birthday,https://cdn.amzira.com/catalog/meera-royal-blue-peach-peacock-lehenga-choli/01.webp|https://cdn.amzira.com/catalog/meera-royal-blue-peach-peacock-lehenga-choli/02.webp|https://cdn.amzira.com/catalog/meera-royal-blue-peach-peacock-lehenga-choli/03.webp|https://cdn.amzira.com/catalog/meera-royal-blue-peach-peacock-lehenga-choli/04.webp|https://cdn.amzira.com/catalog/meera-royal-blue-peach-peacock-lehenga-choli/05.webp|https://cdn.amzira.com/catalog/meera-royal-blue-peach-peacock-lehenga-choli/06.webp,KLC-BLU-PCH-WRK-00-0331-28,7-8Y,Royal Blue / Peach,3,0.00,true,amzira_local_inventory,455-Work/2,KLC-BLU-PCH-WRK-00-0331
meera-royal-blue-peach-peacock-lehenga-choli,Meera Royal Blue Peach Peacock Lehenga Choli,girls-lehenga-choli,south-indian-lehenga-choli,1999.00,1399.00,"A ready-to-wear South Indian lehenga choli set for girls in royal blue / peach, finished with peacock work detailing and a traditional woven border. Designed for festivals, weddings, temple ceremonies and family celebrations. The set includes one choli and one lehenga.",Art Silk Jacquard,"Dry clean recommended. Store folded in a cool, dry place.",Meera Royal Blue Peach Peacock Lehenga Choli for Girls | AMZIRA,"Shop Meera Royal Blue Peach Peacock Lehenga Choli, a ready-to-wear South Indian festive lehenga choli for girls aged 0-10 years.",kids_girls,AMZIRA Heritage Work,girls-lehenga-choli|south-indian|pattu-pavadai|festive|ready-to-wear,active,true,false,true,festival|wedding|temple-ceremony|birthday,https://cdn.amzira.com/catalog/meera-royal-blue-peach-peacock-lehenga-choli/01.webp|https://cdn.amzira.com/catalog/meera-royal-blue-peach-peacock-lehenga-choli/02.webp|https://cdn.amzira.com/catalog/meera-royal-blue-peach-peacock-lehenga-choli/03.webp|https://cdn.amzira.com/catalog/meera-royal-blue-peach-peacock-lehenga-choli/04.webp|https://cdn.amzira.com/catalog/meera-royal-blue-peach-peacock-lehenga-choli/05.webp|https://cdn.amzira.com/catalog/meera-royal-blue-peach-peacock-lehenga-choli/06.webp,KLC-BLU-PCH-WRK-00-0331-33,9-10Y,Royal Blue / Peach,4,0.00,true,amzira_local_inventory,455-Work/2,KLC-BLU-PCH-WRK-00-0331
aadhya-royal-blue-mustard-temple-border-lehenga-choli,Aadhya Royal Blue Mustard Temple Border Lehenga Choli,girls-lehenga-choli,south-indian-lehenga-choli,1999.00,1399.00,"A ready-to-wear South Indian lehenga choli set for girls in royal blue / mustard, finished with temple border detailing and a traditional woven border. Designed for festivals, weddings, temple ceremonies and family celebrations. The set includes one choli and one lehenga.",Art Silk Jacquard,"Dry clean recommended. Store folded in a cool, dry place.",Aadhya Royal Blue Mustard Temple Border Lehenga Choli for Girls | AMZIRA,"Shop Aadhya Royal Blue Mustard Temple Border Lehenga Choli, a ready-to-wear South Indian festive lehenga choli for girls aged 0-10 years.",kids_girls,AMZIRA Heritage Work,girls-lehenga-choli|south-indian|pattu-pavadai|festive|ready-to-wear,active,true,false,true,festival|wedding|temple-ceremony|birthday,https://cdn.amzira.com/catalog/aadhya-royal-blue-mustard-temple-border-lehenga-choli/01.webp|https://cdn.amzira.com/catalog/aadhya-royal-blue-mustard-temple-border-lehenga-choli/02.webp|https://cdn.amzira.com/catalog/aadhya-royal-blue-mustard-temple-border-lehenga-choli/03.webp|https://cdn.amzira.com/catalog/aadhya-royal-blue-mustard-temple-border-lehenga-choli/04.webp,KLC-BLU-MUS-WRK-00-0343-18,1-2Y,Royal Blue / Mustard,1,0.00,true,amzira_local_inventory,455-Work/4,KLC-BLU-MUS-WRK-00-0343
aadhya-royal-blue-mustard-temple-border-lehenga-choli,Aadhya Royal Blue Mustard Temple Border Lehenga Choli,girls-lehenga-choli,south-indian-lehenga-choli,1999.00,1399.00,"A ready-to-wear South Indian lehenga choli set for girls in royal blue / mustard, finished with temple border detailing and a traditional woven border. Designed for festivals, weddings, temple ceremonies and family celebrations. The set includes one choli and one lehenga.",Art Silk Jacquard,"Dry clean recommended. Store folded in a cool, dry place.",Aadhya Royal Blue Mustard Temple Border Lehenga Choli for Girls | AMZIRA,"Shop Aadhya Royal Blue Mustard Temple Border Lehenga Choli, a ready-to-wear South Indian festive lehenga choli for girls aged 0-10 years.",kids_girls,AMZIRA Heritage Work,girls-lehenga-choli|south-indian|pattu-pavadai|festive|ready-to-wear,active,true,false,true,festival|wedding|temple-ceremony|birthday,https://cdn.amzira.com/catalog/aadhya-royal-blue-mustard-temple-border-lehenga-choli/01.webp|https://cdn.amzira.com/catalog/aadhya-royal-blue-mustard-temple-border-lehenga-choli/02.webp|https://cdn.amzira.com/catalog/aadhya-royal-blue-mustard-temple-border-lehenga-choli/03.webp|https://cdn.amzira.com/catalog/aadhya-royal-blue-mustard-temple-border-lehenga-choli/04.webp,KLC-BLU-MUS-WRK-00-0343-20,2-3Y,Royal Blue / Mustard,1,0.00,true,amzira_local_inventory,455-Work/4,KLC-BLU-MUS-WRK-00-0343
aadhya-royal-blue-mustard-temple-border-lehenga-choli,Aadhya Royal Blue Mustard Temple Border Lehenga Choli,girls-lehenga-choli,south-indian-lehenga-choli,1999.00,1399.00,"A ready-to-wear South Indian lehenga choli set for girls in royal blue / mustard, finished with temple border detailing and a traditional woven border. Designed for festivals, weddings, temple ceremonies and family celebrations. The set includes one choli and one lehenga.",Art Silk Jacquard,"Dry clean recommended. Store folded in a cool, dry place.",Aadhya Royal Blue Mustard Temple Border Lehenga Choli for Girls | AMZIRA,"Shop Aadhya Royal Blue Mustard Temple Border Lehenga Choli, a ready-to-wear South Indian festive lehenga choli for girls aged 0-10 years.",kids_girls,AMZIRA Heritage Work,girls-lehenga-choli|south-indian|pattu-pavadai|festive|ready-to-wear,active,true,false,true,festival|wedding|temple-ceremony|birthday,https://cdn.amzira.com/catalog/aadhya-royal-blue-mustard-temple-border-lehenga-choli/01.webp|https://cdn.amzira.com/catalog/aadhya-royal-blue-mustard-temple-border-lehenga-choli/02.webp|https://cdn.amzira.com/catalog/aadhya-royal-blue-mustard-temple-border-lehenga-choli/03.webp|https://cdn.amzira.com/catalog/aadhya-royal-blue-mustard-temple-border-lehenga-choli/04.webp,KLC-BLU-MUS-WRK-00-0343-21,3-4Y,Royal Blue / Mustard,1,0.00,true,amzira_local_inventory,455-Work/4,KLC-BLU-MUS-WRK-00-0343
aadhya-royal-blue-mustard-temple-border-lehenga-choli,Aadhya Royal Blue Mustard Temple Border Lehenga Choli,girls-lehenga-choli,south-indian-lehenga-choli,1999.00,1399.00,"A ready-to-wear South Indian lehenga choli set for girls in royal blue / mustard, finished with temple border detailing and a traditional woven border. Designed for festivals, weddings, temple ceremonies and family celebrations. The set includes one choli and one lehenga.",Art Silk Jacquard,"Dry clean recommended. Store folded in a cool, dry place.",Aadhya Royal Blue Mustard Temple Border Lehenga Choli for Girls | AMZIRA,"Shop Aadhya Royal Blue Mustard Temple Border Lehenga Choli, a ready-to-wear South Indian festive lehenga choli for girls aged 0-10 years.",kids_girls,AMZIRA Heritage Work,girls-lehenga-choli|south-indian|pattu-pavadai|festive|ready-to-wear,active,true,false,true,festival|wedding|temple-ceremony|birthday,https://cdn.amzira.com/catalog/aadhya-royal-blue-mustard-temple-border-lehenga-choli/01.webp|https://cdn.amzira.com/catalog/aadhya-royal-blue-mustard-temple-border-lehenga-choli/02.webp|https://cdn.amzira.com/catalog/aadhya-royal-blue-mustard-temple-border-lehenga-choli/03.webp|https://cdn.amzira.com/catalog/aadhya-royal-blue-mustard-temple-border-lehenga-choli/04.webp,KLC-BLU-MUS-WRK-00-0343-22,4-5Y,Royal Blue / Mustard,3,0.00,true,amzira_local_inventory,455-Work/4,KLC-BLU-MUS-WRK-00-0343
aadhya-royal-blue-mustard-temple-border-lehenga-choli,Aadhya Royal Blue Mustard Temple Border Lehenga Choli,girls-lehenga-choli,south-indian-lehenga-choli,1999.00,1399.00,"A ready-to-wear South Indian lehenga choli set for girls in royal blue / mustard, finished with temple border detailing and a traditional woven border. Designed for festivals, weddings, temple ceremonies and family celebrations. The set includes one choli and one lehenga.",Art Silk Jacquard,"Dry clean recommended. Store folded in a cool, dry place.",Aadhya Royal Blue Mustard Temple Border Lehenga Choli for Girls | AMZIRA,"Shop Aadhya Royal Blue Mustard Temple Border Lehenga Choli, a ready-to-wear South Indian festive lehenga choli for girls aged 0-10 years.",kids_girls,AMZIRA Heritage Work,girls-lehenga-choli|south-indian|pattu-pavadai|festive|ready-to-wear,active,true,false,true,festival|wedding|temple-ceremony|birthday,https://cdn.amzira.com/catalog/aadhya-royal-blue-mustard-temple-border-lehenga-choli/01.webp|https://cdn.amzira.com/catalog/aadhya-royal-blue-mustard-temple-border-lehenga-choli/02.webp|https://cdn.amzira.com/catalog/aadhya-royal-blue-mustard-temple-border-lehenga-choli/03.webp|https://cdn.amzira.com/catalog/aadhya-royal-blue-mustard-temple-border-lehenga-choli/04.webp,KLC-BLU-MUS-WRK-00-0343-24,5-6Y,Royal Blue / Mustard,3,0.00,true,amzira_local_inventory,455-Work/4,KLC-BLU-MUS-WRK-00-0343
aadhya-royal-blue-mustard-temple-border-lehenga-choli,Aadhya Royal Blue Mustard Temple Border Lehenga Choli,girls-lehenga-choli,south-indian-lehenga-choli,1999.00,1399.00,"A ready-to-wear South Indian lehenga choli set for girls in royal blue / mustard, finished with temple border detailing and a traditional woven border. Designed for festivals, weddings, temple ceremonies and family celebrations. The set includes one choli and one lehenga.",Art Silk Jacquard,"Dry clean recommended. Store folded in a cool, dry place.",Aadhya Royal Blue Mustard Temple Border Lehenga Choli for Girls | AMZIRA,"Shop Aadhya Royal Blue Mustard Temple Border Lehenga Choli, a ready-to-wear South Indian festive lehenga choli for girls aged 0-10 years.",kids_girls,AMZIRA Heritage Work,girls-lehenga-choli|south-indian|pattu-pavadai|festive|ready-to-wear,active,true,false,true,festival|wedding|temple-ceremony|birthday,https://cdn.amzira.com/catalog/aadhya-royal-blue-mustard-temple-border-lehenga-choli/01.webp|https://cdn.amzira.com/catalog/aadhya-royal-blue-mustard-temple-border-lehenga-choli/02.webp|https://cdn.amzira.com/catalog/aadhya-royal-blue-mustard-temple-border-lehenga-choli/03.webp|https://cdn.amzira.com/catalog/aadhya-royal-blue-mustard-temple-border-lehenga-choli/04.webp,KLC-BLU-MUS-WRK-00-0343-26,6-7Y,Royal Blue / Mustard,3,0.00,true,amzira_local_inventory,455-Work/4,KLC-BLU-MUS-WRK-00-0343
aadhya-royal-blue-mustard-temple-border-lehenga-choli,Aadhya Royal Blue Mustard Temple Border Lehenga Choli,girls-lehenga-choli,south-indian-lehenga-choli,1999.00,1399.00,"A ready-to-wear South Indian lehenga choli set for girls in royal blue / mustard, finished with temple border detailing and a traditional woven border. Designed for festivals, weddings, temple ceremonies and family celebrations. The set includes one choli and one lehenga.",Art Silk Jacquard,"Dry clean recommended. Store folded in a cool, dry place.",Aadhya Royal Blue Mustard Temple Border Lehenga Choli for Girls | AMZIRA,"Shop Aadhya Royal Blue Mustard Temple Border Lehenga Choli, a ready-to-wear South Indian festive lehenga choli for girls aged 0-10 years.",kids_girls,AMZIRA Heritage Work,girls-lehenga-choli|south-indian|pattu-pavadai|festive|ready-to-wear,active,true,false,true,festival|wedding|temple-ceremony|birthday,https://cdn.amzira.com/catalog/aadhya-royal-blue-mustard-temple-border-lehenga-choli/01.webp|https://cdn.amzira.com/catalog/aadhya-royal-blue-mustard-temple-border-lehenga-choli/02.webp|https://cdn.amzira.com/catalog/aadhya-royal-blue-mustard-temple-border-lehenga-choli/03.webp|https://cdn.amzira.com/catalog/aadhya-royal-blue-mustard-temple-border-lehenga-choli/04.webp,KLC-BLU-MUS-WRK-00-0343-28,7-8Y,Royal Blue / Mustard,3,0.00,true,amzira_local_inventory,455-Work/4,KLC-BLU-MUS-WRK-00-0343
aadhya-royal-blue-mustard-temple-border-lehenga-choli,Aadhya Royal Blue Mustard Temple Border Lehenga Choli,girls-lehenga-choli,south-indian-lehenga-choli,1999.00,1399.00,"A ready-to-wear South Indian lehenga choli set for girls in royal blue / mustard, finished with temple border detailing and a traditional woven border. Designed for festivals, weddings, temple ceremonies and family celebrations. The set includes one choli and one lehenga.",Art Silk Jacquard,"Dry clean recommended. Store folded in a cool, dry place.",Aadhya Royal Blue Mustard Temple Border Lehenga Choli for Girls | AMZIRA,"Shop Aadhya Royal Blue Mustard Temple Border Lehenga Choli, a ready-to-wear South Indian festive lehenga choli for girls aged 0-10 years.",kids_girls,AMZIRA Heritage Work,girls-lehenga-choli|south-indian|pattu-pavadai|festive|ready-to-wear,active,true,false,true,festival|wedding|temple-ceremony|birthday,https://cdn.amzira.com/catalog/aadhya-royal-blue-mustard-temple-border-lehenga-choli/01.webp|https://cdn.amzira.com/catalog/aadhya-royal-blue-mustard-temple-border-lehenga-choli/02.webp|https://cdn.amzira.com/catalog/aadhya-royal-blue-mustard-temple-border-lehenga-choli/03.webp|https://cdn.amzira.com/catalog/aadhya-royal-blue-mustard-temple-border-lehenga-choli/04.webp,KLC-BLU-MUS-WRK-00-0343-33,9-10Y,Royal Blue / Mustard,4,0.00,true,amzira_local_inventory,455-Work/4,KLC-BLU-MUS-WRK-00-0343
vanya-wine-green-peacock-work-pattu-pavadai,Vanya Wine Green Peacock Work Pattu Pavadai,girls-lehenga-choli,south-indian-lehenga-choli,2199.00,1499.00,"A ready-to-wear South Indian lehenga choli set for girls in wine / green, finished with peacock work detailing and a traditional woven border. Designed for festivals, weddings, temple ceremonies and family celebrations. The set includes one choli and one lehenga.",Art Silk Jacquard,"Dry clean recommended. Store folded in a cool, dry place.",Vanya Wine Green Peacock Work Pattu Pavadai for Girls | AMZIRA,"Shop Vanya Wine Green Peacock Work Pattu Pavadai, a ready-to-wear South Indian festive lehenga choli for girls aged 0-10 years.",kids_girls,AMZIRA Heritage Work,girls-lehenga-choli|south-indian|pattu-pavadai|festive|ready-to-wear,active,true,false,true,festival|wedding|temple-ceremony|birthday,https://cdn.amzira.com/catalog/vanya-wine-green-peacock-work-pattu-pavadai/01.webp|https://cdn.amzira.com/catalog/vanya-wine-green-peacock-work-pattu-pavadai/02.webp|https://cdn.amzira.com/catalog/vanya-wine-green-peacock-work-pattu-pavadai/03.webp|https://cdn.amzira.com/catalog/vanya-wine-green-peacock-work-pattu-pavadai/04.webp|https://cdn.amzira.com/catalog/vanya-wine-green-peacock-work-pattu-pavadai/05.webp|https://cdn.amzira.com/catalog/vanya-wine-green-peacock-work-pattu-pavadai/06.webp,KLC-WINE-GRN-PEACOCKWORK-00-0454-18,1-2Y,Wine / Green,1,0.00,true,amzira_local_inventory,455-Work/5,KLC-WINE-GRN-PEACOCKWORK-00-0454
vanya-wine-green-peacock-work-pattu-pavadai,Vanya Wine Green Peacock Work Pattu Pavadai,girls-lehenga-choli,south-indian-lehenga-choli,2199.00,1499.00,"A ready-to-wear South Indian lehenga choli set for girls in wine / green, finished with peacock work detailing and a traditional woven border. Designed for festivals, weddings, temple ceremonies and family celebrations. The set includes one choli and one lehenga.",Art Silk Jacquard,"Dry clean recommended. Store folded in a cool, dry place.",Vanya Wine Green Peacock Work Pattu Pavadai for Girls | AMZIRA,"Shop Vanya Wine Green Peacock Work Pattu Pavadai, a ready-to-wear South Indian festive lehenga choli for girls aged 0-10 years.",kids_girls,AMZIRA Heritage Work,girls-lehenga-choli|south-indian|pattu-pavadai|festive|ready-to-wear,active,true,false,true,festival|wedding|temple-ceremony|birthday,https://cdn.amzira.com/catalog/vanya-wine-green-peacock-work-pattu-pavadai/01.webp|https://cdn.amzira.com/catalog/vanya-wine-green-peacock-work-pattu-pavadai/02.webp|https://cdn.amzira.com/catalog/vanya-wine-green-peacock-work-pattu-pavadai/03.webp|https://cdn.amzira.com/catalog/vanya-wine-green-peacock-work-pattu-pavadai/04.webp|https://cdn.amzira.com/catalog/vanya-wine-green-peacock-work-pattu-pavadai/05.webp|https://cdn.amzira.com/catalog/vanya-wine-green-peacock-work-pattu-pavadai/06.webp,KLC-WINE-GRN-PEACOCKWORK-00-0454-20,2-3Y,Wine / Green,1,0.00,true,amzira_local_inventory,455-Work/5,KLC-WINE-GRN-PEACOCKWORK-00-0454
vanya-wine-green-peacock-work-pattu-pavadai,Vanya Wine Green Peacock Work Pattu Pavadai,girls-lehenga-choli,south-indian-lehenga-choli,2199.00,1499.00,"A ready-to-wear South Indian lehenga choli set for girls in wine / green, finished with peacock work detailing and a traditional woven border. Designed for festivals, weddings, temple ceremonies and family celebrations. The set includes one choli and one lehenga.",Art Silk Jacquard,"Dry clean recommended. Store folded in a cool, dry place.",Vanya Wine Green Peacock Work Pattu Pavadai for Girls | AMZIRA,"Shop Vanya Wine Green Peacock Work Pattu Pavadai, a ready-to-wear South Indian festive lehenga choli for girls aged 0-10 years.",kids_girls,AMZIRA Heritage Work,girls-lehenga-choli|south-indian|pattu-pavadai|festive|ready-to-wear,active,true,false,true,festival|wedding|temple-ceremony|birthday,https://cdn.amzira.com/catalog/vanya-wine-green-peacock-work-pattu-pavadai/01.webp|https://cdn.amzira.com/catalog/vanya-wine-green-peacock-work-pattu-pavadai/02.webp|https://cdn.amzira.com/catalog/vanya-wine-green-peacock-work-pattu-pavadai/03.webp|https://cdn.amzira.com/catalog/vanya-wine-green-peacock-work-pattu-pavadai/04.webp|https://cdn.amzira.com/catalog/vanya-wine-green-peacock-work-pattu-pavadai/05.webp|https://cdn.amzira.com/catalog/vanya-wine-green-peacock-work-pattu-pavadai/06.webp,KLC-WINE-GRN-PEACOCKWORK-00-0454-21,3-4Y,Wine / Green,1,0.00,true,amzira_local_inventory,455-Work/5,KLC-WINE-GRN-PEACOCKWORK-00-0454
vanya-wine-green-peacock-work-pattu-pavadai,Vanya Wine Green Peacock Work Pattu Pavadai,girls-lehenga-choli,south-indian-lehenga-choli,2199.00,1499.00,"A ready-to-wear South Indian lehenga choli set for girls in wine / green, finished with peacock work detailing and a traditional woven border. Designed for festivals, weddings, temple ceremonies and family celebrations. The set includes one choli and one lehenga.",Art Silk Jacquard,"Dry clean recommended. Store folded in a cool, dry place.",Vanya Wine Green Peacock Work Pattu Pavadai for Girls | AMZIRA,"Shop Vanya Wine Green Peacock Work Pattu Pavadai, a ready-to-wear South Indian festive lehenga choli for girls aged 0-10 years.",kids_girls,AMZIRA Heritage Work,girls-lehenga-choli|south-indian|pattu-pavadai|festive|ready-to-wear,active,true,false,true,festival|wedding|temple-ceremony|birthday,https://cdn.amzira.com/catalog/vanya-wine-green-peacock-work-pattu-pavadai/01.webp|https://cdn.amzira.com/catalog/vanya-wine-green-peacock-work-pattu-pavadai/02.webp|https://cdn.amzira.com/catalog/vanya-wine-green-peacock-work-pattu-pavadai/03.webp|https://cdn.amzira.com/catalog/vanya-wine-green-peacock-work-pattu-pavadai/04.webp|https://cdn.amzira.com/catalog/vanya-wine-green-peacock-work-pattu-pavadai/05.webp|https://cdn.amzira.com/catalog/vanya-wine-green-peacock-work-pattu-pavadai/06.webp,KLC-WINE-GRN-PEACOCKWORK-00-0454-22,4-5Y,Wine / Green,3,0.00,true,amzira_local_inventory,455-Work/5,KLC-WINE-GRN-PEACOCKWORK-00-0454
vanya-wine-green-peacock-work-pattu-pavadai,Vanya Wine Green Peacock Work Pattu Pavadai,girls-lehenga-choli,south-indian-lehenga-choli,2199.00,1499.00,"A ready-to-wear South Indian lehenga choli set for girls in wine / green, finished with peacock work detailing and a traditional woven border. Designed for festivals, weddings, temple ceremonies and family celebrations. The set includes one choli and one lehenga.",Art Silk Jacquard,"Dry clean recommended. Store folded in a cool, dry place.",Vanya Wine Green Peacock Work Pattu Pavadai for Girls | AMZIRA,"Shop Vanya Wine Green Peacock Work Pattu Pavadai, a ready-to-wear South Indian festive lehenga choli for girls aged 0-10 years.",kids_girls,AMZIRA Heritage Work,girls-lehenga-choli|south-indian|pattu-pavadai|festive|ready-to-wear,active,true,false,true,festival|wedding|temple-ceremony|birthday,https://cdn.amzira.com/catalog/vanya-wine-green-peacock-work-pattu-pavadai/01.webp|https://cdn.amzira.com/catalog/vanya-wine-green-peacock-work-pattu-pavadai/02.webp|https://cdn.amzira.com/catalog/vanya-wine-green-peacock-work-pattu-pavadai/03.webp|https://cdn.amzira.com/catalog/vanya-wine-green-peacock-work-pattu-pavadai/04.webp|https://cdn.amzira.com/catalog/vanya-wine-green-peacock-work-pattu-pavadai/05.webp|https://cdn.amzira.com/catalog/vanya-wine-green-peacock-work-pattu-pavadai/06.webp,KLC-WINE-GRN-PEACOCKWORK-00-0454-24,5-6Y,Wine / Green,3,0.00,true,amzira_local_inventory,455-Work/5,KLC-WINE-GRN-PEACOCKWORK-00-0454
vanya-wine-green-peacock-work-pattu-pavadai,Vanya Wine Green Peacock Work Pattu Pavadai,girls-lehenga-choli,south-indian-lehenga-choli,2199.00,1499.00,"A ready-to-wear South Indian lehenga choli set for girls in wine / green, finished with peacock work detailing and a traditional woven border. Designed for festivals, weddings, temple ceremonies and family celebrations. The set includes one choli and one lehenga.",Art Silk Jacquard,"Dry clean recommended. Store folded in a cool, dry place.",Vanya Wine Green Peacock Work Pattu Pavadai for Girls | AMZIRA,"Shop Vanya Wine Green Peacock Work Pattu Pavadai, a ready-to-wear South Indian festive lehenga choli for girls aged 0-10 years.",kids_girls,AMZIRA Heritage Work,girls-lehenga-choli|south-indian|pattu-pavadai|festive|ready-to-wear,active,true,false,true,festival|wedding|temple-ceremony|birthday,https://cdn.amzira.com/catalog/vanya-wine-green-peacock-work-pattu-pavadai/01.webp|https://cdn.amzira.com/catalog/vanya-wine-green-peacock-work-pattu-pavadai/02.webp|https://cdn.amzira.com/catalog/vanya-wine-green-peacock-work-pattu-pavadai/03.webp|https://cdn.amzira.com/catalog/vanya-wine-green-peacock-work-pattu-pavadai/04.webp|https://cdn.amzira.com/catalog/vanya-wine-green-peacock-work-pattu-pavadai/05.webp|https://cdn.amzira.com/catalog/vanya-wine-green-peacock-work-pattu-pavadai/06.webp,KLC-WINE-GRN-PEACOCKWORK-00-0454-26,6-7Y,Wine / Green,3,0.00,true,amzira_local_inventory,455-Work/5,KLC-WINE-GRN-PEACOCKWORK-00-0454
vanya-wine-green-peacock-work-pattu-pavadai,Vanya Wine Green Peacock Work Pattu Pavadai,girls-lehenga-choli,south-indian-lehenga-choli,2199.00,1499.00,"A ready-to-wear South Indian lehenga choli set for girls in wine / green, finished with peacock work detailing and a traditional woven border. Designed for festivals, weddings, temple ceremonies and family celebrations. The set includes one choli and one lehenga.",Art Silk Jacquard,"Dry clean recommended. Store folded in a cool, dry place.",Vanya Wine Green Peacock Work Pattu Pavadai for Girls | AMZIRA,"Shop Vanya Wine Green Peacock Work Pattu Pavadai, a ready-to-wear South Indian festive lehenga choli for girls aged 0-10 years.",kids_girls,AMZIRA Heritage Work,girls-lehenga-choli|south-indian|pattu-pavadai|festive|ready-to-wear,active,true,false,true,festival|wedding|temple-ceremony|birthday,https://cdn.amzira.com/catalog/vanya-wine-green-peacock-work-pattu-pavadai/01.webp|https://cdn.amzira.com/catalog/vanya-wine-green-peacock-work-pattu-pavadai/02.webp|https://cdn.amzira.com/catalog/vanya-wine-green-peacock-work-pattu-pavadai/03.webp|https://cdn.amzira.com/catalog/vanya-wine-green-peacock-work-pattu-pavadai/04.webp|https://cdn.amzira.com/catalog/vanya-wine-green-peacock-work-pattu-pavadai/05.webp|https://cdn.amzira.com/catalog/vanya-wine-green-peacock-work-pattu-pavadai/06.webp,KLC-WINE-GRN-PEACOCKWORK-00-0454-28,7-8Y,Wine / Green,3,0.00,true,amzira_local_inventory,455-Work/5,KLC-WINE-GRN-PEACOCKWORK-00-0454
vanya-wine-green-peacock-work-pattu-pavadai,Vanya Wine Green Peacock Work Pattu Pavadai,girls-lehenga-choli,south-indian-lehenga-choli,2199.00,1499.00,"A ready-to-wear South Indian lehenga choli set for girls in wine / green, finished with peacock work detailing and a traditional woven border. Designed for festivals, weddings, temple ceremonies and family celebrations. The set includes one choli and one lehenga.",Art Silk Jacquard,"Dry clean recommended. Store folded in a cool, dry place.",Vanya Wine Green Peacock Work Pattu Pavadai for Girls | AMZIRA,"Shop Vanya Wine Green Peacock Work Pattu Pavadai, a ready-to-wear South Indian festive lehenga choli for girls aged 0-10 years.",kids_girls,AMZIRA Heritage Work,girls-lehenga-choli|south-indian|pattu-pavadai|festive|ready-to-wear,active,true,false,true,festival|wedding|temple-ceremony|birthday,https://cdn.amzira.com/catalog/vanya-wine-green-peacock-work-pattu-pavadai/01.webp|https://cdn.amzira.com/catalog/vanya-wine-green-peacock-work-pattu-pavadai/02.webp|https://cdn.amzira.com/catalog/vanya-wine-green-peacock-work-pattu-pavadai/03.webp|https://cdn.amzira.com/catalog/vanya-wine-green-peacock-work-pattu-pavadai/04.webp|https://cdn.amzira.com/catalog/vanya-wine-green-peacock-work-pattu-pavadai/05.webp|https://cdn.amzira.com/catalog/vanya-wine-green-peacock-work-pattu-pavadai/06.webp,KLC-WINE-GRN-PEACOCKWORK-00-0454-33,9-10Y,Wine / Green,4,0.00,true,amzira_local_inventory,455-Work/5,KLC-WINE-GRN-PEACOCKWORK-00-0454
ira-emerald-maroon-peacock-work-lehenga-choli,Ira Emerald Maroon Peacock Work Lehenga Choli,girls-lehenga-choli,south-indian-lehenga-choli,2199.00,1499.00,"A ready-to-wear South Indian lehenga choli set for girls in emerald green / maroon, finished with peacock work detailing and a traditional woven border. Designed for festivals, weddings, temple ceremonies and family celebrations. The set includes one choli and one lehenga.",Art Silk Jacquard,"Dry clean recommended. Store folded in a cool, dry place.",Ira Emerald Maroon Peacock Work Lehenga Choli for Girls | AMZIRA,"Shop Ira Emerald Maroon Peacock Work Lehenga Choli, a ready-to-wear South Indian festive lehenga choli for girls aged 0-10 years.",kids_girls,AMZIRA Heritage Work,girls-lehenga-choli|south-indian|pattu-pavadai|festive|ready-to-wear,active,true,false,true,festival|wedding|temple-ceremony|birthday,https://cdn.amzira.com/catalog/ira-emerald-maroon-peacock-work-lehenga-choli/01.webp|https://cdn.amzira.com/catalog/ira-emerald-maroon-peacock-work-lehenga-choli/02.webp|https://cdn.amzira.com/catalog/ira-emerald-maroon-peacock-work-lehenga-choli/03.webp|https://cdn.amzira.com/catalog/ira-emerald-maroon-peacock-work-lehenga-choli/04.webp|https://cdn.amzira.com/catalog/ira-emerald-maroon-peacock-work-lehenga-choli/05.webp|https://cdn.amzira.com/catalog/ira-emerald-maroon-peacock-work-lehenga-choli/06.webp,KLC-GRN-MRN-PEACOCKWRK-00-0423-18,1-2Y,Emerald Green / Maroon,1,0.00,true,amzira_local_inventory,455-Work/6,KLC-GRN-MRN-PEACOCKWRK-00-0423
ira-emerald-maroon-peacock-work-lehenga-choli,Ira Emerald Maroon Peacock Work Lehenga Choli,girls-lehenga-choli,south-indian-lehenga-choli,2199.00,1499.00,"A ready-to-wear South Indian lehenga choli set for girls in emerald green / maroon, finished with peacock work detailing and a traditional woven border. Designed for festivals, weddings, temple ceremonies and family celebrations. The set includes one choli and one lehenga.",Art Silk Jacquard,"Dry clean recommended. Store folded in a cool, dry place.",Ira Emerald Maroon Peacock Work Lehenga Choli for Girls | AMZIRA,"Shop Ira Emerald Maroon Peacock Work Lehenga Choli, a ready-to-wear South Indian festive lehenga choli for girls aged 0-10 years.",kids_girls,AMZIRA Heritage Work,girls-lehenga-choli|south-indian|pattu-pavadai|festive|ready-to-wear,active,true,false,true,festival|wedding|temple-ceremony|birthday,https://cdn.amzira.com/catalog/ira-emerald-maroon-peacock-work-lehenga-choli/01.webp|https://cdn.amzira.com/catalog/ira-emerald-maroon-peacock-work-lehenga-choli/02.webp|https://cdn.amzira.com/catalog/ira-emerald-maroon-peacock-work-lehenga-choli/03.webp|https://cdn.amzira.com/catalog/ira-emerald-maroon-peacock-work-lehenga-choli/04.webp|https://cdn.amzira.com/catalog/ira-emerald-maroon-peacock-work-lehenga-choli/05.webp|https://cdn.amzira.com/catalog/ira-emerald-maroon-peacock-work-lehenga-choli/06.webp,KLC-GRN-MRN-PEACOCKWRK-00-0423-20,2-3Y,Emerald Green / Maroon,1,0.00,true,amzira_local_inventory,455-Work/6,KLC-GRN-MRN-PEACOCKWRK-00-0423
ira-emerald-maroon-peacock-work-lehenga-choli,Ira Emerald Maroon Peacock Work Lehenga Choli,girls-lehenga-choli,south-indian-lehenga-choli,2199.00,1499.00,"A ready-to-wear South Indian lehenga choli set for girls in emerald green / maroon, finished with peacock work detailing and a traditional woven border. Designed for festivals, weddings, temple ceremonies and family celebrations. The set includes one choli and one lehenga.",Art Silk Jacquard,"Dry clean recommended. Store folded in a cool, dry place.",Ira Emerald Maroon Peacock Work Lehenga Choli for Girls | AMZIRA,"Shop Ira Emerald Maroon Peacock Work Lehenga Choli, a ready-to-wear South Indian festive lehenga choli for girls aged 0-10 years.",kids_girls,AMZIRA Heritage Work,girls-lehenga-choli|south-indian|pattu-pavadai|festive|ready-to-wear,active,true,false,true,festival|wedding|temple-ceremony|birthday,https://cdn.amzira.com/catalog/ira-emerald-maroon-peacock-work-lehenga-choli/01.webp|https://cdn.amzira.com/catalog/ira-emerald-maroon-peacock-work-lehenga-choli/02.webp|https://cdn.amzira.com/catalog/ira-emerald-maroon-peacock-work-lehenga-choli/03.webp|https://cdn.amzira.com/catalog/ira-emerald-maroon-peacock-work-lehenga-choli/04.webp|https://cdn.amzira.com/catalog/ira-emerald-maroon-peacock-work-lehenga-choli/05.webp|https://cdn.amzira.com/catalog/ira-emerald-maroon-peacock-work-lehenga-choli/06.webp,KLC-GRN-MRN-PEACOCKWRK-00-0423-21,3-4Y,Emerald Green / Maroon,1,0.00,true,amzira_local_inventory,455-Work/6,KLC-GRN-MRN-PEACOCKWRK-00-0423
ira-emerald-maroon-peacock-work-lehenga-choli,Ira Emerald Maroon Peacock Work Lehenga Choli,girls-lehenga-choli,south-indian-lehenga-choli,2199.00,1499.00,"A ready-to-wear South Indian lehenga choli set for girls in emerald green / maroon, finished with peacock work detailing and a traditional woven border. Designed for festivals, weddings, temple ceremonies and family celebrations. The set includes one choli and one lehenga.",Art Silk Jacquard,"Dry clean recommended. Store folded in a cool, dry place.",Ira Emerald Maroon Peacock Work Lehenga Choli for Girls | AMZIRA,"Shop Ira Emerald Maroon Peacock Work Lehenga Choli, a ready-to-wear South Indian festive lehenga choli for girls aged 0-10 years.",kids_girls,AMZIRA Heritage Work,girls-lehenga-choli|south-indian|pattu-pavadai|festive|ready-to-wear,active,true,false,true,festival|wedding|temple-ceremony|birthday,https://cdn.amzira.com/catalog/ira-emerald-maroon-peacock-work-lehenga-choli/01.webp|https://cdn.amzira.com/catalog/ira-emerald-maroon-peacock-work-lehenga-choli/02.webp|https://cdn.amzira.com/catalog/ira-emerald-maroon-peacock-work-lehenga-choli/03.webp|https://cdn.amzira.com/catalog/ira-emerald-maroon-peacock-work-lehenga-choli/04.webp|https://cdn.amzira.com/catalog/ira-emerald-maroon-peacock-work-lehenga-choli/05.webp|https://cdn.amzira.com/catalog/ira-emerald-maroon-peacock-work-lehenga-choli/06.webp,KLC-GRN-MRN-PEACOCKWRK-00-0423-22,4-5Y,Emerald Green / Maroon,3,0.00,true,amzira_local_inventory,455-Work/6,KLC-GRN-MRN-PEACOCKWRK-00-0423
ira-emerald-maroon-peacock-work-lehenga-choli,Ira Emerald Maroon Peacock Work Lehenga Choli,girls-lehenga-choli,south-indian-lehenga-choli,2199.00,1499.00,"A ready-to-wear South Indian lehenga choli set for girls in emerald green / maroon, finished with peacock work detailing and a traditional woven border. Designed for festivals, weddings, temple ceremonies and family celebrations. The set includes one choli and one lehenga.",Art Silk Jacquard,"Dry clean recommended. Store folded in a cool, dry place.",Ira Emerald Maroon Peacock Work Lehenga Choli for Girls | AMZIRA,"Shop Ira Emerald Maroon Peacock Work Lehenga Choli, a ready-to-wear South Indian festive lehenga choli for girls aged 0-10 years.",kids_girls,AMZIRA Heritage Work,girls-lehenga-choli|south-indian|pattu-pavadai|festive|ready-to-wear,active,true,false,true,festival|wedding|temple-ceremony|birthday,https://cdn.amzira.com/catalog/ira-emerald-maroon-peacock-work-lehenga-choli/01.webp|https://cdn.amzira.com/catalog/ira-emerald-maroon-peacock-work-lehenga-choli/02.webp|https://cdn.amzira.com/catalog/ira-emerald-maroon-peacock-work-lehenga-choli/03.webp|https://cdn.amzira.com/catalog/ira-emerald-maroon-peacock-work-lehenga-choli/04.webp|https://cdn.amzira.com/catalog/ira-emerald-maroon-peacock-work-lehenga-choli/05.webp|https://cdn.amzira.com/catalog/ira-emerald-maroon-peacock-work-lehenga-choli/06.webp,KLC-GRN-MRN-PEACOCKWRK-00-0423-24,5-6Y,Emerald Green / Maroon,3,0.00,true,amzira_local_inventory,455-Work/6,KLC-GRN-MRN-PEACOCKWRK-00-0423
ira-emerald-maroon-peacock-work-lehenga-choli,Ira Emerald Maroon Peacock Work Lehenga Choli,girls-lehenga-choli,south-indian-lehenga-choli,2199.00,1499.00,"A ready-to-wear South Indian lehenga choli set for girls in emerald green / maroon, finished with peacock work detailing and a traditional woven border. Designed for festivals, weddings, temple ceremonies and family celebrations. The set includes one choli and one lehenga.",Art Silk Jacquard,"Dry clean recommended. Store folded in a cool, dry place.",Ira Emerald Maroon Peacock Work Lehenga Choli for Girls | AMZIRA,"Shop Ira Emerald Maroon Peacock Work Lehenga Choli, a ready-to-wear South Indian festive lehenga choli for girls aged 0-10 years.",kids_girls,AMZIRA Heritage Work,girls-lehenga-choli|south-indian|pattu-pavadai|festive|ready-to-wear,active,true,false,true,festival|wedding|temple-ceremony|birthday,https://cdn.amzira.com/catalog/ira-emerald-maroon-peacock-work-lehenga-choli/01.webp|https://cdn.amzira.com/catalog/ira-emerald-maroon-peacock-work-lehenga-choli/02.webp|https://cdn.amzira.com/catalog/ira-emerald-maroon-peacock-work-lehenga-choli/03.webp|https://cdn.amzira.com/catalog/ira-emerald-maroon-peacock-work-lehenga-choli/04.webp|https://cdn.amzira.com/catalog/ira-emerald-maroon-peacock-work-lehenga-choli/05.webp|https://cdn.amzira.com/catalog/ira-emerald-maroon-peacock-work-lehenga-choli/06.webp,KLC-GRN-MRN-PEACOCKWRK-00-0423-26,6-7Y,Emerald Green / Maroon,3,0.00,true,amzira_local_inventory,455-Work/6,KLC-GRN-MRN-PEACOCKWRK-00-0423
ira-emerald-maroon-peacock-work-lehenga-choli,Ira Emerald Maroon Peacock Work Lehenga Choli,girls-lehenga-choli,south-indian-lehenga-choli,2199.00,1499.00,"A ready-to-wear South Indian lehenga choli set for girls in emerald green / maroon, finished with peacock work detailing and a traditional woven border. Designed for festivals, weddings, temple ceremonies and family celebrations. The set includes one choli and one lehenga.",Art Silk Jacquard,"Dry clean recommended. Store folded in a cool, dry place.",Ira Emerald Maroon Peacock Work Lehenga Choli for Girls | AMZIRA,"Shop Ira Emerald Maroon Peacock Work Lehenga Choli, a ready-to-wear South Indian festive lehenga choli for girls aged 0-10 years.",kids_girls,AMZIRA Heritage Work,girls-lehenga-choli|south-indian|pattu-pavadai|festive|ready-to-wear,active,true,false,true,festival|wedding|temple-ceremony|birthday,https://cdn.amzira.com/catalog/ira-emerald-maroon-peacock-work-lehenga-choli/01.webp|https://cdn.amzira.com/catalog/ira-emerald-maroon-peacock-work-lehenga-choli/02.webp|https://cdn.amzira.com/catalog/ira-emerald-maroon-peacock-work-lehenga-choli/03.webp|https://cdn.amzira.com/catalog/ira-emerald-maroon-peacock-work-lehenga-choli/04.webp|https://cdn.amzira.com/catalog/ira-emerald-maroon-peacock-work-lehenga-choli/05.webp|https://cdn.amzira.com/catalog/ira-emerald-maroon-peacock-work-lehenga-choli/06.webp,KLC-GRN-MRN-PEACOCKWRK-00-0423-28,7-8Y,Emerald Green / Maroon,3,0.00,true,amzira_local_inventory,455-Work/6,KLC-GRN-MRN-PEACOCKWRK-00-0423
ira-emerald-maroon-peacock-work-lehenga-choli,Ira Emerald Maroon Peacock Work Lehenga Choli,girls-lehenga-choli,south-indian-lehenga-choli,2199.00,1499.00,"A ready-to-wear South Indian lehenga choli set for girls in emerald green / maroon, finished with peacock work detailing and a traditional woven border. Designed for festivals, weddings, temple ceremonies and family celebrations. The set includes one choli and one lehenga.",Art Silk Jacquard,"Dry clean recommended. Store folded in a cool, dry place.",Ira Emerald Maroon Peacock Work Lehenga Choli for Girls | AMZIRA,"Shop Ira Emerald Maroon Peacock Work Lehenga Choli, a ready-to-wear South Indian festive lehenga choli for girls aged 0-10 years.",kids_girls,AMZIRA Heritage Work,girls-lehenga-choli|south-indian|pattu-pavadai|festive|ready-to-wear,active,true,false,true,festival|wedding|temple-ceremony|birthday,https://cdn.amzira.com/catalog/ira-emerald-maroon-peacock-work-lehenga-choli/01.webp|https://cdn.amzira.com/catalog/ira-emerald-maroon-peacock-work-lehenga-choli/02.webp|https://cdn.amzira.com/catalog/ira-emerald-maroon-peacock-work-lehenga-choli/03.webp|https://cdn.amzira.com/catalog/ira-emerald-maroon-peacock-work-lehenga-choli/04.webp|https://cdn.amzira.com/catalog/ira-emerald-maroon-peacock-work-lehenga-choli/05.webp|https://cdn.amzira.com/catalog/ira-emerald-maroon-peacock-work-lehenga-choli/06.webp,KLC-GRN-MRN-PEACOCKWRK-00-0423-33,9-10Y,Emerald Green / Maroon,4,0.00,true,amzira_local_inventory,455-Work/6,KLC-GRN-MRN-PEACOCKWRK-00-0423
nila-red-royal-blue-jacquard-work-lehenga-choli,Nila Red Royal Blue Jacquard Work Lehenga Choli,girls-lehenga-choli,south-indian-lehenga-choli,2099.00,1449.00,"A ready-to-wear South Indian lehenga choli set for girls in red / royal blue, finished with jacquard work detailing and a traditional woven border. Designed for festivals, weddings, temple ceremonies and family celebrations. The set includes one choli and one lehenga.",Art Silk Jacquard,"Dry clean recommended. Store folded in a cool, dry place.",Nila Red Royal Blue Jacquard Work Lehenga Choli for Girls | AMZIRA,"Shop Nila Red Royal Blue Jacquard Work Lehenga Choli, a ready-to-wear South Indian festive lehenga choli for girls aged 0-10 years.",kids_girls,AMZIRA Heritage Work,girls-lehenga-choli|south-indian|pattu-pavadai|festive|ready-to-wear,active,true,false,true,festival|wedding|temple-ceremony|birthday,https://cdn.amzira.com/catalog/nila-red-royal-blue-jacquard-work-lehenga-choli/01.webp|https://cdn.amzira.com/catalog/nila-red-royal-blue-jacquard-work-lehenga-choli/02.webp|https://cdn.amzira.com/catalog/nila-red-royal-blue-jacquard-work-lehenga-choli/03.webp|https://cdn.amzira.com/catalog/nila-red-royal-blue-jacquard-work-lehenga-choli/04.webp|https://cdn.amzira.com/catalog/nila-red-royal-blue-jacquard-work-lehenga-choli/05.webp|https://cdn.amzira.com/catalog/nila-red-royal-blue-jacquard-work-lehenga-choli/06.webp,KLC-LGN-RED-RBLU-JAQ-WRK-00-0439-18,1-2Y,Red / Royal Blue,1,0.00,true,amzira_local_inventory,455-Work/7,KLC-LGN-RED-RBLU-JAQ-WRK-00-0439
nila-red-royal-blue-jacquard-work-lehenga-choli,Nila Red Royal Blue Jacquard Work Lehenga Choli,girls-lehenga-choli,south-indian-lehenga-choli,2099.00,1449.00,"A ready-to-wear South Indian lehenga choli set for girls in red / royal blue, finished with jacquard work detailing and a traditional woven border. Designed for festivals, weddings, temple ceremonies and family celebrations. The set includes one choli and one lehenga.",Art Silk Jacquard,"Dry clean recommended. Store folded in a cool, dry place.",Nila Red Royal Blue Jacquard Work Lehenga Choli for Girls | AMZIRA,"Shop Nila Red Royal Blue Jacquard Work Lehenga Choli, a ready-to-wear South Indian festive lehenga choli for girls aged 0-10 years.",kids_girls,AMZIRA Heritage Work,girls-lehenga-choli|south-indian|pattu-pavadai|festive|ready-to-wear,active,true,false,true,festival|wedding|temple-ceremony|birthday,https://cdn.amzira.com/catalog/nila-red-royal-blue-jacquard-work-lehenga-choli/01.webp|https://cdn.amzira.com/catalog/nila-red-royal-blue-jacquard-work-lehenga-choli/02.webp|https://cdn.amzira.com/catalog/nila-red-royal-blue-jacquard-work-lehenga-choli/03.webp|https://cdn.amzira.com/catalog/nila-red-royal-blue-jacquard-work-lehenga-choli/04.webp|https://cdn.amzira.com/catalog/nila-red-royal-blue-jacquard-work-lehenga-choli/05.webp|https://cdn.amzira.com/catalog/nila-red-royal-blue-jacquard-work-lehenga-choli/06.webp,KLC-LGN-RED-RBLU-JAQ-WRK-00-0439-20,2-3Y,Red / Royal Blue,1,0.00,true,amzira_local_inventory,455-Work/7,KLC-LGN-RED-RBLU-JAQ-WRK-00-0439
nila-red-royal-blue-jacquard-work-lehenga-choli,Nila Red Royal Blue Jacquard Work Lehenga Choli,girls-lehenga-choli,south-indian-lehenga-choli,2099.00,1449.00,"A ready-to-wear South Indian lehenga choli set for girls in red / royal blue, finished with jacquard work detailing and a traditional woven border. Designed for festivals, weddings, temple ceremonies and family celebrations. The set includes one choli and one lehenga.",Art Silk Jacquard,"Dry clean recommended. Store folded in a cool, dry place.",Nila Red Royal Blue Jacquard Work Lehenga Choli for Girls | AMZIRA,"Shop Nila Red Royal Blue Jacquard Work Lehenga Choli, a ready-to-wear South Indian festive lehenga choli for girls aged 0-10 years.",kids_girls,AMZIRA Heritage Work,girls-lehenga-choli|south-indian|pattu-pavadai|festive|ready-to-wear,active,true,false,true,festival|wedding|temple-ceremony|birthday,https://cdn.amzira.com/catalog/nila-red-royal-blue-jacquard-work-lehenga-choli/01.webp|https://cdn.amzira.com/catalog/nila-red-royal-blue-jacquard-work-lehenga-choli/02.webp|https://cdn.amzira.com/catalog/nila-red-royal-blue-jacquard-work-lehenga-choli/03.webp|https://cdn.amzira.com/catalog/nila-red-royal-blue-jacquard-work-lehenga-choli/04.webp|https://cdn.amzira.com/catalog/nila-red-royal-blue-jacquard-work-lehenga-choli/05.webp|https://cdn.amzira.com/catalog/nila-red-royal-blue-jacquard-work-lehenga-choli/06.webp,KLC-LGN-RED-RBLU-JAQ-WRK-00-0439-21,3-4Y,Red / Royal Blue,1,0.00,true,amzira_local_inventory,455-Work/7,KLC-LGN-RED-RBLU-JAQ-WRK-00-0439
nila-red-royal-blue-jacquard-work-lehenga-choli,Nila Red Royal Blue Jacquard Work Lehenga Choli,girls-lehenga-choli,south-indian-lehenga-choli,2099.00,1449.00,"A ready-to-wear South Indian lehenga choli set for girls in red / royal blue, finished with jacquard work detailing and a traditional woven border. Designed for festivals, weddings, temple ceremonies and family celebrations. The set includes one choli and one lehenga.",Art Silk Jacquard,"Dry clean recommended. Store folded in a cool, dry place.",Nila Red Royal Blue Jacquard Work Lehenga Choli for Girls | AMZIRA,"Shop Nila Red Royal Blue Jacquard Work Lehenga Choli, a ready-to-wear South Indian festive lehenga choli for girls aged 0-10 years.",kids_girls,AMZIRA Heritage Work,girls-lehenga-choli|south-indian|pattu-pavadai|festive|ready-to-wear,active,true,false,true,festival|wedding|temple-ceremony|birthday,https://cdn.amzira.com/catalog/nila-red-royal-blue-jacquard-work-lehenga-choli/01.webp|https://cdn.amzira.com/catalog/nila-red-royal-blue-jacquard-work-lehenga-choli/02.webp|https://cdn.amzira.com/catalog/nila-red-royal-blue-jacquard-work-lehenga-choli/03.webp|https://cdn.amzira.com/catalog/nila-red-royal-blue-jacquard-work-lehenga-choli/04.webp|https://cdn.amzira.com/catalog/nila-red-royal-blue-jacquard-work-lehenga-choli/05.webp|https://cdn.amzira.com/catalog/nila-red-royal-blue-jacquard-work-lehenga-choli/06.webp,KLC-LGN-RED-RBLU-JAQ-WRK-00-0439-22,4-5Y,Red / Royal Blue,3,0.00,true,amzira_local_inventory,455-Work/7,KLC-LGN-RED-RBLU-JAQ-WRK-00-0439
nila-red-royal-blue-jacquard-work-lehenga-choli,Nila Red Royal Blue Jacquard Work Lehenga Choli,girls-lehenga-choli,south-indian-lehenga-choli,2099.00,1449.00,"A ready-to-wear South Indian lehenga choli set for girls in red / royal blue, finished with jacquard work detailing and a traditional woven border. Designed for festivals, weddings, temple ceremonies and family celebrations. The set includes one choli and one lehenga.",Art Silk Jacquard,"Dry clean recommended. Store folded in a cool, dry place.",Nila Red Royal Blue Jacquard Work Lehenga Choli for Girls | AMZIRA,"Shop Nila Red Royal Blue Jacquard Work Lehenga Choli, a ready-to-wear South Indian festive lehenga choli for girls aged 0-10 years.",kids_girls,AMZIRA Heritage Work,girls-lehenga-choli|south-indian|pattu-pavadai|festive|ready-to-wear,active,true,false,true,festival|wedding|temple-ceremony|birthday,https://cdn.amzira.com/catalog/nila-red-royal-blue-jacquard-work-lehenga-choli/01.webp|https://cdn.amzira.com/catalog/nila-red-royal-blue-jacquard-work-lehenga-choli/02.webp|https://cdn.amzira.com/catalog/nila-red-royal-blue-jacquard-work-lehenga-choli/03.webp|https://cdn.amzira.com/catalog/nila-red-royal-blue-jacquard-work-lehenga-choli/04.webp|https://cdn.amzira.com/catalog/nila-red-royal-blue-jacquard-work-lehenga-choli/05.webp|https://cdn.amzira.com/catalog/nila-red-royal-blue-jacquard-work-lehenga-choli/06.webp,KLC-LGN-RED-RBLU-JAQ-WRK-00-0439-24,5-6Y,Red / Royal Blue,3,0.00,true,amzira_local_inventory,455-Work/7,KLC-LGN-RED-RBLU-JAQ-WRK-00-0439
nila-red-royal-blue-jacquard-work-lehenga-choli,Nila Red Royal Blue Jacquard Work Lehenga Choli,girls-lehenga-choli,south-indian-lehenga-choli,2099.00,1449.00,"A ready-to-wear South Indian lehenga choli set for girls in red / royal blue, finished with jacquard work detailing and a traditional woven border. Designed for festivals, weddings, temple ceremonies and family celebrations. The set includes one choli and one lehenga.",Art Silk Jacquard,"Dry clean recommended. Store folded in a cool, dry place.",Nila Red Royal Blue Jacquard Work Lehenga Choli for Girls | AMZIRA,"Shop Nila Red Royal Blue Jacquard Work Lehenga Choli, a ready-to-wear South Indian festive lehenga choli for girls aged 0-10 years.",kids_girls,AMZIRA Heritage Work,girls-lehenga-choli|south-indian|pattu-pavadai|festive|ready-to-wear,active,true,false,true,festival|wedding|temple-ceremony|birthday,https://cdn.amzira.com/catalog/nila-red-royal-blue-jacquard-work-lehenga-choli/01.webp|https://cdn.amzira.com/catalog/nila-red-royal-blue-jacquard-work-lehenga-choli/02.webp|https://cdn.amzira.com/catalog/nila-red-royal-blue-jacquard-work-lehenga-choli/03.webp|https://cdn.amzira.com/catalog/nila-red-royal-blue-jacquard-work-lehenga-choli/04.webp|https://cdn.amzira.com/catalog/nila-red-royal-blue-jacquard-work-lehenga-choli/05.webp|https://cdn.amzira.com/catalog/nila-red-royal-blue-jacquard-work-lehenga-choli/06.webp,KLC-LGN-RED-RBLU-JAQ-WRK-00-0439-26,6-7Y,Red / Royal Blue,3,0.00,true,amzira_local_inventory,455-Work/7,KLC-LGN-RED-RBLU-JAQ-WRK-00-0439
nila-red-royal-blue-jacquard-work-lehenga-choli,Nila Red Royal Blue Jacquard Work Lehenga Choli,girls-lehenga-choli,south-indian-lehenga-choli,2099.00,1449.00,"A ready-to-wear South Indian lehenga choli set for girls in red / royal blue, finished with jacquard work detailing and a traditional woven border. Designed for festivals, weddings, temple ceremonies and family celebrations. The set includes one choli and one lehenga.",Art Silk Jacquard,"Dry clean recommended. Store folded in a cool, dry place.",Nila Red Royal Blue Jacquard Work Lehenga Choli for Girls | AMZIRA,"Shop Nila Red Royal Blue Jacquard Work Lehenga Choli, a ready-to-wear South Indian festive lehenga choli for girls aged 0-10 years.",kids_girls,AMZIRA Heritage Work,girls-lehenga-choli|south-indian|pattu-pavadai|festive|ready-to-wear,active,true,false,true,festival|wedding|temple-ceremony|birthday,https://cdn.amzira.com/catalog/nila-red-royal-blue-jacquard-work-lehenga-choli/01.webp|https://cdn.amzira.com/catalog/nila-red-royal-blue-jacquard-work-lehenga-choli/02.webp|https://cdn.amzira.com/catalog/nila-red-royal-blue-jacquard-work-lehenga-choli/03.webp|https://cdn.amzira.com/catalog/nila-red-royal-blue-jacquard-work-lehenga-choli/04.webp|https://cdn.amzira.com/catalog/nila-red-royal-blue-jacquard-work-lehenga-choli/05.webp|https://cdn.amzira.com/catalog/nila-red-royal-blue-jacquard-work-lehenga-choli/06.webp,KLC-LGN-RED-RBLU-JAQ-WRK-00-0439-28,7-8Y,Red / Royal Blue,3,0.00,true,amzira_local_inventory,455-Work/7,KLC-LGN-RED-RBLU-JAQ-WRK-00-0439
nila-red-royal-blue-jacquard-work-lehenga-choli,Nila Red Royal Blue Jacquard Work Lehenga Choli,girls-lehenga-choli,south-indian-lehenga-choli,2099.00,1449.00,"A ready-to-wear South Indian lehenga choli set for girls in red / royal blue, finished with jacquard work detailing and a traditional woven border. Designed for festivals, weddings, temple ceremonies and family celebrations. The set includes one choli and one lehenga.",Art Silk Jacquard,"Dry clean recommended. Store folded in a cool, dry place.",Nila Red Royal Blue Jacquard Work Lehenga Choli for Girls | AMZIRA,"Shop Nila Red Royal Blue Jacquard Work Lehenga Choli, a ready-to-wear South Indian festive lehenga choli for girls aged 0-10 years.",kids_girls,AMZIRA Heritage Work,girls-lehenga-choli|south-indian|pattu-pavadai|festive|ready-to-wear,active,true,false,true,festival|wedding|temple-ceremony|birthday,https://cdn.amzira.com/catalog/nila-red-royal-blue-jacquard-work-lehenga-choli/01.webp|https://cdn.amzira.com/catalog/nila-red-royal-blue-jacquard-work-lehenga-choli/02.webp|https://cdn.amzira.com/catalog/nila-red-royal-blue-jacquard-work-lehenga-choli/03.webp|https://cdn.amzira.com/catalog/nila-red-royal-blue-jacquard-work-lehenga-choli/04.webp|https://cdn.amzira.com/catalog/nila-red-royal-blue-jacquard-work-lehenga-choli/05.webp|https://cdn.amzira.com/catalog/nila-red-royal-blue-jacquard-work-lehenga-choli/06.webp,KLC-LGN-RED-RBLU-JAQ-WRK-00-0439-33,9-10Y,Red / Royal Blue,4,0.00,true,amzira_local_inventory,455-Work/7,KLC-LGN-RED-RBLU-JAQ-WRK-00-0439
tara-peach-purple-peacock-work-pattu-pavadai,Tara Peach Purple Peacock Work Pattu Pavadai,pattu-pavadai,,2199.00,1499.00,"A ready-to-wear South Indian lehenga choli set for girls in peach / purple, finished with peacock work detailing and a traditional woven border. Designed for festivals, weddings, temple ceremonies and family celebrations. The set includes one choli and one lehenga.",Art Silk Jacquard,"Dry clean recommended. Store folded in a cool, dry place.",Tara Peach Purple Peacock Work Pattu Pavadai for Girls | AMZIRA,"Shop Tara Peach Purple Peacock Work Pattu Pavadai, a ready-to-wear South Indian festive lehenga choli for girls aged 0-10 years.",kids_girls,AMZIRA Heritage Work,girls-lehenga-choli|south-indian|pattu-pavadai|festive|ready-to-wear,active,false,false,true,festival|wedding|temple-ceremony|birthday,https://cdn.amzira.com/catalog/tara-peach-purple-peacock-work-pattu-pavadai/01.webp|https://cdn.amzira.com/catalog/tara-peach-purple-peacock-work-pattu-pavadai/02.webp|https://cdn.amzira.com/catalog/tara-peach-purple-peacock-work-pattu-pavadai/03.webp|https://cdn.amzira.com/catalog/tara-peach-purple-peacock-work-pattu-pavadai/04.webp|https://cdn.amzira.com/catalog/tara-peach-purple-peacock-work-pattu-pavadai/05.webp|https://cdn.amzira.com/catalog/tara-peach-purple-peacock-work-pattu-pavadai/06.webp,KLC-PCH-PUR-PEACOCKWORK-00-0443-18,1-2Y,Peach / Purple,1,0.00,true,amzira_local_inventory,455-Work/8,KLC-PCH-PUR-PEACOCKWORK-00-0443
tara-peach-purple-peacock-work-pattu-pavadai,Tara Peach Purple Peacock Work Pattu Pavadai,pattu-pavadai,,2199.00,1499.00,"A ready-to-wear South Indian lehenga choli set for girls in peach / purple, finished with peacock work detailing and a traditional woven border. Designed for festivals, weddings, temple ceremonies and family celebrations. The set includes one choli and one lehenga.",Art Silk Jacquard,"Dry clean recommended. Store folded in a cool, dry place.",Tara Peach Purple Peacock Work Pattu Pavadai for Girls | AMZIRA,"Shop Tara Peach Purple Peacock Work Pattu Pavadai, a ready-to-wear South Indian festive lehenga choli for girls aged 0-10 years.",kids_girls,AMZIRA Heritage Work,girls-lehenga-choli|south-indian|pattu-pavadai|festive|ready-to-wear,active,false,false,true,festival|wedding|temple-ceremony|birthday,https://cdn.amzira.com/catalog/tara-peach-purple-peacock-work-pattu-pavadai/01.webp|https://cdn.amzira.com/catalog/tara-peach-purple-peacock-work-pattu-pavadai/02.webp|https://cdn.amzira.com/catalog/tara-peach-purple-peacock-work-pattu-pavadai/03.webp|https://cdn.amzira.com/catalog/tara-peach-purple-peacock-work-pattu-pavadai/04.webp|https://cdn.amzira.com/catalog/tara-peach-purple-peacock-work-pattu-pavadai/05.webp|https://cdn.amzira.com/catalog/tara-peach-purple-peacock-work-pattu-pavadai/06.webp,KLC-PCH-PUR-PEACOCKWORK-00-0443-20,2-3Y,Peach / Purple,1,0.00,true,amzira_local_inventory,455-Work/8,KLC-PCH-PUR-PEACOCKWORK-00-0443
tara-peach-purple-peacock-work-pattu-pavadai,Tara Peach Purple Peacock Work Pattu Pavadai,pattu-pavadai,,2199.00,1499.00,"A ready-to-wear South Indian lehenga choli set for girls in peach / purple, finished with peacock work detailing and a traditional woven border. Designed for festivals, weddings, temple ceremonies and family celebrations. The set includes one choli and one lehenga.",Art Silk Jacquard,"Dry clean recommended. Store folded in a cool, dry place.",Tara Peach Purple Peacock Work Pattu Pavadai for Girls | AMZIRA,"Shop Tara Peach Purple Peacock Work Pattu Pavadai, a ready-to-wear South Indian festive lehenga choli for girls aged 0-10 years.",kids_girls,AMZIRA Heritage Work,girls-lehenga-choli|south-indian|pattu-pavadai|festive|ready-to-wear,active,false,false,true,festival|wedding|temple-ceremony|birthday,https://cdn.amzira.com/catalog/tara-peach-purple-peacock-work-pattu-pavadai/01.webp|https://cdn.amzira.com/catalog/tara-peach-purple-peacock-work-pattu-pavadai/02.webp|https://cdn.amzira.com/catalog/tara-peach-purple-peacock-work-pattu-pavadai/03.webp|https://cdn.amzira.com/catalog/tara-peach-purple-peacock-work-pattu-pavadai/04.webp|https://cdn.amzira.com/catalog/tara-peach-purple-peacock-work-pattu-pavadai/05.webp|https://cdn.amzira.com/catalog/tara-peach-purple-peacock-work-pattu-pavadai/06.webp,KLC-PCH-PUR-PEACOCKWORK-00-0443-21,3-4Y,Peach / Purple,1,0.00,true,amzira_local_inventory,455-Work/8,KLC-PCH-PUR-PEACOCKWORK-00-0443
tara-peach-purple-peacock-work-pattu-pavadai,Tara Peach Purple Peacock Work Pattu Pavadai,pattu-pavadai,,2199.00,1499.00,"A ready-to-wear South Indian lehenga choli set for girls in peach / purple, finished with peacock work detailing and a traditional woven border. Designed for festivals, weddings, temple ceremonies and family celebrations. The set includes one choli and one lehenga.",Art Silk Jacquard,"Dry clean recommended. Store folded in a cool, dry place.",Tara Peach Purple Peacock Work Pattu Pavadai for Girls | AMZIRA,"Shop Tara Peach Purple Peacock Work Pattu Pavadai, a ready-to-wear South Indian festive lehenga choli for girls aged 0-10 years.",kids_girls,AMZIRA Heritage Work,girls-lehenga-choli|south-indian|pattu-pavadai|festive|ready-to-wear,active,false,false,true,festival|wedding|temple-ceremony|birthday,https://cdn.amzira.com/catalog/tara-peach-purple-peacock-work-pattu-pavadai/01.webp|https://cdn.amzira.com/catalog/tara-peach-purple-peacock-work-pattu-pavadai/02.webp|https://cdn.amzira.com/catalog/tara-peach-purple-peacock-work-pattu-pavadai/03.webp|https://cdn.amzira.com/catalog/tara-peach-purple-peacock-work-pattu-pavadai/04.webp|https://cdn.amzira.com/catalog/tara-peach-purple-peacock-work-pattu-pavadai/05.webp|https://cdn.amzira.com/catalog/tara-peach-purple-peacock-work-pattu-pavadai/06.webp,KLC-PCH-PUR-PEACOCKWORK-00-0443-22,4-5Y,Peach / Purple,3,0.00,true,amzira_local_inventory,455-Work/8,KLC-PCH-PUR-PEACOCKWORK-00-0443
tara-peach-purple-peacock-work-pattu-pavadai,Tara Peach Purple Peacock Work Pattu Pavadai,pattu-pavadai,,2199.00,1499.00,"A ready-to-wear South Indian lehenga choli set for girls in peach / purple, finished with peacock work detailing and a traditional woven border. Designed for festivals, weddings, temple ceremonies and family celebrations. The set includes one choli and one lehenga.",Art Silk Jacquard,"Dry clean recommended. Store folded in a cool, dry place.",Tara Peach Purple Peacock Work Pattu Pavadai for Girls | AMZIRA,"Shop Tara Peach Purple Peacock Work Pattu Pavadai, a ready-to-wear South Indian festive lehenga choli for girls aged 0-10 years.",kids_girls,AMZIRA Heritage Work,girls-lehenga-choli|south-indian|pattu-pavadai|festive|ready-to-wear,active,false,false,true,festival|wedding|temple-ceremony|birthday,https://cdn.amzira.com/catalog/tara-peach-purple-peacock-work-pattu-pavadai/01.webp|https://cdn.amzira.com/catalog/tara-peach-purple-peacock-work-pattu-pavadai/02.webp|https://cdn.amzira.com/catalog/tara-peach-purple-peacock-work-pattu-pavadai/03.webp|https://cdn.amzira.com/catalog/tara-peach-purple-peacock-work-pattu-pavadai/04.webp|https://cdn.amzira.com/catalog/tara-peach-purple-peacock-work-pattu-pavadai/05.webp|https://cdn.amzira.com/catalog/tara-peach-purple-peacock-work-pattu-pavadai/06.webp,KLC-PCH-PUR-PEACOCKWORK-00-0443-24,5-6Y,Peach / Purple,3,0.00,true,amzira_local_inventory,455-Work/8,KLC-PCH-PUR-PEACOCKWORK-00-0443
tara-peach-purple-peacock-work-pattu-pavadai,Tara Peach Purple Peacock Work Pattu Pavadai,pattu-pavadai,,2199.00,1499.00,"A ready-to-wear South Indian lehenga choli set for girls in peach / purple, finished with peacock work detailing and a traditional woven border. Designed for festivals, weddings, temple ceremonies and family celebrations. The set includes one choli and one lehenga.",Art Silk Jacquard,"Dry clean recommended. Store folded in a cool, dry place.",Tara Peach Purple Peacock Work Pattu Pavadai for Girls | AMZIRA,"Shop Tara Peach Purple Peacock Work Pattu Pavadai, a ready-to-wear South Indian festive lehenga choli for girls aged 0-10 years.",kids_girls,AMZIRA Heritage Work,girls-lehenga-choli|south-indian|pattu-pavadai|festive|ready-to-wear,active,false,false,true,festival|wedding|temple-ceremony|birthday,https://cdn.amzira.com/catalog/tara-peach-purple-peacock-work-pattu-pavadai/01.webp|https://cdn.amzira.com/catalog/tara-peach-purple-peacock-work-pattu-pavadai/02.webp|https://cdn.amzira.com/catalog/tara-peach-purple-peacock-work-pattu-pavadai/03.webp|https://cdn.amzira.com/catalog/tara-peach-purple-peacock-work-pattu-pavadai/04.webp|https://cdn.amzira.com/catalog/tara-peach-purple-peacock-work-pattu-pavadai/05.webp|https://cdn.amzira.com/catalog/tara-peach-purple-peacock-work-pattu-pavadai/06.webp,KLC-PCH-PUR-PEACOCKWORK-00-0443-26,6-7Y,Peach / Purple,3,0.00,true,amzira_local_inventory,455-Work/8,KLC-PCH-PUR-PEACOCKWORK-00-0443
tara-peach-purple-peacock-work-pattu-pavadai,Tara Peach Purple Peacock Work Pattu Pavadai,pattu-pavadai,,2199.00,1499.00,"A ready-to-wear South Indian lehenga choli set for girls in peach / purple, finished with peacock work detailing and a traditional woven border. Designed for festivals, weddings, temple ceremonies and family celebrations. The set includes one choli and one lehenga.",Art Silk Jacquard,"Dry clean recommended. Store folded in a cool, dry place.",Tara Peach Purple Peacock Work Pattu Pavadai for Girls | AMZIRA,"Shop Tara Peach Purple Peacock Work Pattu Pavadai, a ready-to-wear South Indian festive lehenga choli for girls aged 0-10 years.",kids_girls,AMZIRA Heritage Work,girls-lehenga-choli|south-indian|pattu-pavadai|festive|ready-to-wear,active,false,false,true,festival|wedding|temple-ceremony|birthday,https://cdn.amzira.com/catalog/tara-peach-purple-peacock-work-pattu-pavadai/01.webp|https://cdn.amzira.com/catalog/tara-peach-purple-peacock-work-pattu-pavadai/02.webp|https://cdn.amzira.com/catalog/tara-peach-purple-peacock-work-pattu-pavadai/03.webp|https://cdn.amzira.com/catalog/tara-peach-purple-peacock-work-pattu-pavadai/04.webp|https://cdn.amzira.com/catalog/tara-peach-purple-peacock-work-pattu-pavadai/05.webp|https://cdn.amzira.com/catalog/tara-peach-purple-peacock-work-pattu-pavadai/06.webp,KLC-PCH-PUR-PEACOCKWORK-00-0443-28,7-8Y,Peach / Purple,3,0.00,true,amzira_local_inventory,455-Work/8,KLC-PCH-PUR-PEACOCKWORK-00-0443
tara-peach-purple-peacock-work-pattu-pavadai,Tara Peach Purple Peacock Work Pattu Pavadai,pattu-pavadai,,2199.00,1499.00,"A ready-to-wear South Indian lehenga choli set for girls in peach / purple, finished with peacock work detailing and a traditional woven border. Designed for festivals, weddings, temple ceremonies and family celebrations. The set includes one choli and one lehenga.",Art Silk Jacquard,"Dry clean recommended. Store folded in a cool, dry place.",Tara Peach Purple Peacock Work Pattu Pavadai for Girls | AMZIRA,"Shop Tara Peach Purple Peacock Work Pattu Pavadai, a ready-to-wear South Indian festive lehenga choli for girls aged 0-10 years.",kids_girls,AMZIRA Heritage Work,girls-lehenga-choli|south-indian|pattu-pavadai|festive|ready-to-wear,active,false,false,true,festival|wedding|temple-ceremony|birthday,https://cdn.amzira.com/catalog/tara-peach-purple-peacock-work-pattu-pavadai/01.webp|https://cdn.amzira.com/catalog/tara-peach-purple-peacock-work-pattu-pavadai/02.webp|https://cdn.amzira.com/catalog/tara-peach-purple-peacock-work-pattu-pavadai/03.webp|https://cdn.amzira.com/catalog/tara-peach-purple-peacock-work-pattu-pavadai/04.webp|https://cdn.amzira.com/catalog/tara-peach-purple-peacock-work-pattu-pavadai/05.webp|https://cdn.amzira.com/catalog/tara-peach-purple-peacock-work-pattu-pavadai/06.webp,KLC-PCH-PUR-PEACOCKWORK-00-0443-33,9-10Y,Peach / Purple,4,0.00,true,amzira_local_inventory,455-Work/8,KLC-PCH-PUR-PEACOCKWORK-00-0443
kavya-navy-red-peacock-work-lehenga-choli,Kavya Navy Red Peacock Work Lehenga Choli,pattu-pavadai,,2199.00,1499.00,"A ready-to-wear South Indian lehenga choli set for girls in navy / red, finished with peacock work detailing and a traditional woven border. Designed for festivals, weddings, temple ceremonies and family celebrations. The set includes one choli and one lehenga.",Art Silk Jacquard,"Dry clean recommended. Store folded in a cool, dry place.",Kavya Navy Red Peacock Work Lehenga Choli for Girls | AMZIRA,"Shop Kavya Navy Red Peacock Work Lehenga Choli, a ready-to-wear South Indian festive lehenga choli for girls aged 0-10 years.",kids_girls,AMZIRA Heritage Work,girls-lehenga-choli|south-indian|pattu-pavadai|festive|ready-to-wear,active,false,false,true,festival|wedding|temple-ceremony|birthday,https://cdn.amzira.com/catalog/kavya-navy-red-peacock-work-lehenga-choli/01.webp|https://cdn.amzira.com/catalog/kavya-navy-red-peacock-work-lehenga-choli/02.webp|https://cdn.amzira.com/catalog/kavya-navy-red-peacock-work-lehenga-choli/03.webp|https://cdn.amzira.com/catalog/kavya-navy-red-peacock-work-lehenga-choli/04.webp|https://cdn.amzira.com/catalog/kavya-navy-red-peacock-work-lehenga-choli/05.webp|https://cdn.amzira.com/catalog/kavya-navy-red-peacock-work-lehenga-choli/06.webp,KLC-NVY-RED-PEACOCKWORK-00-0444-18,1-2Y,Navy / Red,1,0.00,true,amzira_local_inventory,455-Work/9,KLC-NVY-RED-PEACOCKWORK-00-0444
kavya-navy-red-peacock-work-lehenga-choli,Kavya Navy Red Peacock Work Lehenga Choli,pattu-pavadai,,2199.00,1499.00,"A ready-to-wear South Indian lehenga choli set for girls in navy / red, finished with peacock work detailing and a traditional woven border. Designed for festivals, weddings, temple ceremonies and family celebrations. The set includes one choli and one lehenga.",Art Silk Jacquard,"Dry clean recommended. Store folded in a cool, dry place.",Kavya Navy Red Peacock Work Lehenga Choli for Girls | AMZIRA,"Shop Kavya Navy Red Peacock Work Lehenga Choli, a ready-to-wear South Indian festive lehenga choli for girls aged 0-10 years.",kids_girls,AMZIRA Heritage Work,girls-lehenga-choli|south-indian|pattu-pavadai|festive|ready-to-wear,active,false,false,true,festival|wedding|temple-ceremony|birthday,https://cdn.amzira.com/catalog/kavya-navy-red-peacock-work-lehenga-choli/01.webp|https://cdn.amzira.com/catalog/kavya-navy-red-peacock-work-lehenga-choli/02.webp|https://cdn.amzira.com/catalog/kavya-navy-red-peacock-work-lehenga-choli/03.webp|https://cdn.amzira.com/catalog/kavya-navy-red-peacock-work-lehenga-choli/04.webp|https://cdn.amzira.com/catalog/kavya-navy-red-peacock-work-lehenga-choli/05.webp|https://cdn.amzira.com/catalog/kavya-navy-red-peacock-work-lehenga-choli/06.webp,KLC-NVY-RED-PEACOCKWORK-00-0444-20,2-3Y,Navy / Red,1,0.00,true,amzira_local_inventory,455-Work/9,KLC-NVY-RED-PEACOCKWORK-00-0444
kavya-navy-red-peacock-work-lehenga-choli,Kavya Navy Red Peacock Work Lehenga Choli,pattu-pavadai,,2199.00,1499.00,"A ready-to-wear South Indian lehenga choli set for girls in navy / red, finished with peacock work detailing and a traditional woven border. Designed for festivals, weddings, temple ceremonies and family celebrations. The set includes one choli and one lehenga.",Art Silk Jacquard,"Dry clean recommended. Store folded in a cool, dry place.",Kavya Navy Red Peacock Work Lehenga Choli for Girls | AMZIRA,"Shop Kavya Navy Red Peacock Work Lehenga Choli, a ready-to-wear South Indian festive lehenga choli for girls aged 0-10 years.",kids_girls,AMZIRA Heritage Work,girls-lehenga-choli|south-indian|pattu-pavadai|festive|ready-to-wear,active,false,false,true,festival|wedding|temple-ceremony|birthday,https://cdn.amzira.com/catalog/kavya-navy-red-peacock-work-lehenga-choli/01.webp|https://cdn.amzira.com/catalog/kavya-navy-red-peacock-work-lehenga-choli/02.webp|https://cdn.amzira.com/catalog/kavya-navy-red-peacock-work-lehenga-choli/03.webp|https://cdn.amzira.com/catalog/kavya-navy-red-peacock-work-lehenga-choli/04.webp|https://cdn.amzira.com/catalog/kavya-navy-red-peacock-work-lehenga-choli/05.webp|https://cdn.amzira.com/catalog/kavya-navy-red-peacock-work-lehenga-choli/06.webp,KLC-NVY-RED-PEACOCKWORK-00-0444-21,3-4Y,Navy / Red,1,0.00,true,amzira_local_inventory,455-Work/9,KLC-NVY-RED-PEACOCKWORK-00-0444
kavya-navy-red-peacock-work-lehenga-choli,Kavya Navy Red Peacock Work Lehenga Choli,pattu-pavadai,,2199.00,1499.00,"A ready-to-wear South Indian lehenga choli set for girls in navy / red, finished with peacock work detailing and a traditional woven border. Designed for festivals, weddings, temple ceremonies and family celebrations. The set includes one choli and one lehenga.",Art Silk Jacquard,"Dry clean recommended. Store folded in a cool, dry place.",Kavya Navy Red Peacock Work Lehenga Choli for Girls | AMZIRA,"Shop Kavya Navy Red Peacock Work Lehenga Choli, a ready-to-wear South Indian festive lehenga choli for girls aged 0-10 years.",kids_girls,AMZIRA Heritage Work,girls-lehenga-choli|south-indian|pattu-pavadai|festive|ready-to-wear,active,false,false,true,festival|wedding|temple-ceremony|birthday,https://cdn.amzira.com/catalog/kavya-navy-red-peacock-work-lehenga-choli/01.webp|https://cdn.amzira.com/catalog/kavya-navy-red-peacock-work-lehenga-choli/02.webp|https://cdn.amzira.com/catalog/kavya-navy-red-peacock-work-lehenga-choli/03.webp|https://cdn.amzira.com/catalog/kavya-navy-red-peacock-work-lehenga-choli/04.webp|https://cdn.amzira.com/catalog/kavya-navy-red-peacock-work-lehenga-choli/05.webp|https://cdn.amzira.com/catalog/kavya-navy-red-peacock-work-lehenga-choli/06.webp,KLC-NVY-RED-PEACOCKWORK-00-0444-22,4-5Y,Navy / Red,3,0.00,true,amzira_local_inventory,455-Work/9,KLC-NVY-RED-PEACOCKWORK-00-0444
kavya-navy-red-peacock-work-lehenga-choli,Kavya Navy Red Peacock Work Lehenga Choli,pattu-pavadai,,2199.00,1499.00,"A ready-to-wear South Indian lehenga choli set for girls in navy / red, finished with peacock work detailing and a traditional woven border. Designed for festivals, weddings, temple ceremonies and family celebrations. The set includes one choli and one lehenga.",Art Silk Jacquard,"Dry clean recommended. Store folded in a cool, dry place.",Kavya Navy Red Peacock Work Lehenga Choli for Girls | AMZIRA,"Shop Kavya Navy Red Peacock Work Lehenga Choli, a ready-to-wear South Indian festive lehenga choli for girls aged 0-10 years.",kids_girls,AMZIRA Heritage Work,girls-lehenga-choli|south-indian|pattu-pavadai|festive|ready-to-wear,active,false,false,true,festival|wedding|temple-ceremony|birthday,https://cdn.amzira.com/catalog/kavya-navy-red-peacock-work-lehenga-choli/01.webp|https://cdn.amzira.com/catalog/kavya-navy-red-peacock-work-lehenga-choli/02.webp|https://cdn.amzira.com/catalog/kavya-navy-red-peacock-work-lehenga-choli/03.webp|https://cdn.amzira.com/catalog/kavya-navy-red-peacock-work-lehenga-choli/04.webp|https://cdn.amzira.com/catalog/kavya-navy-red-peacock-work-lehenga-choli/05.webp|https://cdn.amzira.com/catalog/kavya-navy-red-peacock-work-lehenga-choli/06.webp,KLC-NVY-RED-PEACOCKWORK-00-0444-24,5-6Y,Navy / Red,3,0.00,true,amzira_local_inventory,455-Work/9,KLC-NVY-RED-PEACOCKWORK-00-0444
kavya-navy-red-peacock-work-lehenga-choli,Kavya Navy Red Peacock Work Lehenga Choli,pattu-pavadai,,2199.00,1499.00,"A ready-to-wear South Indian lehenga choli set for girls in navy / red, finished with peacock work detailing and a traditional woven border. Designed for festivals, weddings, temple ceremonies and family celebrations. The set includes one choli and one lehenga.",Art Silk Jacquard,"Dry clean recommended. Store folded in a cool, dry place.",Kavya Navy Red Peacock Work Lehenga Choli for Girls | AMZIRA,"Shop Kavya Navy Red Peacock Work Lehenga Choli, a ready-to-wear South Indian festive lehenga choli for girls aged 0-10 years.",kids_girls,AMZIRA Heritage Work,girls-lehenga-choli|south-indian|pattu-pavadai|festive|ready-to-wear,active,false,false,true,festival|wedding|temple-ceremony|birthday,https://cdn.amzira.com/catalog/kavya-navy-red-peacock-work-lehenga-choli/01.webp|https://cdn.amzira.com/catalog/kavya-navy-red-peacock-work-lehenga-choli/02.webp|https://cdn.amzira.com/catalog/kavya-navy-red-peacock-work-lehenga-choli/03.webp|https://cdn.amzira.com/catalog/kavya-navy-red-peacock-work-lehenga-choli/04.webp|https://cdn.amzira.com/catalog/kavya-navy-red-peacock-work-lehenga-choli/05.webp|https://cdn.amzira.com/catalog/kavya-navy-red-peacock-work-lehenga-choli/06.webp,KLC-NVY-RED-PEACOCKWORK-00-0444-26,6-7Y,Navy / Red,3,0.00,true,amzira_local_inventory,455-Work/9,KLC-NVY-RED-PEACOCKWORK-00-0444
kavya-navy-red-peacock-work-lehenga-choli,Kavya Navy Red Peacock Work Lehenga Choli,pattu-pavadai,,2199.00,1499.00,"A ready-to-wear South Indian lehenga choli set for girls in navy / red, finished with peacock work detailing and a traditional woven border. Designed for festivals, weddings, temple ceremonies and family celebrations. The set includes one choli and one lehenga.",Art Silk Jacquard,"Dry clean recommended. Store folded in a cool, dry place.",Kavya Navy Red Peacock Work Lehenga Choli for Girls | AMZIRA,"Shop Kavya Navy Red Peacock Work Lehenga Choli, a ready-to-wear South Indian festive lehenga choli for girls aged 0-10 years.",kids_girls,AMZIRA Heritage Work,girls-lehenga-choli|south-indian|pattu-pavadai|festive|ready-to-wear,active,false,false,true,festival|wedding|temple-ceremony|birthday,https://cdn.amzira.com/catalog/kavya-navy-red-peacock-work-lehenga-choli/01.webp|https://cdn.amzira.com/catalog/kavya-navy-red-peacock-work-lehenga-choli/02.webp|https://cdn.amzira.com/catalog/kavya-navy-red-peacock-work-lehenga-choli/03.webp|https://cdn.amzira.com/catalog/kavya-navy-red-peacock-work-lehenga-choli/04.webp|https://cdn.amzira.com/catalog/kavya-navy-red-peacock-work-lehenga-choli/05.webp|https://cdn.amzira.com/catalog/kavya-navy-red-peacock-work-lehenga-choli/06.webp,KLC-NVY-RED-PEACOCKWORK-00-0444-28,7-8Y,Navy / Red,3,0.00,true,amzira_local_inventory,455-Work/9,KLC-NVY-RED-PEACOCKWORK-00-0444
kavya-navy-red-peacock-work-lehenga-choli,Kavya Navy Red Peacock Work Lehenga Choli,pattu-pavadai,,2199.00,1499.00,"A ready-to-wear South Indian lehenga choli set for girls in navy / red, finished with peacock work detailing and a traditional woven border. Designed for festivals, weddings, temple ceremonies and family celebrations. The set includes one choli and one lehenga.",Art Silk Jacquard,"Dry clean recommended. Store folded in a cool, dry place.",Kavya Navy Red Peacock Work Lehenga Choli for Girls | AMZIRA,"Shop Kavya Navy Red Peacock Work Lehenga Choli, a ready-to-wear South Indian festive lehenga choli for girls aged 0-10 years.",kids_girls,AMZIRA Heritage Work,girls-lehenga-choli|south-indian|pattu-pavadai|festive|ready-to-wear,active,false,false,true,festival|wedding|temple-ceremony|birthday,https://cdn.amzira.com/catalog/kavya-navy-red-peacock-work-lehenga-choli/01.webp|https://cdn.amzira.com/catalog/kavya-navy-red-peacock-work-lehenga-choli/02.webp|https://cdn.amzira.com/catalog/kavya-navy-red-peacock-work-lehenga-choli/03.webp|https://cdn.amzira.com/catalog/kavya-navy-red-peacock-work-lehenga-choli/04.webp|https://cdn.amzira.com/catalog/kavya-navy-red-peacock-work-lehenga-choli/05.webp|https://cdn.amzira.com/catalog/kavya-navy-red-peacock-work-lehenga-choli/06.webp,KLC-NVY-RED-PEACOCKWORK-00-0444-33,9-10Y,Navy / Red,4,0.00,true,amzira_local_inventory,455-Work/9,KLC-NVY-RED-PEACOCKWORK-00-0444
diya-yellow-pink-peacock-butta-pattu-pavadai,Diya Yellow Pink Peacock Butta Pattu Pavadai,pattu-pavadai,,2199.00,1499.00,"A ready-to-wear South Indian lehenga choli set for girls in yellow / pink, finished with peacock butta detailing and a traditional woven border. Designed for festivals, weddings, temple ceremonies and family celebrations. The set includes one choli and one lehenga.",Art Silk Jacquard,"Dry clean recommended. Store folded in a cool, dry place.",Diya Yellow Pink Peacock Butta Pattu Pavadai for Girls | AMZIRA,"Shop Diya Yellow Pink Peacock Butta Pattu Pavadai, a ready-to-wear South Indian festive lehenga choli for girls aged 0-10 years.",kids_girls,AMZIRA Heritage Work,girls-lehenga-choli|south-indian|pattu-pavadai|festive|ready-to-wear,active,false,false,true,festival|wedding|temple-ceremony|birthday,https://cdn.amzira.com/catalog/diya-yellow-pink-peacock-butta-pattu-pavadai/01.webp|https://cdn.amzira.com/catalog/diya-yellow-pink-peacock-butta-pattu-pavadai/02.webp|https://cdn.amzira.com/catalog/diya-yellow-pink-peacock-butta-pattu-pavadai/03.webp|https://cdn.amzira.com/catalog/diya-yellow-pink-peacock-butta-pattu-pavadai/04.webp|https://cdn.amzira.com/catalog/diya-yellow-pink-peacock-butta-pattu-pavadai/05.webp|https://cdn.amzira.com/catalog/diya-yellow-pink-peacock-butta-pattu-pavadai/06.webp,KLC-YLW-PNK-PEACOCKPOTWORK-00-0449-18,1-2Y,Yellow / Pink,1,0.00,true,amzira_local_inventory,455-Work/10,KLC-YLW-PNK-PEACOCKPOTWORK-00-0449
diya-yellow-pink-peacock-butta-pattu-pavadai,Diya Yellow Pink Peacock Butta Pattu Pavadai,pattu-pavadai,,2199.00,1499.00,"A ready-to-wear South Indian lehenga choli set for girls in yellow / pink, finished with peacock butta detailing and a traditional woven border. Designed for festivals, weddings, temple ceremonies and family celebrations. The set includes one choli and one lehenga.",Art Silk Jacquard,"Dry clean recommended. Store folded in a cool, dry place.",Diya Yellow Pink Peacock Butta Pattu Pavadai for Girls | AMZIRA,"Shop Diya Yellow Pink Peacock Butta Pattu Pavadai, a ready-to-wear South Indian festive lehenga choli for girls aged 0-10 years.",kids_girls,AMZIRA Heritage Work,girls-lehenga-choli|south-indian|pattu-pavadai|festive|ready-to-wear,active,false,false,true,festival|wedding|temple-ceremony|birthday,https://cdn.amzira.com/catalog/diya-yellow-pink-peacock-butta-pattu-pavadai/01.webp|https://cdn.amzira.com/catalog/diya-yellow-pink-peacock-butta-pattu-pavadai/02.webp|https://cdn.amzira.com/catalog/diya-yellow-pink-peacock-butta-pattu-pavadai/03.webp|https://cdn.amzira.com/catalog/diya-yellow-pink-peacock-butta-pattu-pavadai/04.webp|https://cdn.amzira.com/catalog/diya-yellow-pink-peacock-butta-pattu-pavadai/05.webp|https://cdn.amzira.com/catalog/diya-yellow-pink-peacock-butta-pattu-pavadai/06.webp,KLC-YLW-PNK-PEACOCKPOTWORK-00-0449-20,2-3Y,Yellow / Pink,1,0.00,true,amzira_local_inventory,455-Work/10,KLC-YLW-PNK-PEACOCKPOTWORK-00-0449
diya-yellow-pink-peacock-butta-pattu-pavadai,Diya Yellow Pink Peacock Butta Pattu Pavadai,pattu-pavadai,,2199.00,1499.00,"A ready-to-wear South Indian lehenga choli set for girls in yellow / pink, finished with peacock butta detailing and a traditional woven border. Designed for festivals, weddings, temple ceremonies and family celebrations. The set includes one choli and one lehenga.",Art Silk Jacquard,"Dry clean recommended. Store folded in a cool, dry place.",Diya Yellow Pink Peacock Butta Pattu Pavadai for Girls | AMZIRA,"Shop Diya Yellow Pink Peacock Butta Pattu Pavadai, a ready-to-wear South Indian festive lehenga choli for girls aged 0-10 years.",kids_girls,AMZIRA Heritage Work,girls-lehenga-choli|south-indian|pattu-pavadai|festive|ready-to-wear,active,false,false,true,festival|wedding|temple-ceremony|birthday,https://cdn.amzira.com/catalog/diya-yellow-pink-peacock-butta-pattu-pavadai/01.webp|https://cdn.amzira.com/catalog/diya-yellow-pink-peacock-butta-pattu-pavadai/02.webp|https://cdn.amzira.com/catalog/diya-yellow-pink-peacock-butta-pattu-pavadai/03.webp|https://cdn.amzira.com/catalog/diya-yellow-pink-peacock-butta-pattu-pavadai/04.webp|https://cdn.amzira.com/catalog/diya-yellow-pink-peacock-butta-pattu-pavadai/05.webp|https://cdn.amzira.com/catalog/diya-yellow-pink-peacock-butta-pattu-pavadai/06.webp,KLC-YLW-PNK-PEACOCKPOTWORK-00-0449-21,3-4Y,Yellow / Pink,1,0.00,true,amzira_local_inventory,455-Work/10,KLC-YLW-PNK-PEACOCKPOTWORK-00-0449
diya-yellow-pink-peacock-butta-pattu-pavadai,Diya Yellow Pink Peacock Butta Pattu Pavadai,pattu-pavadai,,2199.00,1499.00,"A ready-to-wear South Indian lehenga choli set for girls in yellow / pink, finished with peacock butta detailing and a traditional woven border. Designed for festivals, weddings, temple ceremonies and family celebrations. The set includes one choli and one lehenga.",Art Silk Jacquard,"Dry clean recommended. Store folded in a cool, dry place.",Diya Yellow Pink Peacock Butta Pattu Pavadai for Girls | AMZIRA,"Shop Diya Yellow Pink Peacock Butta Pattu Pavadai, a ready-to-wear South Indian festive lehenga choli for girls aged 0-10 years.",kids_girls,AMZIRA Heritage Work,girls-lehenga-choli|south-indian|pattu-pavadai|festive|ready-to-wear,active,false,false,true,festival|wedding|temple-ceremony|birthday,https://cdn.amzira.com/catalog/diya-yellow-pink-peacock-butta-pattu-pavadai/01.webp|https://cdn.amzira.com/catalog/diya-yellow-pink-peacock-butta-pattu-pavadai/02.webp|https://cdn.amzira.com/catalog/diya-yellow-pink-peacock-butta-pattu-pavadai/03.webp|https://cdn.amzira.com/catalog/diya-yellow-pink-peacock-butta-pattu-pavadai/04.webp|https://cdn.amzira.com/catalog/diya-yellow-pink-peacock-butta-pattu-pavadai/05.webp|https://cdn.amzira.com/catalog/diya-yellow-pink-peacock-butta-pattu-pavadai/06.webp,KLC-YLW-PNK-PEACOCKPOTWORK-00-0449-22,4-5Y,Yellow / Pink,3,0.00,true,amzira_local_inventory,455-Work/10,KLC-YLW-PNK-PEACOCKPOTWORK-00-0449
diya-yellow-pink-peacock-butta-pattu-pavadai,Diya Yellow Pink Peacock Butta Pattu Pavadai,pattu-pavadai,,2199.00,1499.00,"A ready-to-wear South Indian lehenga choli set for girls in yellow / pink, finished with peacock butta detailing and a traditional woven border. Designed for festivals, weddings, temple ceremonies and family celebrations. The set includes one choli and one lehenga.",Art Silk Jacquard,"Dry clean recommended. Store folded in a cool, dry place.",Diya Yellow Pink Peacock Butta Pattu Pavadai for Girls | AMZIRA,"Shop Diya Yellow Pink Peacock Butta Pattu Pavadai, a ready-to-wear South Indian festive lehenga choli for girls aged 0-10 years.",kids_girls,AMZIRA Heritage Work,girls-lehenga-choli|south-indian|pattu-pavadai|festive|ready-to-wear,active,false,false,true,festival|wedding|temple-ceremony|birthday,https://cdn.amzira.com/catalog/diya-yellow-pink-peacock-butta-pattu-pavadai/01.webp|https://cdn.amzira.com/catalog/diya-yellow-pink-peacock-butta-pattu-pavadai/02.webp|https://cdn.amzira.com/catalog/diya-yellow-pink-peacock-butta-pattu-pavadai/03.webp|https://cdn.amzira.com/catalog/diya-yellow-pink-peacock-butta-pattu-pavadai/04.webp|https://cdn.amzira.com/catalog/diya-yellow-pink-peacock-butta-pattu-pavadai/05.webp|https://cdn.amzira.com/catalog/diya-yellow-pink-peacock-butta-pattu-pavadai/06.webp,KLC-YLW-PNK-PEACOCKPOTWORK-00-0449-24,5-6Y,Yellow / Pink,3,0.00,true,amzira_local_inventory,455-Work/10,KLC-YLW-PNK-PEACOCKPOTWORK-00-0449
diya-yellow-pink-peacock-butta-pattu-pavadai,Diya Yellow Pink Peacock Butta Pattu Pavadai,pattu-pavadai,,2199.00,1499.00,"A ready-to-wear South Indian lehenga choli set for girls in yellow / pink, finished with peacock butta detailing and a traditional woven border. Designed for festivals, weddings, temple ceremonies and family celebrations. The set includes one choli and one lehenga.",Art Silk Jacquard,"Dry clean recommended. Store folded in a cool, dry place.",Diya Yellow Pink Peacock Butta Pattu Pavadai for Girls | AMZIRA,"Shop Diya Yellow Pink Peacock Butta Pattu Pavadai, a ready-to-wear South Indian festive lehenga choli for girls aged 0-10 years.",kids_girls,AMZIRA Heritage Work,girls-lehenga-choli|south-indian|pattu-pavadai|festive|ready-to-wear,active,false,false,true,festival|wedding|temple-ceremony|birthday,https://cdn.amzira.com/catalog/diya-yellow-pink-peacock-butta-pattu-pavadai/01.webp|https://cdn.amzira.com/catalog/diya-yellow-pink-peacock-butta-pattu-pavadai/02.webp|https://cdn.amzira.com/catalog/diya-yellow-pink-peacock-butta-pattu-pavadai/03.webp|https://cdn.amzira.com/catalog/diya-yellow-pink-peacock-butta-pattu-pavadai/04.webp|https://cdn.amzira.com/catalog/diya-yellow-pink-peacock-butta-pattu-pavadai/05.webp|https://cdn.amzira.com/catalog/diya-yellow-pink-peacock-butta-pattu-pavadai/06.webp,KLC-YLW-PNK-PEACOCKPOTWORK-00-0449-26,6-7Y,Yellow / Pink,3,0.00,true,amzira_local_inventory,455-Work/10,KLC-YLW-PNK-PEACOCKPOTWORK-00-0449
diya-yellow-pink-peacock-butta-pattu-pavadai,Diya Yellow Pink Peacock Butta Pattu Pavadai,pattu-pavadai,,2199.00,1499.00,"A ready-to-wear South Indian lehenga choli set for girls in yellow / pink, finished with peacock butta detailing and a traditional woven border. Designed for festivals, weddings, temple ceremonies and family celebrations. The set includes one choli and one lehenga.",Art Silk Jacquard,"Dry clean recommended. Store folded in a cool, dry place.",Diya Yellow Pink Peacock Butta Pattu Pavadai for Girls | AMZIRA,"Shop Diya Yellow Pink Peacock Butta Pattu Pavadai, a ready-to-wear South Indian festive lehenga choli for girls aged 0-10 years.",kids_girls,AMZIRA Heritage Work,girls-lehenga-choli|south-indian|pattu-pavadai|festive|ready-to-wear,active,false,false,true,festival|wedding|temple-ceremony|birthday,https://cdn.amzira.com/catalog/diya-yellow-pink-peacock-butta-pattu-pavadai/01.webp|https://cdn.amzira.com/catalog/diya-yellow-pink-peacock-butta-pattu-pavadai/02.webp|https://cdn.amzira.com/catalog/diya-yellow-pink-peacock-butta-pattu-pavadai/03.webp|https://cdn.amzira.com/catalog/diya-yellow-pink-peacock-butta-pattu-pavadai/04.webp|https://cdn.amzira.com/catalog/diya-yellow-pink-peacock-butta-pattu-pavadai/05.webp|https://cdn.amzira.com/catalog/diya-yellow-pink-peacock-butta-pattu-pavadai/06.webp,KLC-YLW-PNK-PEACOCKPOTWORK-00-0449-28,7-8Y,Yellow / Pink,3,0.00,true,amzira_local_inventory,455-Work/10,KLC-YLW-PNK-PEACOCKPOTWORK-00-0449
diya-yellow-pink-peacock-butta-pattu-pavadai,Diya Yellow Pink Peacock Butta Pattu Pavadai,pattu-pavadai,,2199.00,1499.00,"A ready-to-wear South Indian lehenga choli set for girls in yellow / pink, finished with peacock butta detailing and a traditional woven border. Designed for festivals, weddings, temple ceremonies and family celebrations. The set includes one choli and one lehenga.",Art Silk Jacquard,"Dry clean recommended. Store folded in a cool, dry place.",Diya Yellow Pink Peacock Butta Pattu Pavadai for Girls | AMZIRA,"Shop Diya Yellow Pink Peacock Butta Pattu Pavadai, a ready-to-wear South Indian festive lehenga choli for girls aged 0-10 years.",kids_girls,AMZIRA Heritage Work,girls-lehenga-choli|south-indian|pattu-pavadai|festive|ready-to-wear,active,false,false,true,festival|wedding|temple-ceremony|birthday,https://cdn.amzira.com/catalog/diya-yellow-pink-peacock-butta-pattu-pavadai/01.webp|https://cdn.amzira.com/catalog/diya-yellow-pink-peacock-butta-pattu-pavadai/02.webp|https://cdn.amzira.com/catalog/diya-yellow-pink-peacock-butta-pattu-pavadai/03.webp|https://cdn.amzira.com/catalog/diya-yellow-pink-peacock-butta-pattu-pavadai/04.webp|https://cdn.amzira.com/catalog/diya-yellow-pink-peacock-butta-pattu-pavadai/05.webp|https://cdn.amzira.com/catalog/diya-yellow-pink-peacock-butta-pattu-pavadai/06.webp,KLC-YLW-PNK-PEACOCKPOTWORK-00-0449-33,9-10Y,Yellow / Pink,4,0.00,true,amzira_local_inventory,455-Work/10,KLC-YLW-PNK-PEACOCKPOTWORK-00-0449
riya-purple-olive-tree-deer-pattu-pavadai,Riya Purple Olive Tree Deer Pattu Pavadai,pattu-pavadai,,2199.00,1499.00,"A ready-to-wear South Indian lehenga choli set for girls in purple / olive, finished with tree deer work detailing and a traditional woven border. Designed for festivals, weddings, temple ceremonies and family celebrations. The set includes one choli and one lehenga.",Art Silk Jacquard,"Dry clean recommended. Store folded in a cool, dry place.",Riya Purple Olive Tree Deer Pattu Pavadai for Girls | AMZIRA,"Shop Riya Purple Olive Tree Deer Pattu Pavadai, a ready-to-wear South Indian festive lehenga choli for girls aged 0-10 years.",kids_girls,AMZIRA Heritage Work,girls-lehenga-choli|south-indian|pattu-pavadai|festive|ready-to-wear,active,false,false,true,festival|wedding|temple-ceremony|birthday,https://cdn.amzira.com/catalog/riya-purple-olive-tree-deer-pattu-pavadai/01.webp|https://cdn.amzira.com/catalog/riya-purple-olive-tree-deer-pattu-pavadai/02.webp|https://cdn.amzira.com/catalog/riya-purple-olive-tree-deer-pattu-pavadai/03.webp|https://cdn.amzira.com/catalog/riya-purple-olive-tree-deer-pattu-pavadai/04.webp|https://cdn.amzira.com/catalog/riya-purple-olive-tree-deer-pattu-pavadai/05.webp|https://cdn.amzira.com/catalog/riya-purple-olive-tree-deer-pattu-pavadai/06.webp,KLC-PUR-OLV-TREEDEERWORK-00-0442-18,1-2Y,Purple / Olive,1,0.00,true,amzira_local_inventory,455-Work/11,KLC-PUR-OLV-TREEDEERWORK-00-0442
riya-purple-olive-tree-deer-pattu-pavadai,Riya Purple Olive Tree Deer Pattu Pavadai,pattu-pavadai,,2199.00,1499.00,"A ready-to-wear South Indian lehenga choli set for girls in purple / olive, finished with tree deer work detailing and a traditional woven border. Designed for festivals, weddings, temple ceremonies and family celebrations. The set includes one choli and one lehenga.",Art Silk Jacquard,"Dry clean recommended. Store folded in a cool, dry place.",Riya Purple Olive Tree Deer Pattu Pavadai for Girls | AMZIRA,"Shop Riya Purple Olive Tree Deer Pattu Pavadai, a ready-to-wear South Indian festive lehenga choli for girls aged 0-10 years.",kids_girls,AMZIRA Heritage Work,girls-lehenga-choli|south-indian|pattu-pavadai|festive|ready-to-wear,active,false,false,true,festival|wedding|temple-ceremony|birthday,https://cdn.amzira.com/catalog/riya-purple-olive-tree-deer-pattu-pavadai/01.webp|https://cdn.amzira.com/catalog/riya-purple-olive-tree-deer-pattu-pavadai/02.webp|https://cdn.amzira.com/catalog/riya-purple-olive-tree-deer-pattu-pavadai/03.webp|https://cdn.amzira.com/catalog/riya-purple-olive-tree-deer-pattu-pavadai/04.webp|https://cdn.amzira.com/catalog/riya-purple-olive-tree-deer-pattu-pavadai/05.webp|https://cdn.amzira.com/catalog/riya-purple-olive-tree-deer-pattu-pavadai/06.webp,KLC-PUR-OLV-TREEDEERWORK-00-0442-20,2-3Y,Purple / Olive,1,0.00,true,amzira_local_inventory,455-Work/11,KLC-PUR-OLV-TREEDEERWORK-00-0442
riya-purple-olive-tree-deer-pattu-pavadai,Riya Purple Olive Tree Deer Pattu Pavadai,pattu-pavadai,,2199.00,1499.00,"A ready-to-wear South Indian lehenga choli set for girls in purple / olive, finished with tree deer work detailing and a traditional woven border. Designed for festivals, weddings, temple ceremonies and family celebrations. The set includes one choli and one lehenga.",Art Silk Jacquard,"Dry clean recommended. Store folded in a cool, dry place.",Riya Purple Olive Tree Deer Pattu Pavadai for Girls | AMZIRA,"Shop Riya Purple Olive Tree Deer Pattu Pavadai, a ready-to-wear South Indian festive lehenga choli for girls aged 0-10 years.",kids_girls,AMZIRA Heritage Work,girls-lehenga-choli|south-indian|pattu-pavadai|festive|ready-to-wear,active,false,false,true,festival|wedding|temple-ceremony|birthday,https://cdn.amzira.com/catalog/riya-purple-olive-tree-deer-pattu-pavadai/01.webp|https://cdn.amzira.com/catalog/riya-purple-olive-tree-deer-pattu-pavadai/02.webp|https://cdn.amzira.com/catalog/riya-purple-olive-tree-deer-pattu-pavadai/03.webp|https://cdn.amzira.com/catalog/riya-purple-olive-tree-deer-pattu-pavadai/04.webp|https://cdn.amzira.com/catalog/riya-purple-olive-tree-deer-pattu-pavadai/05.webp|https://cdn.amzira.com/catalog/riya-purple-olive-tree-deer-pattu-pavadai/06.webp,KLC-PUR-OLV-TREEDEERWORK-00-0442-21,3-4Y,Purple / Olive,1,0.00,true,amzira_local_inventory,455-Work/11,KLC-PUR-OLV-TREEDEERWORK-00-0442
riya-purple-olive-tree-deer-pattu-pavadai,Riya Purple Olive Tree Deer Pattu Pavadai,pattu-pavadai,,2199.00,1499.00,"A ready-to-wear South Indian lehenga choli set for girls in purple / olive, finished with tree deer work detailing and a traditional woven border. Designed for festivals, weddings, temple ceremonies and family celebrations. The set includes one choli and one lehenga.",Art Silk Jacquard,"Dry clean recommended. Store folded in a cool, dry place.",Riya Purple Olive Tree Deer Pattu Pavadai for Girls | AMZIRA,"Shop Riya Purple Olive Tree Deer Pattu Pavadai, a ready-to-wear South Indian festive lehenga choli for girls aged 0-10 years.",kids_girls,AMZIRA Heritage Work,girls-lehenga-choli|south-indian|pattu-pavadai|festive|ready-to-wear,active,false,false,true,festival|wedding|temple-ceremony|birthday,https://cdn.amzira.com/catalog/riya-purple-olive-tree-deer-pattu-pavadai/01.webp|https://cdn.amzira.com/catalog/riya-purple-olive-tree-deer-pattu-pavadai/02.webp|https://cdn.amzira.com/catalog/riya-purple-olive-tree-deer-pattu-pavadai/03.webp|https://cdn.amzira.com/catalog/riya-purple-olive-tree-deer-pattu-pavadai/04.webp|https://cdn.amzira.com/catalog/riya-purple-olive-tree-deer-pattu-pavadai/05.webp|https://cdn.amzira.com/catalog/riya-purple-olive-tree-deer-pattu-pavadai/06.webp,KLC-PUR-OLV-TREEDEERWORK-00-0442-22,4-5Y,Purple / Olive,3,0.00,true,amzira_local_inventory,455-Work/11,KLC-PUR-OLV-TREEDEERWORK-00-0442
riya-purple-olive-tree-deer-pattu-pavadai,Riya Purple Olive Tree Deer Pattu Pavadai,pattu-pavadai,,2199.00,1499.00,"A ready-to-wear South Indian lehenga choli set for girls in purple / olive, finished with tree deer work detailing and a traditional woven border. Designed for festivals, weddings, temple ceremonies and family celebrations. The set includes one choli and one lehenga.",Art Silk Jacquard,"Dry clean recommended. Store folded in a cool, dry place.",Riya Purple Olive Tree Deer Pattu Pavadai for Girls | AMZIRA,"Shop Riya Purple Olive Tree Deer Pattu Pavadai, a ready-to-wear South Indian festive lehenga choli for girls aged 0-10 years.",kids_girls,AMZIRA Heritage Work,girls-lehenga-choli|south-indian|pattu-pavadai|festive|ready-to-wear,active,false,false,true,festival|wedding|temple-ceremony|birthday,https://cdn.amzira.com/catalog/riya-purple-olive-tree-deer-pattu-pavadai/01.webp|https://cdn.amzira.com/catalog/riya-purple-olive-tree-deer-pattu-pavadai/02.webp|https://cdn.amzira.com/catalog/riya-purple-olive-tree-deer-pattu-pavadai/03.webp|https://cdn.amzira.com/catalog/riya-purple-olive-tree-deer-pattu-pavadai/04.webp|https://cdn.amzira.com/catalog/riya-purple-olive-tree-deer-pattu-pavadai/05.webp|https://cdn.amzira.com/catalog/riya-purple-olive-tree-deer-pattu-pavadai/06.webp,KLC-PUR-OLV-TREEDEERWORK-00-0442-24,5-6Y,Purple / Olive,3,0.00,true,amzira_local_inventory,455-Work/11,KLC-PUR-OLV-TREEDEERWORK-00-0442
riya-purple-olive-tree-deer-pattu-pavadai,Riya Purple Olive Tree Deer Pattu Pavadai,pattu-pavadai,,2199.00,1499.00,"A ready-to-wear South Indian lehenga choli set for girls in purple / olive, finished with tree deer work detailing and a traditional woven border. Designed for festivals, weddings, temple ceremonies and family celebrations. The set includes one choli and one lehenga.",Art Silk Jacquard,"Dry clean recommended. Store folded in a cool, dry place.",Riya Purple Olive Tree Deer Pattu Pavadai for Girls | AMZIRA,"Shop Riya Purple Olive Tree Deer Pattu Pavadai, a ready-to-wear South Indian festive lehenga choli for girls aged 0-10 years.",kids_girls,AMZIRA Heritage Work,girls-lehenga-choli|south-indian|pattu-pavadai|festive|ready-to-wear,active,false,false,true,festival|wedding|temple-ceremony|birthday,https://cdn.amzira.com/catalog/riya-purple-olive-tree-deer-pattu-pavadai/01.webp|https://cdn.amzira.com/catalog/riya-purple-olive-tree-deer-pattu-pavadai/02.webp|https://cdn.amzira.com/catalog/riya-purple-olive-tree-deer-pattu-pavadai/03.webp|https://cdn.amzira.com/catalog/riya-purple-olive-tree-deer-pattu-pavadai/04.webp|https://cdn.amzira.com/catalog/riya-purple-olive-tree-deer-pattu-pavadai/05.webp|https://cdn.amzira.com/catalog/riya-purple-olive-tree-deer-pattu-pavadai/06.webp,KLC-PUR-OLV-TREEDEERWORK-00-0442-26,6-7Y,Purple / Olive,3,0.00,true,amzira_local_inventory,455-Work/11,KLC-PUR-OLV-TREEDEERWORK-00-0442
riya-purple-olive-tree-deer-pattu-pavadai,Riya Purple Olive Tree Deer Pattu Pavadai,pattu-pavadai,,2199.00,1499.00,"A ready-to-wear South Indian lehenga choli set for girls in purple / olive, finished with tree deer work detailing and a traditional woven border. Designed for festivals, weddings, temple ceremonies and family celebrations. The set includes one choli and one lehenga.",Art Silk Jacquard,"Dry clean recommended. Store folded in a cool, dry place.",Riya Purple Olive Tree Deer Pattu Pavadai for Girls | AMZIRA,"Shop Riya Purple Olive Tree Deer Pattu Pavadai, a ready-to-wear South Indian festive lehenga choli for girls aged 0-10 years.",kids_girls,AMZIRA Heritage Work,girls-lehenga-choli|south-indian|pattu-pavadai|festive|ready-to-wear,active,false,false,true,festival|wedding|temple-ceremony|birthday,https://cdn.amzira.com/catalog/riya-purple-olive-tree-deer-pattu-pavadai/01.webp|https://cdn.amzira.com/catalog/riya-purple-olive-tree-deer-pattu-pavadai/02.webp|https://cdn.amzira.com/catalog/riya-purple-olive-tree-deer-pattu-pavadai/03.webp|https://cdn.amzira.com/catalog/riya-purple-olive-tree-deer-pattu-pavadai/04.webp|https://cdn.amzira.com/catalog/riya-purple-olive-tree-deer-pattu-pavadai/05.webp|https://cdn.amzira.com/catalog/riya-purple-olive-tree-deer-pattu-pavadai/06.webp,KLC-PUR-OLV-TREEDEERWORK-00-0442-28,7-8Y,Purple / Olive,3,0.00,true,amzira_local_inventory,455-Work/11,KLC-PUR-OLV-TREEDEERWORK-00-0442
riya-purple-olive-tree-deer-pattu-pavadai,Riya Purple Olive Tree Deer Pattu Pavadai,pattu-pavadai,,2199.00,1499.00,"A ready-to-wear South Indian lehenga choli set for girls in purple / olive, finished with tree deer work detailing and a traditional woven border. Designed for festivals, weddings, temple ceremonies and family celebrations. The set includes one choli and one lehenga.",Art Silk Jacquard,"Dry clean recommended. Store folded in a cool, dry place.",Riya Purple Olive Tree Deer Pattu Pavadai for Girls | AMZIRA,"Shop Riya Purple Olive Tree Deer Pattu Pavadai, a ready-to-wear South Indian festive lehenga choli for girls aged 0-10 years.",kids_girls,AMZIRA Heritage Work,girls-lehenga-choli|south-indian|pattu-pavadai|festive|ready-to-wear,active,false,false,true,festival|wedding|temple-ceremony|birthday,https://cdn.amzira.com/catalog/riya-purple-olive-tree-deer-pattu-pavadai/01.webp|https://cdn.amzira.com/catalog/riya-purple-olive-tree-deer-pattu-pavadai/02.webp|https://cdn.amzira.com/catalog/riya-purple-olive-tree-deer-pattu-pavadai/03.webp|https://cdn.amzira.com/catalog/riya-purple-olive-tree-deer-pattu-pavadai/04.webp|https://cdn.amzira.com/catalog/riya-purple-olive-tree-deer-pattu-pavadai/05.webp|https://cdn.amzira.com/catalog/riya-purple-olive-tree-deer-pattu-pavadai/06.webp,KLC-PUR-OLV-TREEDEERWORK-00-0442-33,9-10Y,Purple / Olive,4,0.00,true,amzira_local_inventory,455-Work/11,KLC-PUR-OLV-TREEDEERWORK-00-0442
aarna-teal-mustard-peacock-butta-pattu-pavadai,Aarna Teal Mustard Peacock Butta Pattu Pavadai,pattu-pavadai,,2199.00,1499.00,"A ready-to-wear South Indian lehenga choli set for girls in teal / mustard, finished with peacock butta detailing and a traditional woven border. Designed for festivals, weddings, temple ceremonies and family celebrations. The set includes one choli and one lehenga.",Art Silk Jacquard,"Dry clean recommended. Store folded in a cool, dry place.",Aarna Teal Mustard Peacock Butta Pattu Pavadai for Girls | AMZIRA,"Shop Aarna Teal Mustard Peacock Butta Pattu Pavadai, a ready-to-wear South Indian festive lehenga choli for girls aged 0-10 years.",kids_girls,AMZIRA Heritage Work,girls-lehenga-choli|south-indian|pattu-pavadai|festive|ready-to-wear,active,false,false,true,festival|wedding|temple-ceremony|birthday,https://cdn.amzira.com/catalog/aarna-teal-mustard-peacock-butta-pattu-pavadai/01.webp|https://cdn.amzira.com/catalog/aarna-teal-mustard-peacock-butta-pattu-pavadai/02.webp|https://cdn.amzira.com/catalog/aarna-teal-mustard-peacock-butta-pattu-pavadai/03.webp|https://cdn.amzira.com/catalog/aarna-teal-mustard-peacock-butta-pattu-pavadai/04.webp|https://cdn.amzira.com/catalog/aarna-teal-mustard-peacock-butta-pattu-pavadai/05.webp|https://cdn.amzira.com/catalog/aarna-teal-mustard-peacock-butta-pattu-pavadai/06.webp,KLC-TEAL-MUS-PEACOCKPOTWORK-00-0446-18,1-2Y,Teal / Mustard,1,0.00,true,amzira_local_inventory,455-Work/12,KLC-TEAL-MUS-PEACOCKPOTWORK-00-0446
aarna-teal-mustard-peacock-butta-pattu-pavadai,Aarna Teal Mustard Peacock Butta Pattu Pavadai,pattu-pavadai,,2199.00,1499.00,"A ready-to-wear South Indian lehenga choli set for girls in teal / mustard, finished with peacock butta detailing and a traditional woven border. Designed for festivals, weddings, temple ceremonies and family celebrations. The set includes one choli and one lehenga.",Art Silk Jacquard,"Dry clean recommended. Store folded in a cool, dry place.",Aarna Teal Mustard Peacock Butta Pattu Pavadai for Girls | AMZIRA,"Shop Aarna Teal Mustard Peacock Butta Pattu Pavadai, a ready-to-wear South Indian festive lehenga choli for girls aged 0-10 years.",kids_girls,AMZIRA Heritage Work,girls-lehenga-choli|south-indian|pattu-pavadai|festive|ready-to-wear,active,false,false,true,festival|wedding|temple-ceremony|birthday,https://cdn.amzira.com/catalog/aarna-teal-mustard-peacock-butta-pattu-pavadai/01.webp|https://cdn.amzira.com/catalog/aarna-teal-mustard-peacock-butta-pattu-pavadai/02.webp|https://cdn.amzira.com/catalog/aarna-teal-mustard-peacock-butta-pattu-pavadai/03.webp|https://cdn.amzira.com/catalog/aarna-teal-mustard-peacock-butta-pattu-pavadai/04.webp|https://cdn.amzira.com/catalog/aarna-teal-mustard-peacock-butta-pattu-pavadai/05.webp|https://cdn.amzira.com/catalog/aarna-teal-mustard-peacock-butta-pattu-pavadai/06.webp,KLC-TEAL-MUS-PEACOCKPOTWORK-00-0446-20,2-3Y,Teal / Mustard,1,0.00,true,amzira_local_inventory,455-Work/12,KLC-TEAL-MUS-PEACOCKPOTWORK-00-0446
aarna-teal-mustard-peacock-butta-pattu-pavadai,Aarna Teal Mustard Peacock Butta Pattu Pavadai,pattu-pavadai,,2199.00,1499.00,"A ready-to-wear South Indian lehenga choli set for girls in teal / mustard, finished with peacock butta detailing and a traditional woven border. Designed for festivals, weddings, temple ceremonies and family celebrations. The set includes one choli and one lehenga.",Art Silk Jacquard,"Dry clean recommended. Store folded in a cool, dry place.",Aarna Teal Mustard Peacock Butta Pattu Pavadai for Girls | AMZIRA,"Shop Aarna Teal Mustard Peacock Butta Pattu Pavadai, a ready-to-wear South Indian festive lehenga choli for girls aged 0-10 years.",kids_girls,AMZIRA Heritage Work,girls-lehenga-choli|south-indian|pattu-pavadai|festive|ready-to-wear,active,false,false,true,festival|wedding|temple-ceremony|birthday,https://cdn.amzira.com/catalog/aarna-teal-mustard-peacock-butta-pattu-pavadai/01.webp|https://cdn.amzira.com/catalog/aarna-teal-mustard-peacock-butta-pattu-pavadai/02.webp|https://cdn.amzira.com/catalog/aarna-teal-mustard-peacock-butta-pattu-pavadai/03.webp|https://cdn.amzira.com/catalog/aarna-teal-mustard-peacock-butta-pattu-pavadai/04.webp|https://cdn.amzira.com/catalog/aarna-teal-mustard-peacock-butta-pattu-pavadai/05.webp|https://cdn.amzira.com/catalog/aarna-teal-mustard-peacock-butta-pattu-pavadai/06.webp,KLC-TEAL-MUS-PEACOCKPOTWORK-00-0446-21,3-4Y,Teal / Mustard,1,0.00,true,amzira_local_inventory,455-Work/12,KLC-TEAL-MUS-PEACOCKPOTWORK-00-0446
aarna-teal-mustard-peacock-butta-pattu-pavadai,Aarna Teal Mustard Peacock Butta Pattu Pavadai,pattu-pavadai,,2199.00,1499.00,"A ready-to-wear South Indian lehenga choli set for girls in teal / mustard, finished with peacock butta detailing and a traditional woven border. Designed for festivals, weddings, temple ceremonies and family celebrations. The set includes one choli and one lehenga.",Art Silk Jacquard,"Dry clean recommended. Store folded in a cool, dry place.",Aarna Teal Mustard Peacock Butta Pattu Pavadai for Girls | AMZIRA,"Shop Aarna Teal Mustard Peacock Butta Pattu Pavadai, a ready-to-wear South Indian festive lehenga choli for girls aged 0-10 years.",kids_girls,AMZIRA Heritage Work,girls-lehenga-choli|south-indian|pattu-pavadai|festive|ready-to-wear,active,false,false,true,festival|wedding|temple-ceremony|birthday,https://cdn.amzira.com/catalog/aarna-teal-mustard-peacock-butta-pattu-pavadai/01.webp|https://cdn.amzira.com/catalog/aarna-teal-mustard-peacock-butta-pattu-pavadai/02.webp|https://cdn.amzira.com/catalog/aarna-teal-mustard-peacock-butta-pattu-pavadai/03.webp|https://cdn.amzira.com/catalog/aarna-teal-mustard-peacock-butta-pattu-pavadai/04.webp|https://cdn.amzira.com/catalog/aarna-teal-mustard-peacock-butta-pattu-pavadai/05.webp|https://cdn.amzira.com/catalog/aarna-teal-mustard-peacock-butta-pattu-pavadai/06.webp,KLC-TEAL-MUS-PEACOCKPOTWORK-00-0446-22,4-5Y,Teal / Mustard,3,0.00,true,amzira_local_inventory,455-Work/12,KLC-TEAL-MUS-PEACOCKPOTWORK-00-0446
aarna-teal-mustard-peacock-butta-pattu-pavadai,Aarna Teal Mustard Peacock Butta Pattu Pavadai,pattu-pavadai,,2199.00,1499.00,"A ready-to-wear South Indian lehenga choli set for girls in teal / mustard, finished with peacock butta detailing and a traditional woven border. Designed for festivals, weddings, temple ceremonies and family celebrations. The set includes one choli and one lehenga.",Art Silk Jacquard,"Dry clean recommended. Store folded in a cool, dry place.",Aarna Teal Mustard Peacock Butta Pattu Pavadai for Girls | AMZIRA,"Shop Aarna Teal Mustard Peacock Butta Pattu Pavadai, a ready-to-wear South Indian festive lehenga choli for girls aged 0-10 years.",kids_girls,AMZIRA Heritage Work,girls-lehenga-choli|south-indian|pattu-pavadai|festive|ready-to-wear,active,false,false,true,festival|wedding|temple-ceremony|birthday,https://cdn.amzira.com/catalog/aarna-teal-mustard-peacock-butta-pattu-pavadai/01.webp|https://cdn.amzira.com/catalog/aarna-teal-mustard-peacock-butta-pattu-pavadai/02.webp|https://cdn.amzira.com/catalog/aarna-teal-mustard-peacock-butta-pattu-pavadai/03.webp|https://cdn.amzira.com/catalog/aarna-teal-mustard-peacock-butta-pattu-pavadai/04.webp|https://cdn.amzira.com/catalog/aarna-teal-mustard-peacock-butta-pattu-pavadai/05.webp|https://cdn.amzira.com/catalog/aarna-teal-mustard-peacock-butta-pattu-pavadai/06.webp,KLC-TEAL-MUS-PEACOCKPOTWORK-00-0446-24,5-6Y,Teal / Mustard,3,0.00,true,amzira_local_inventory,455-Work/12,KLC-TEAL-MUS-PEACOCKPOTWORK-00-0446
aarna-teal-mustard-peacock-butta-pattu-pavadai,Aarna Teal Mustard Peacock Butta Pattu Pavadai,pattu-pavadai,,2199.00,1499.00,"A ready-to-wear South Indian lehenga choli set for girls in teal / mustard, finished with peacock butta detailing and a traditional woven border. Designed for festivals, weddings, temple ceremonies and family celebrations. The set includes one choli and one lehenga.",Art Silk Jacquard,"Dry clean recommended. Store folded in a cool, dry place.",Aarna Teal Mustard Peacock Butta Pattu Pavadai for Girls | AMZIRA,"Shop Aarna Teal Mustard Peacock Butta Pattu Pavadai, a ready-to-wear South Indian festive lehenga choli for girls aged 0-10 years.",kids_girls,AMZIRA Heritage Work,girls-lehenga-choli|south-indian|pattu-pavadai|festive|ready-to-wear,active,false,false,true,festival|wedding|temple-ceremony|birthday,https://cdn.amzira.com/catalog/aarna-teal-mustard-peacock-butta-pattu-pavadai/01.webp|https://cdn.amzira.com/catalog/aarna-teal-mustard-peacock-butta-pattu-pavadai/02.webp|https://cdn.amzira.com/catalog/aarna-teal-mustard-peacock-butta-pattu-pavadai/03.webp|https://cdn.amzira.com/catalog/aarna-teal-mustard-peacock-butta-pattu-pavadai/04.webp|https://cdn.amzira.com/catalog/aarna-teal-mustard-peacock-butta-pattu-pavadai/05.webp|https://cdn.amzira.com/catalog/aarna-teal-mustard-peacock-butta-pattu-pavadai/06.webp,KLC-TEAL-MUS-PEACOCKPOTWORK-00-0446-26,6-7Y,Teal / Mustard,3,0.00,true,amzira_local_inventory,455-Work/12,KLC-TEAL-MUS-PEACOCKPOTWORK-00-0446
aarna-teal-mustard-peacock-butta-pattu-pavadai,Aarna Teal Mustard Peacock Butta Pattu Pavadai,pattu-pavadai,,2199.00,1499.00,"A ready-to-wear South Indian lehenga choli set for girls in teal / mustard, finished with peacock butta detailing and a traditional woven border. Designed for festivals, weddings, temple ceremonies and family celebrations. The set includes one choli and one lehenga.",Art Silk Jacquard,"Dry clean recommended. Store folded in a cool, dry place.",Aarna Teal Mustard Peacock Butta Pattu Pavadai for Girls | AMZIRA,"Shop Aarna Teal Mustard Peacock Butta Pattu Pavadai, a ready-to-wear South Indian festive lehenga choli for girls aged 0-10 years.",kids_girls,AMZIRA Heritage Work,girls-lehenga-choli|south-indian|pattu-pavadai|festive|ready-to-wear,active,false,false,true,festival|wedding|temple-ceremony|birthday,https://cdn.amzira.com/catalog/aarna-teal-mustard-peacock-butta-pattu-pavadai/01.webp|https://cdn.amzira.com/catalog/aarna-teal-mustard-peacock-butta-pattu-pavadai/02.webp|https://cdn.amzira.com/catalog/aarna-teal-mustard-peacock-butta-pattu-pavadai/03.webp|https://cdn.amzira.com/catalog/aarna-teal-mustard-peacock-butta-pattu-pavadai/04.webp|https://cdn.amzira.com/catalog/aarna-teal-mustard-peacock-butta-pattu-pavadai/05.webp|https://cdn.amzira.com/catalog/aarna-teal-mustard-peacock-butta-pattu-pavadai/06.webp,KLC-TEAL-MUS-PEACOCKPOTWORK-00-0446-28,7-8Y,Teal / Mustard,3,0.00,true,amzira_local_inventory,455-Work/12,KLC-TEAL-MUS-PEACOCKPOTWORK-00-0446
aarna-teal-mustard-peacock-butta-pattu-pavadai,Aarna Teal Mustard Peacock Butta Pattu Pavadai,pattu-pavadai,,2199.00,1499.00,"A ready-to-wear South Indian lehenga choli set for girls in teal / mustard, finished with peacock butta detailing and a traditional woven border. Designed for festivals, weddings, temple ceremonies and family celebrations. The set includes one choli and one lehenga.",Art Silk Jacquard,"Dry clean recommended. Store folded in a cool, dry place.",Aarna Teal Mustard Peacock Butta Pattu Pavadai for Girls | AMZIRA,"Shop Aarna Teal Mustard Peacock Butta Pattu Pavadai, a ready-to-wear South Indian festive lehenga choli for girls aged 0-10 years.",kids_girls,AMZIRA Heritage Work,girls-lehenga-choli|south-indian|pattu-pavadai|festive|ready-to-wear,active,false,false,true,festival|wedding|temple-ceremony|birthday,https://cdn.amzira.com/catalog/aarna-teal-mustard-peacock-butta-pattu-pavadai/01.webp|https://cdn.amzira.com/catalog/aarna-teal-mustard-peacock-butta-pattu-pavadai/02.webp|https://cdn.amzira.com/catalog/aarna-teal-mustard-peacock-butta-pattu-pavadai/03.webp|https://cdn.amzira.com/catalog/aarna-teal-mustard-peacock-butta-pattu-pavadai/04.webp|https://cdn.amzira.com/catalog/aarna-teal-mustard-peacock-butta-pattu-pavadai/05.webp|https://cdn.amzira.com/catalog/aarna-teal-mustard-peacock-butta-pattu-pavadai/06.webp,KLC-TEAL-MUS-PEACOCKPOTWORK-00-0446-33,9-10Y,Teal / Mustard,4,0.00,true,amzira_local_inventory,455-Work/12,KLC-TEAL-MUS-PEACOCKPOTWORK-00-0446
avni-purple-peach-peacock-work-pattu-pavadai,Avni Purple Peach Peacock Work Pattu Pavadai,pattu-pavadai,,2199.00,1499.00,"A ready-to-wear South Indian lehenga choli set for girls in purple / peach, finished with peacock work detailing and a traditional woven border. Designed for festivals, weddings, temple ceremonies and family celebrations. The set includes one choli and one lehenga.",Art Silk Jacquard,"Dry clean recommended. Store folded in a cool, dry place.",Avni Purple Peach Peacock Work Pattu Pavadai for Girls | AMZIRA,"Shop Avni Purple Peach Peacock Work Pattu Pavadai, a ready-to-wear South Indian festive lehenga choli for girls aged 0-10 years.",kids_girls,AMZIRA Heritage Work,girls-lehenga-choli|south-indian|pattu-pavadai|festive|ready-to-wear,active,false,false,true,festival|wedding|temple-ceremony|birthday,https://cdn.amzira.com/catalog/avni-purple-peach-peacock-work-pattu-pavadai/01.webp|https://cdn.amzira.com/catalog/avni-purple-peach-peacock-work-pattu-pavadai/02.webp|https://cdn.amzira.com/catalog/avni-purple-peach-peacock-work-pattu-pavadai/03.webp|https://cdn.amzira.com/catalog/avni-purple-peach-peacock-work-pattu-pavadai/04.webp|https://cdn.amzira.com/catalog/avni-purple-peach-peacock-work-pattu-pavadai/05.webp|https://cdn.amzira.com/catalog/avni-purple-peach-peacock-work-pattu-pavadai/06.webp,KLC-PUR-PCH-PEACOCKWORK-00-0445-18,1-2Y,Purple / Peach,1,0.00,true,amzira_local_inventory,455-Work/13,KLC-PUR-PCH-PEACOCKWORK-00-0445
avni-purple-peach-peacock-work-pattu-pavadai,Avni Purple Peach Peacock Work Pattu Pavadai,pattu-pavadai,,2199.00,1499.00,"A ready-to-wear South Indian lehenga choli set for girls in purple / peach, finished with peacock work detailing and a traditional woven border. Designed for festivals, weddings, temple ceremonies and family celebrations. The set includes one choli and one lehenga.",Art Silk Jacquard,"Dry clean recommended. Store folded in a cool, dry place.",Avni Purple Peach Peacock Work Pattu Pavadai for Girls | AMZIRA,"Shop Avni Purple Peach Peacock Work Pattu Pavadai, a ready-to-wear South Indian festive lehenga choli for girls aged 0-10 years.",kids_girls,AMZIRA Heritage Work,girls-lehenga-choli|south-indian|pattu-pavadai|festive|ready-to-wear,active,false,false,true,festival|wedding|temple-ceremony|birthday,https://cdn.amzira.com/catalog/avni-purple-peach-peacock-work-pattu-pavadai/01.webp|https://cdn.amzira.com/catalog/avni-purple-peach-peacock-work-pattu-pavadai/02.webp|https://cdn.amzira.com/catalog/avni-purple-peach-peacock-work-pattu-pavadai/03.webp|https://cdn.amzira.com/catalog/avni-purple-peach-peacock-work-pattu-pavadai/04.webp|https://cdn.amzira.com/catalog/avni-purple-peach-peacock-work-pattu-pavadai/05.webp|https://cdn.amzira.com/catalog/avni-purple-peach-peacock-work-pattu-pavadai/06.webp,KLC-PUR-PCH-PEACOCKWORK-00-0445-20,2-3Y,Purple / Peach,1,0.00,true,amzira_local_inventory,455-Work/13,KLC-PUR-PCH-PEACOCKWORK-00-0445
avni-purple-peach-peacock-work-pattu-pavadai,Avni Purple Peach Peacock Work Pattu Pavadai,pattu-pavadai,,2199.00,1499.00,"A ready-to-wear South Indian lehenga choli set for girls in purple / peach, finished with peacock work detailing and a traditional woven border. Designed for festivals, weddings, temple ceremonies and family celebrations. The set includes one choli and one lehenga.",Art Silk Jacquard,"Dry clean recommended. Store folded in a cool, dry place.",Avni Purple Peach Peacock Work Pattu Pavadai for Girls | AMZIRA,"Shop Avni Purple Peach Peacock Work Pattu Pavadai, a ready-to-wear South Indian festive lehenga choli for girls aged 0-10 years.",kids_girls,AMZIRA Heritage Work,girls-lehenga-choli|south-indian|pattu-pavadai|festive|ready-to-wear,active,false,false,true,festival|wedding|temple-ceremony|birthday,https://cdn.amzira.com/catalog/avni-purple-peach-peacock-work-pattu-pavadai/01.webp|https://cdn.amzira.com/catalog/avni-purple-peach-peacock-work-pattu-pavadai/02.webp|https://cdn.amzira.com/catalog/avni-purple-peach-peacock-work-pattu-pavadai/03.webp|https://cdn.amzira.com/catalog/avni-purple-peach-peacock-work-pattu-pavadai/04.webp|https://cdn.amzira.com/catalog/avni-purple-peach-peacock-work-pattu-pavadai/05.webp|https://cdn.amzira.com/catalog/avni-purple-peach-peacock-work-pattu-pavadai/06.webp,KLC-PUR-PCH-PEACOCKWORK-00-0445-21,3-4Y,Purple / Peach,1,0.00,true,amzira_local_inventory,455-Work/13,KLC-PUR-PCH-PEACOCKWORK-00-0445
avni-purple-peach-peacock-work-pattu-pavadai,Avni Purple Peach Peacock Work Pattu Pavadai,pattu-pavadai,,2199.00,1499.00,"A ready-to-wear South Indian lehenga choli set for girls in purple / peach, finished with peacock work detailing and a traditional woven border. Designed for festivals, weddings, temple ceremonies and family celebrations. The set includes one choli and one lehenga.",Art Silk Jacquard,"Dry clean recommended. Store folded in a cool, dry place.",Avni Purple Peach Peacock Work Pattu Pavadai for Girls | AMZIRA,"Shop Avni Purple Peach Peacock Work Pattu Pavadai, a ready-to-wear South Indian festive lehenga choli for girls aged 0-10 years.",kids_girls,AMZIRA Heritage Work,girls-lehenga-choli|south-indian|pattu-pavadai|festive|ready-to-wear,active,false,false,true,festival|wedding|temple-ceremony|birthday,https://cdn.amzira.com/catalog/avni-purple-peach-peacock-work-pattu-pavadai/01.webp|https://cdn.amzira.com/catalog/avni-purple-peach-peacock-work-pattu-pavadai/02.webp|https://cdn.amzira.com/catalog/avni-purple-peach-peacock-work-pattu-pavadai/03.webp|https://cdn.amzira.com/catalog/avni-purple-peach-peacock-work-pattu-pavadai/04.webp|https://cdn.amzira.com/catalog/avni-purple-peach-peacock-work-pattu-pavadai/05.webp|https://cdn.amzira.com/catalog/avni-purple-peach-peacock-work-pattu-pavadai/06.webp,KLC-PUR-PCH-PEACOCKWORK-00-0445-22,4-5Y,Purple / Peach,3,0.00,true,amzira_local_inventory,455-Work/13,KLC-PUR-PCH-PEACOCKWORK-00-0445
avni-purple-peach-peacock-work-pattu-pavadai,Avni Purple Peach Peacock Work Pattu Pavadai,pattu-pavadai,,2199.00,1499.00,"A ready-to-wear South Indian lehenga choli set for girls in purple / peach, finished with peacock work detailing and a traditional woven border. Designed for festivals, weddings, temple ceremonies and family celebrations. The set includes one choli and one lehenga.",Art Silk Jacquard,"Dry clean recommended. Store folded in a cool, dry place.",Avni Purple Peach Peacock Work Pattu Pavadai for Girls | AMZIRA,"Shop Avni Purple Peach Peacock Work Pattu Pavadai, a ready-to-wear South Indian festive lehenga choli for girls aged 0-10 years.",kids_girls,AMZIRA Heritage Work,girls-lehenga-choli|south-indian|pattu-pavadai|festive|ready-to-wear,active,false,false,true,festival|wedding|temple-ceremony|birthday,https://cdn.amzira.com/catalog/avni-purple-peach-peacock-work-pattu-pavadai/01.webp|https://cdn.amzira.com/catalog/avni-purple-peach-peacock-work-pattu-pavadai/02.webp|https://cdn.amzira.com/catalog/avni-purple-peach-peacock-work-pattu-pavadai/03.webp|https://cdn.amzira.com/catalog/avni-purple-peach-peacock-work-pattu-pavadai/04.webp|https://cdn.amzira.com/catalog/avni-purple-peach-peacock-work-pattu-pavadai/05.webp|https://cdn.amzira.com/catalog/avni-purple-peach-peacock-work-pattu-pavadai/06.webp,KLC-PUR-PCH-PEACOCKWORK-00-0445-24,5-6Y,Purple / Peach,3,0.00,true,amzira_local_inventory,455-Work/13,KLC-PUR-PCH-PEACOCKWORK-00-0445
avni-purple-peach-peacock-work-pattu-pavadai,Avni Purple Peach Peacock Work Pattu Pavadai,pattu-pavadai,,2199.00,1499.00,"A ready-to-wear South Indian lehenga choli set for girls in purple / peach, finished with peacock work detailing and a traditional woven border. Designed for festivals, weddings, temple ceremonies and family celebrations. The set includes one choli and one lehenga.",Art Silk Jacquard,"Dry clean recommended. Store folded in a cool, dry place.",Avni Purple Peach Peacock Work Pattu Pavadai for Girls | AMZIRA,"Shop Avni Purple Peach Peacock Work Pattu Pavadai, a ready-to-wear South Indian festive lehenga choli for girls aged 0-10 years.",kids_girls,AMZIRA Heritage Work,girls-lehenga-choli|south-indian|pattu-pavadai|festive|ready-to-wear,active,false,false,true,festival|wedding|temple-ceremony|birthday,https://cdn.amzira.com/catalog/avni-purple-peach-peacock-work-pattu-pavadai/01.webp|https://cdn.amzira.com/catalog/avni-purple-peach-peacock-work-pattu-pavadai/02.webp|https://cdn.amzira.com/catalog/avni-purple-peach-peacock-work-pattu-pavadai/03.webp|https://cdn.amzira.com/catalog/avni-purple-peach-peacock-work-pattu-pavadai/04.webp|https://cdn.amzira.com/catalog/avni-purple-peach-peacock-work-pattu-pavadai/05.webp|https://cdn.amzira.com/catalog/avni-purple-peach-peacock-work-pattu-pavadai/06.webp,KLC-PUR-PCH-PEACOCKWORK-00-0445-26,6-7Y,Purple / Peach,3,0.00,true,amzira_local_inventory,455-Work/13,KLC-PUR-PCH-PEACOCKWORK-00-0445
avni-purple-peach-peacock-work-pattu-pavadai,Avni Purple Peach Peacock Work Pattu Pavadai,pattu-pavadai,,2199.00,1499.00,"A ready-to-wear South Indian lehenga choli set for girls in purple / peach, finished with peacock work detailing and a traditional woven border. Designed for festivals, weddings, temple ceremonies and family celebrations. The set includes one choli and one lehenga.",Art Silk Jacquard,"Dry clean recommended. Store folded in a cool, dry place.",Avni Purple Peach Peacock Work Pattu Pavadai for Girls | AMZIRA,"Shop Avni Purple Peach Peacock Work Pattu Pavadai, a ready-to-wear South Indian festive lehenga choli for girls aged 0-10 years.",kids_girls,AMZIRA Heritage Work,girls-lehenga-choli|south-indian|pattu-pavadai|festive|ready-to-wear,active,false,false,true,festival|wedding|temple-ceremony|birthday,https://cdn.amzira.com/catalog/avni-purple-peach-peacock-work-pattu-pavadai/01.webp|https://cdn.amzira.com/catalog/avni-purple-peach-peacock-work-pattu-pavadai/02.webp|https://cdn.amzira.com/catalog/avni-purple-peach-peacock-work-pattu-pavadai/03.webp|https://cdn.amzira.com/catalog/avni-purple-peach-peacock-work-pattu-pavadai/04.webp|https://cdn.amzira.com/catalog/avni-purple-peach-peacock-work-pattu-pavadai/05.webp|https://cdn.amzira.com/catalog/avni-purple-peach-peacock-work-pattu-pavadai/06.webp,KLC-PUR-PCH-PEACOCKWORK-00-0445-28,7-8Y,Purple / Peach,3,0.00,true,amzira_local_inventory,455-Work/13,KLC-PUR-PCH-PEACOCKWORK-00-0445
avni-purple-peach-peacock-work-pattu-pavadai,Avni Purple Peach Peacock Work Pattu Pavadai,pattu-pavadai,,2199.00,1499.00,"A ready-to-wear South Indian lehenga choli set for girls in purple / peach, finished with peacock work detailing and a traditional woven border. Designed for festivals, weddings, temple ceremonies and family celebrations. The set includes one choli and one lehenga.",Art Silk Jacquard,"Dry clean recommended. Store folded in a cool, dry place.",Avni Purple Peach Peacock Work Pattu Pavadai for Girls | AMZIRA,"Shop Avni Purple Peach Peacock Work Pattu Pavadai, a ready-to-wear South Indian festive lehenga choli for girls aged 0-10 years.",kids_girls,AMZIRA Heritage Work,girls-lehenga-choli|south-indian|pattu-pavadai|festive|ready-to-wear,active,false,false,true,festival|wedding|temple-ceremony|birthday,https://cdn.amzira.com/catalog/avni-purple-peach-peacock-work-pattu-pavadai/01.webp|https://cdn.amzira.com/catalog/avni-purple-peach-peacock-work-pattu-pavadai/02.webp|https://cdn.amzira.com/catalog/avni-purple-peach-peacock-work-pattu-pavadai/03.webp|https://cdn.amzira.com/catalog/avni-purple-peach-peacock-work-pattu-pavadai/04.webp|https://cdn.amzira.com/catalog/avni-purple-peach-peacock-work-pattu-pavadai/05.webp|https://cdn.amzira.com/catalog/avni-purple-peach-peacock-work-pattu-pavadai/06.webp,KLC-PUR-PCH-PEACOCKWORK-00-0445-33,9-10Y,Purple / Peach,4,0.00,true,amzira_local_inventory,455-Work/13,KLC-PUR-PCH-PEACOCKWORK-00-0445
siya-maroon-mint-tree-deer-pattu-pavadai,Siya Maroon Mint Tree Deer Pattu Pavadai,pattu-pavadai,,2199.00,1499.00,"A ready-to-wear South Indian lehenga choli set for girls in maroon / mint, finished with tree deer work detailing and a traditional woven border. Designed for festivals, weddings, temple ceremonies and family celebrations. The set includes one choli and one lehenga.",Art Silk Jacquard,"Dry clean recommended. Store folded in a cool, dry place.",Siya Maroon Mint Tree Deer Pattu Pavadai for Girls | AMZIRA,"Shop Siya Maroon Mint Tree Deer Pattu Pavadai, a ready-to-wear South Indian festive lehenga choli for girls aged 0-10 years.",kids_girls,AMZIRA Heritage Work,girls-lehenga-choli|south-indian|pattu-pavadai|festive|ready-to-wear,active,false,false,true,festival|wedding|temple-ceremony|birthday,https://cdn.amzira.com/catalog/siya-maroon-mint-tree-deer-pattu-pavadai/01.webp|https://cdn.amzira.com/catalog/siya-maroon-mint-tree-deer-pattu-pavadai/02.webp|https://cdn.amzira.com/catalog/siya-maroon-mint-tree-deer-pattu-pavadai/03.webp|https://cdn.amzira.com/catalog/siya-maroon-mint-tree-deer-pattu-pavadai/04.webp|https://cdn.amzira.com/catalog/siya-maroon-mint-tree-deer-pattu-pavadai/05.webp|https://cdn.amzira.com/catalog/siya-maroon-mint-tree-deer-pattu-pavadai/06.webp,KLC-MRN-MNT-TREEDEERWORK-00-0447-18,1-2Y,Maroon / Mint,1,0.00,true,amzira_local_inventory,455-Work/14,KLC-MRN-MNT-TREEDEERWORK-00-0447
siya-maroon-mint-tree-deer-pattu-pavadai,Siya Maroon Mint Tree Deer Pattu Pavadai,pattu-pavadai,,2199.00,1499.00,"A ready-to-wear South Indian lehenga choli set for girls in maroon / mint, finished with tree deer work detailing and a traditional woven border. Designed for festivals, weddings, temple ceremonies and family celebrations. The set includes one choli and one lehenga.",Art Silk Jacquard,"Dry clean recommended. Store folded in a cool, dry place.",Siya Maroon Mint Tree Deer Pattu Pavadai for Girls | AMZIRA,"Shop Siya Maroon Mint Tree Deer Pattu Pavadai, a ready-to-wear South Indian festive lehenga choli for girls aged 0-10 years.",kids_girls,AMZIRA Heritage Work,girls-lehenga-choli|south-indian|pattu-pavadai|festive|ready-to-wear,active,false,false,true,festival|wedding|temple-ceremony|birthday,https://cdn.amzira.com/catalog/siya-maroon-mint-tree-deer-pattu-pavadai/01.webp|https://cdn.amzira.com/catalog/siya-maroon-mint-tree-deer-pattu-pavadai/02.webp|https://cdn.amzira.com/catalog/siya-maroon-mint-tree-deer-pattu-pavadai/03.webp|https://cdn.amzira.com/catalog/siya-maroon-mint-tree-deer-pattu-pavadai/04.webp|https://cdn.amzira.com/catalog/siya-maroon-mint-tree-deer-pattu-pavadai/05.webp|https://cdn.amzira.com/catalog/siya-maroon-mint-tree-deer-pattu-pavadai/06.webp,KLC-MRN-MNT-TREEDEERWORK-00-0447-20,2-3Y,Maroon / Mint,1,0.00,true,amzira_local_inventory,455-Work/14,KLC-MRN-MNT-TREEDEERWORK-00-0447
siya-maroon-mint-tree-deer-pattu-pavadai,Siya Maroon Mint Tree Deer Pattu Pavadai,pattu-pavadai,,2199.00,1499.00,"A ready-to-wear South Indian lehenga choli set for girls in maroon / mint, finished with tree deer work detailing and a traditional woven border. Designed for festivals, weddings, temple ceremonies and family celebrations. The set includes one choli and one lehenga.",Art Silk Jacquard,"Dry clean recommended. Store folded in a cool, dry place.",Siya Maroon Mint Tree Deer Pattu Pavadai for Girls | AMZIRA,"Shop Siya Maroon Mint Tree Deer Pattu Pavadai, a ready-to-wear South Indian festive lehenga choli for girls aged 0-10 years.",kids_girls,AMZIRA Heritage Work,girls-lehenga-choli|south-indian|pattu-pavadai|festive|ready-to-wear,active,false,false,true,festival|wedding|temple-ceremony|birthday,https://cdn.amzira.com/catalog/siya-maroon-mint-tree-deer-pattu-pavadai/01.webp|https://cdn.amzira.com/catalog/siya-maroon-mint-tree-deer-pattu-pavadai/02.webp|https://cdn.amzira.com/catalog/siya-maroon-mint-tree-deer-pattu-pavadai/03.webp|https://cdn.amzira.com/catalog/siya-maroon-mint-tree-deer-pattu-pavadai/04.webp|https://cdn.amzira.com/catalog/siya-maroon-mint-tree-deer-pattu-pavadai/05.webp|https://cdn.amzira.com/catalog/siya-maroon-mint-tree-deer-pattu-pavadai/06.webp,KLC-MRN-MNT-TREEDEERWORK-00-0447-21,3-4Y,Maroon / Mint,1,0.00,true,amzira_local_inventory,455-Work/14,KLC-MRN-MNT-TREEDEERWORK-00-0447
siya-maroon-mint-tree-deer-pattu-pavadai,Siya Maroon Mint Tree Deer Pattu Pavadai,pattu-pavadai,,2199.00,1499.00,"A ready-to-wear South Indian lehenga choli set for girls in maroon / mint, finished with tree deer work detailing and a traditional woven border. Designed for festivals, weddings, temple ceremonies and family celebrations. The set includes one choli and one lehenga.",Art Silk Jacquard,"Dry clean recommended. Store folded in a cool, dry place.",Siya Maroon Mint Tree Deer Pattu Pavadai for Girls | AMZIRA,"Shop Siya Maroon Mint Tree Deer Pattu Pavadai, a ready-to-wear South Indian festive lehenga choli for girls aged 0-10 years.",kids_girls,AMZIRA Heritage Work,girls-lehenga-choli|south-indian|pattu-pavadai|festive|ready-to-wear,active,false,false,true,festival|wedding|temple-ceremony|birthday,https://cdn.amzira.com/catalog/siya-maroon-mint-tree-deer-pattu-pavadai/01.webp|https://cdn.amzira.com/catalog/siya-maroon-mint-tree-deer-pattu-pavadai/02.webp|https://cdn.amzira.com/catalog/siya-maroon-mint-tree-deer-pattu-pavadai/03.webp|https://cdn.amzira.com/catalog/siya-maroon-mint-tree-deer-pattu-pavadai/04.webp|https://cdn.amzira.com/catalog/siya-maroon-mint-tree-deer-pattu-pavadai/05.webp|https://cdn.amzira.com/catalog/siya-maroon-mint-tree-deer-pattu-pavadai/06.webp,KLC-MRN-MNT-TREEDEERWORK-00-0447-22,4-5Y,Maroon / Mint,3,0.00,true,amzira_local_inventory,455-Work/14,KLC-MRN-MNT-TREEDEERWORK-00-0447
siya-maroon-mint-tree-deer-pattu-pavadai,Siya Maroon Mint Tree Deer Pattu Pavadai,pattu-pavadai,,2199.00,1499.00,"A ready-to-wear South Indian lehenga choli set for girls in maroon / mint, finished with tree deer work detailing and a traditional woven border. Designed for festivals, weddings, temple ceremonies and family celebrations. The set includes one choli and one lehenga.",Art Silk Jacquard,"Dry clean recommended. Store folded in a cool, dry place.",Siya Maroon Mint Tree Deer Pattu Pavadai for Girls | AMZIRA,"Shop Siya Maroon Mint Tree Deer Pattu Pavadai, a ready-to-wear South Indian festive lehenga choli for girls aged 0-10 years.",kids_girls,AMZIRA Heritage Work,girls-lehenga-choli|south-indian|pattu-pavadai|festive|ready-to-wear,active,false,false,true,festival|wedding|temple-ceremony|birthday,https://cdn.amzira.com/catalog/siya-maroon-mint-tree-deer-pattu-pavadai/01.webp|https://cdn.amzira.com/catalog/siya-maroon-mint-tree-deer-pattu-pavadai/02.webp|https://cdn.amzira.com/catalog/siya-maroon-mint-tree-deer-pattu-pavadai/03.webp|https://cdn.amzira.com/catalog/siya-maroon-mint-tree-deer-pattu-pavadai/04.webp|https://cdn.amzira.com/catalog/siya-maroon-mint-tree-deer-pattu-pavadai/05.webp|https://cdn.amzira.com/catalog/siya-maroon-mint-tree-deer-pattu-pavadai/06.webp,KLC-MRN-MNT-TREEDEERWORK-00-0447-24,5-6Y,Maroon / Mint,3,0.00,true,amzira_local_inventory,455-Work/14,KLC-MRN-MNT-TREEDEERWORK-00-0447
siya-maroon-mint-tree-deer-pattu-pavadai,Siya Maroon Mint Tree Deer Pattu Pavadai,pattu-pavadai,,2199.00,1499.00,"A ready-to-wear South Indian lehenga choli set for girls in maroon / mint, finished with tree deer work detailing and a traditional woven border. Designed for festivals, weddings, temple ceremonies and family celebrations. The set includes one choli and one lehenga.",Art Silk Jacquard,"Dry clean recommended. Store folded in a cool, dry place.",Siya Maroon Mint Tree Deer Pattu Pavadai for Girls | AMZIRA,"Shop Siya Maroon Mint Tree Deer Pattu Pavadai, a ready-to-wear South Indian festive lehenga choli for girls aged 0-10 years.",kids_girls,AMZIRA Heritage Work,girls-lehenga-choli|south-indian|pattu-pavadai|festive|ready-to-wear,active,false,false,true,festival|wedding|temple-ceremony|birthday,https://cdn.amzira.com/catalog/siya-maroon-mint-tree-deer-pattu-pavadai/01.webp|https://cdn.amzira.com/catalog/siya-maroon-mint-tree-deer-pattu-pavadai/02.webp|https://cdn.amzira.com/catalog/siya-maroon-mint-tree-deer-pattu-pavadai/03.webp|https://cdn.amzira.com/catalog/siya-maroon-mint-tree-deer-pattu-pavadai/04.webp|https://cdn.amzira.com/catalog/siya-maroon-mint-tree-deer-pattu-pavadai/05.webp|https://cdn.amzira.com/catalog/siya-maroon-mint-tree-deer-pattu-pavadai/06.webp,KLC-MRN-MNT-TREEDEERWORK-00-0447-26,6-7Y,Maroon / Mint,3,0.00,true,amzira_local_inventory,455-Work/14,KLC-MRN-MNT-TREEDEERWORK-00-0447
siya-maroon-mint-tree-deer-pattu-pavadai,Siya Maroon Mint Tree Deer Pattu Pavadai,pattu-pavadai,,2199.00,1499.00,"A ready-to-wear South Indian lehenga choli set for girls in maroon / mint, finished with tree deer work detailing and a traditional woven border. Designed for festivals, weddings, temple ceremonies and family celebrations. The set includes one choli and one lehenga.",Art Silk Jacquard,"Dry clean recommended. Store folded in a cool, dry place.",Siya Maroon Mint Tree Deer Pattu Pavadai for Girls | AMZIRA,"Shop Siya Maroon Mint Tree Deer Pattu Pavadai, a ready-to-wear South Indian festive lehenga choli for girls aged 0-10 years.",kids_girls,AMZIRA Heritage Work,girls-lehenga-choli|south-indian|pattu-pavadai|festive|ready-to-wear,active,false,false,true,festival|wedding|temple-ceremony|birthday,https://cdn.amzira.com/catalog/siya-maroon-mint-tree-deer-pattu-pavadai/01.webp|https://cdn.amzira.com/catalog/siya-maroon-mint-tree-deer-pattu-pavadai/02.webp|https://cdn.amzira.com/catalog/siya-maroon-mint-tree-deer-pattu-pavadai/03.webp|https://cdn.amzira.com/catalog/siya-maroon-mint-tree-deer-pattu-pavadai/04.webp|https://cdn.amzira.com/catalog/siya-maroon-mint-tree-deer-pattu-pavadai/05.webp|https://cdn.amzira.com/catalog/siya-maroon-mint-tree-deer-pattu-pavadai/06.webp,KLC-MRN-MNT-TREEDEERWORK-00-0447-28,7-8Y,Maroon / Mint,3,0.00,true,amzira_local_inventory,455-Work/14,KLC-MRN-MNT-TREEDEERWORK-00-0447
siya-maroon-mint-tree-deer-pattu-pavadai,Siya Maroon Mint Tree Deer Pattu Pavadai,pattu-pavadai,,2199.00,1499.00,"A ready-to-wear South Indian lehenga choli set for girls in maroon / mint, finished with tree deer work detailing and a traditional woven border. Designed for festivals, weddings, temple ceremonies and family celebrations. The set includes one choli and one lehenga.",Art Silk Jacquard,"Dry clean recommended. Store folded in a cool, dry place.",Siya Maroon Mint Tree Deer Pattu Pavadai for Girls | AMZIRA,"Shop Siya Maroon Mint Tree Deer Pattu Pavadai, a ready-to-wear South Indian festive lehenga choli for girls aged 0-10 years.",kids_girls,AMZIRA Heritage Work,girls-lehenga-choli|south-indian|pattu-pavadai|festive|ready-to-wear,active,false,false,true,festival|wedding|temple-ceremony|birthday,https://cdn.amzira.com/catalog/siya-maroon-mint-tree-deer-pattu-pavadai/01.webp|https://cdn.amzira.com/catalog/siya-maroon-mint-tree-deer-pattu-pavadai/02.webp|https://cdn.amzira.com/catalog/siya-maroon-mint-tree-deer-pattu-pavadai/03.webp|https://cdn.amzira.com/catalog/siya-maroon-mint-tree-deer-pattu-pavadai/04.webp|https://cdn.amzira.com/catalog/siya-maroon-mint-tree-deer-pattu-pavadai/05.webp|https://cdn.amzira.com/catalog/siya-maroon-mint-tree-deer-pattu-pavadai/06.webp,KLC-MRN-MNT-TREEDEERWORK-00-0447-33,9-10Y,Maroon / Mint,4,0.00,true,amzira_local_inventory,455-Work/14,KLC-MRN-MNT-TREEDEERWORK-00-0447
myra-teal-pistachio-peacock-butta-pattu-pavadai,Myra Teal Pistachio Peacock Butta Pattu Pavadai,pattu-pavadai,,2199.00,1499.00,"A ready-to-wear South Indian lehenga choli set for girls in teal / pistachio, finished with peacock butta detailing and a traditional woven border. Designed for festivals, weddings, temple ceremonies and family celebrations. The set includes one choli and one lehenga.",Art Silk Jacquard,"Dry clean recommended. Store folded in a cool, dry place.",Myra Teal Pistachio Peacock Butta Pattu Pavadai for Girls | AMZIRA,"Shop Myra Teal Pistachio Peacock Butta Pattu Pavadai, a ready-to-wear South Indian festive lehenga choli for girls aged 0-10 years.",kids_girls,AMZIRA Heritage Work,girls-lehenga-choli|south-indian|pattu-pavadai|festive|ready-to-wear,active,false,false,true,festival|wedding|temple-ceremony|birthday,https://cdn.amzira.com/catalog/myra-teal-pistachio-peacock-butta-pattu-pavadai/01.webp|https://cdn.amzira.com/catalog/myra-teal-pistachio-peacock-butta-pattu-pavadai/02.webp|https://cdn.amzira.com/catalog/myra-teal-pistachio-peacock-butta-pattu-pavadai/03.webp|https://cdn.amzira.com/catalog/myra-teal-pistachio-peacock-butta-pattu-pavadai/04.webp|https://cdn.amzira.com/catalog/myra-teal-pistachio-peacock-butta-pattu-pavadai/05.webp|https://cdn.amzira.com/catalog/myra-teal-pistachio-peacock-butta-pattu-pavadai/06.webp,KLC-TEAL-PST-PEACOCKPOTWORK-00-0448-18,1-2Y,Teal / Pistachio,1,0.00,true,amzira_local_inventory,455-Work/15,KLC-TEAL-PST-PEACOCKPOTWORK-00-0448
myra-teal-pistachio-peacock-butta-pattu-pavadai,Myra Teal Pistachio Peacock Butta Pattu Pavadai,pattu-pavadai,,2199.00,1499.00,"A ready-to-wear South Indian lehenga choli set for girls in teal / pistachio, finished with peacock butta detailing and a traditional woven border. Designed for festivals, weddings, temple ceremonies and family celebrations. The set includes one choli and one lehenga.",Art Silk Jacquard,"Dry clean recommended. Store folded in a cool, dry place.",Myra Teal Pistachio Peacock Butta Pattu Pavadai for Girls | AMZIRA,"Shop Myra Teal Pistachio Peacock Butta Pattu Pavadai, a ready-to-wear South Indian festive lehenga choli for girls aged 0-10 years.",kids_girls,AMZIRA Heritage Work,girls-lehenga-choli|south-indian|pattu-pavadai|festive|ready-to-wear,active,false,false,true,festival|wedding|temple-ceremony|birthday,https://cdn.amzira.com/catalog/myra-teal-pistachio-peacock-butta-pattu-pavadai/01.webp|https://cdn.amzira.com/catalog/myra-teal-pistachio-peacock-butta-pattu-pavadai/02.webp|https://cdn.amzira.com/catalog/myra-teal-pistachio-peacock-butta-pattu-pavadai/03.webp|https://cdn.amzira.com/catalog/myra-teal-pistachio-peacock-butta-pattu-pavadai/04.webp|https://cdn.amzira.com/catalog/myra-teal-pistachio-peacock-butta-pattu-pavadai/05.webp|https://cdn.amzira.com/catalog/myra-teal-pistachio-peacock-butta-pattu-pavadai/06.webp,KLC-TEAL-PST-PEACOCKPOTWORK-00-0448-20,2-3Y,Teal / Pistachio,1,0.00,true,amzira_local_inventory,455-Work/15,KLC-TEAL-PST-PEACOCKPOTWORK-00-0448
myra-teal-pistachio-peacock-butta-pattu-pavadai,Myra Teal Pistachio Peacock Butta Pattu Pavadai,pattu-pavadai,,2199.00,1499.00,"A ready-to-wear South Indian lehenga choli set for girls in teal / pistachio, finished with peacock butta detailing and a traditional woven border. Designed for festivals, weddings, temple ceremonies and family celebrations. The set includes one choli and one lehenga.",Art Silk Jacquard,"Dry clean recommended. Store folded in a cool, dry place.",Myra Teal Pistachio Peacock Butta Pattu Pavadai for Girls | AMZIRA,"Shop Myra Teal Pistachio Peacock Butta Pattu Pavadai, a ready-to-wear South Indian festive lehenga choli for girls aged 0-10 years.",kids_girls,AMZIRA Heritage Work,girls-lehenga-choli|south-indian|pattu-pavadai|festive|ready-to-wear,active,false,false,true,festival|wedding|temple-ceremony|birthday,https://cdn.amzira.com/catalog/myra-teal-pistachio-peacock-butta-pattu-pavadai/01.webp|https://cdn.amzira.com/catalog/myra-teal-pistachio-peacock-butta-pattu-pavadai/02.webp|https://cdn.amzira.com/catalog/myra-teal-pistachio-peacock-butta-pattu-pavadai/03.webp|https://cdn.amzira.com/catalog/myra-teal-pistachio-peacock-butta-pattu-pavadai/04.webp|https://cdn.amzira.com/catalog/myra-teal-pistachio-peacock-butta-pattu-pavadai/05.webp|https://cdn.amzira.com/catalog/myra-teal-pistachio-peacock-butta-pattu-pavadai/06.webp,KLC-TEAL-PST-PEACOCKPOTWORK-00-0448-21,3-4Y,Teal / Pistachio,1,0.00,true,amzira_local_inventory,455-Work/15,KLC-TEAL-PST-PEACOCKPOTWORK-00-0448
myra-teal-pistachio-peacock-butta-pattu-pavadai,Myra Teal Pistachio Peacock Butta Pattu Pavadai,pattu-pavadai,,2199.00,1499.00,"A ready-to-wear South Indian lehenga choli set for girls in teal / pistachio, finished with peacock butta detailing and a traditional woven border. Designed for festivals, weddings, temple ceremonies and family celebrations. The set includes one choli and one lehenga.",Art Silk Jacquard,"Dry clean recommended. Store folded in a cool, dry place.",Myra Teal Pistachio Peacock Butta Pattu Pavadai for Girls | AMZIRA,"Shop Myra Teal Pistachio Peacock Butta Pattu Pavadai, a ready-to-wear South Indian festive lehenga choli for girls aged 0-10 years.",kids_girls,AMZIRA Heritage Work,girls-lehenga-choli|south-indian|pattu-pavadai|festive|ready-to-wear,active,false,false,true,festival|wedding|temple-ceremony|birthday,https://cdn.amzira.com/catalog/myra-teal-pistachio-peacock-butta-pattu-pavadai/01.webp|https://cdn.amzira.com/catalog/myra-teal-pistachio-peacock-butta-pattu-pavadai/02.webp|https://cdn.amzira.com/catalog/myra-teal-pistachio-peacock-butta-pattu-pavadai/03.webp|https://cdn.amzira.com/catalog/myra-teal-pistachio-peacock-butta-pattu-pavadai/04.webp|https://cdn.amzira.com/catalog/myra-teal-pistachio-peacock-butta-pattu-pavadai/05.webp|https://cdn.amzira.com/catalog/myra-teal-pistachio-peacock-butta-pattu-pavadai/06.webp,KLC-TEAL-PST-PEACOCKPOTWORK-00-0448-22,4-5Y,Teal / Pistachio,3,0.00,true,amzira_local_inventory,455-Work/15,KLC-TEAL-PST-PEACOCKPOTWORK-00-0448
myra-teal-pistachio-peacock-butta-pattu-pavadai,Myra Teal Pistachio Peacock Butta Pattu Pavadai,pattu-pavadai,,2199.00,1499.00,"A ready-to-wear South Indian lehenga choli set for girls in teal / pistachio, finished with peacock butta detailing and a traditional woven border. Designed for festivals, weddings, temple ceremonies and family celebrations. The set includes one choli and one lehenga.",Art Silk Jacquard,"Dry clean recommended. Store folded in a cool, dry place.",Myra Teal Pistachio Peacock Butta Pattu Pavadai for Girls | AMZIRA,"Shop Myra Teal Pistachio Peacock Butta Pattu Pavadai, a ready-to-wear South Indian festive lehenga choli for girls aged 0-10 years.",kids_girls,AMZIRA Heritage Work,girls-lehenga-choli|south-indian|pattu-pavadai|festive|ready-to-wear,active,false,false,true,festival|wedding|temple-ceremony|birthday,https://cdn.amzira.com/catalog/myra-teal-pistachio-peacock-butta-pattu-pavadai/01.webp|https://cdn.amzira.com/catalog/myra-teal-pistachio-peacock-butta-pattu-pavadai/02.webp|https://cdn.amzira.com/catalog/myra-teal-pistachio-peacock-butta-pattu-pavadai/03.webp|https://cdn.amzira.com/catalog/myra-teal-pistachio-peacock-butta-pattu-pavadai/04.webp|https://cdn.amzira.com/catalog/myra-teal-pistachio-peacock-butta-pattu-pavadai/05.webp|https://cdn.amzira.com/catalog/myra-teal-pistachio-peacock-butta-pattu-pavadai/06.webp,KLC-TEAL-PST-PEACOCKPOTWORK-00-0448-24,5-6Y,Teal / Pistachio,3,0.00,true,amzira_local_inventory,455-Work/15,KLC-TEAL-PST-PEACOCKPOTWORK-00-0448
myra-teal-pistachio-peacock-butta-pattu-pavadai,Myra Teal Pistachio Peacock Butta Pattu Pavadai,pattu-pavadai,,2199.00,1499.00,"A ready-to-wear South Indian lehenga choli set for girls in teal / pistachio, finished with peacock butta detailing and a traditional woven border. Designed for festivals, weddings, temple ceremonies and family celebrations. The set includes one choli and one lehenga.",Art Silk Jacquard,"Dry clean recommended. Store folded in a cool, dry place.",Myra Teal Pistachio Peacock Butta Pattu Pavadai for Girls | AMZIRA,"Shop Myra Teal Pistachio Peacock Butta Pattu Pavadai, a ready-to-wear South Indian festive lehenga choli for girls aged 0-10 years.",kids_girls,AMZIRA Heritage Work,girls-lehenga-choli|south-indian|pattu-pavadai|festive|ready-to-wear,active,false,false,true,festival|wedding|temple-ceremony|birthday,https://cdn.amzira.com/catalog/myra-teal-pistachio-peacock-butta-pattu-pavadai/01.webp|https://cdn.amzira.com/catalog/myra-teal-pistachio-peacock-butta-pattu-pavadai/02.webp|https://cdn.amzira.com/catalog/myra-teal-pistachio-peacock-butta-pattu-pavadai/03.webp|https://cdn.amzira.com/catalog/myra-teal-pistachio-peacock-butta-pattu-pavadai/04.webp|https://cdn.amzira.com/catalog/myra-teal-pistachio-peacock-butta-pattu-pavadai/05.webp|https://cdn.amzira.com/catalog/myra-teal-pistachio-peacock-butta-pattu-pavadai/06.webp,KLC-TEAL-PST-PEACOCKPOTWORK-00-0448-26,6-7Y,Teal / Pistachio,3,0.00,true,amzira_local_inventory,455-Work/15,KLC-TEAL-PST-PEACOCKPOTWORK-00-0448
myra-teal-pistachio-peacock-butta-pattu-pavadai,Myra Teal Pistachio Peacock Butta Pattu Pavadai,pattu-pavadai,,2199.00,1499.00,"A ready-to-wear South Indian lehenga choli set for girls in teal / pistachio, finished with peacock butta detailing and a traditional woven border. Designed for festivals, weddings, temple ceremonies and family celebrations. The set includes one choli and one lehenga.",Art Silk Jacquard,"Dry clean recommended. Store folded in a cool, dry place.",Myra Teal Pistachio Peacock Butta Pattu Pavadai for Girls | AMZIRA,"Shop Myra Teal Pistachio Peacock Butta Pattu Pavadai, a ready-to-wear South Indian festive lehenga choli for girls aged 0-10 years.",kids_girls,AMZIRA Heritage Work,girls-lehenga-choli|south-indian|pattu-pavadai|festive|ready-to-wear,active,false,false,true,festival|wedding|temple-ceremony|birthday,https://cdn.amzira.com/catalog/myra-teal-pistachio-peacock-butta-pattu-pavadai/01.webp|https://cdn.amzira.com/catalog/myra-teal-pistachio-peacock-butta-pattu-pavadai/02.webp|https://cdn.amzira.com/catalog/myra-teal-pistachio-peacock-butta-pattu-pavadai/03.webp|https://cdn.amzira.com/catalog/myra-teal-pistachio-peacock-butta-pattu-pavadai/04.webp|https://cdn.amzira.com/catalog/myra-teal-pistachio-peacock-butta-pattu-pavadai/05.webp|https://cdn.amzira.com/catalog/myra-teal-pistachio-peacock-butta-pattu-pavadai/06.webp,KLC-TEAL-PST-PEACOCKPOTWORK-00-0448-28,7-8Y,Teal / Pistachio,3,0.00,true,amzira_local_inventory,455-Work/15,KLC-TEAL-PST-PEACOCKPOTWORK-00-0448
myra-teal-pistachio-peacock-butta-pattu-pavadai,Myra Teal Pistachio Peacock Butta Pattu Pavadai,pattu-pavadai,,2199.00,1499.00,"A ready-to-wear South Indian lehenga choli set for girls in teal / pistachio, finished with peacock butta detailing and a traditional woven border. Designed for festivals, weddings, temple ceremonies and family celebrations. The set includes one choli and one lehenga.",Art Silk Jacquard,"Dry clean recommended. Store folded in a cool, dry place.",Myra Teal Pistachio Peacock Butta Pattu Pavadai for Girls | AMZIRA,"Shop Myra Teal Pistachio Peacock Butta Pattu Pavadai, a ready-to-wear South Indian festive lehenga choli for girls aged 0-10 years.",kids_girls,AMZIRA Heritage Work,girls-lehenga-choli|south-indian|pattu-pavadai|festive|ready-to-wear,active,false,false,true,festival|wedding|temple-ceremony|birthday,https://cdn.amzira.com/catalog/myra-teal-pistachio-peacock-butta-pattu-pavadai/01.webp|https://cdn.amzira.com/catalog/myra-teal-pistachio-peacock-butta-pattu-pavadai/02.webp|https://cdn.amzira.com/catalog/myra-teal-pistachio-peacock-butta-pattu-pavadai/03.webp|https://cdn.amzira.com/catalog/myra-teal-pistachio-peacock-butta-pattu-pavadai/04.webp|https://cdn.amzira.com/catalog/myra-teal-pistachio-peacock-butta-pattu-pavadai/05.webp|https://cdn.amzira.com/catalog/myra-teal-pistachio-peacock-butta-pattu-pavadai/06.webp,KLC-TEAL-PST-PEACOCKPOTWORK-00-0448-33,9-10Y,Teal / Pistachio,4,0.00,true,amzira_local_inventory,455-Work/15,KLC-TEAL-PST-PEACOCKPOTWORK-00-0448
prisha-purple-green-peacock-butta-pattu-pavadai,Prisha Purple Green Peacock Butta Pattu Pavadai,pattu-pavadai,,2199.00,1499.00,"A ready-to-wear South Indian lehenga choli set for girls in purple / green, finished with peacock butta detailing and a traditional woven border. Designed for festivals, weddings, temple ceremonies and family celebrations. The set includes one choli and one lehenga.",Art Silk Jacquard,"Dry clean recommended. Store folded in a cool, dry place.",Prisha Purple Green Peacock Butta Pattu Pavadai for Girls | AMZIRA,"Shop Prisha Purple Green Peacock Butta Pattu Pavadai, a ready-to-wear South Indian festive lehenga choli for girls aged 0-10 years.",kids_girls,AMZIRA Heritage Work,girls-lehenga-choli|south-indian|pattu-pavadai|festive|ready-to-wear,active,false,false,true,festival|wedding|temple-ceremony|birthday,https://cdn.amzira.com/catalog/prisha-purple-green-peacock-butta-pattu-pavadai/01.webp|https://cdn.amzira.com/catalog/prisha-purple-green-peacock-butta-pattu-pavadai/02.webp|https://cdn.amzira.com/catalog/prisha-purple-green-peacock-butta-pattu-pavadai/03.webp|https://cdn.amzira.com/catalog/prisha-purple-green-peacock-butta-pattu-pavadai/04.webp|https://cdn.amzira.com/catalog/prisha-purple-green-peacock-butta-pattu-pavadai/05.webp|https://cdn.amzira.com/catalog/prisha-purple-green-peacock-butta-pattu-pavadai/06.webp,KLC-PUR-GRN-PEACOCKPOTWORK-00-0451-18,1-2Y,Purple / Green,1,0.00,true,amzira_local_inventory,455-Work/16,KLC-PUR-GRN-PEACOCKPOTWORK-00-0451
prisha-purple-green-peacock-butta-pattu-pavadai,Prisha Purple Green Peacock Butta Pattu Pavadai,pattu-pavadai,,2199.00,1499.00,"A ready-to-wear South Indian lehenga choli set for girls in purple / green, finished with peacock butta detailing and a traditional woven border. Designed for festivals, weddings, temple ceremonies and family celebrations. The set includes one choli and one lehenga.",Art Silk Jacquard,"Dry clean recommended. Store folded in a cool, dry place.",Prisha Purple Green Peacock Butta Pattu Pavadai for Girls | AMZIRA,"Shop Prisha Purple Green Peacock Butta Pattu Pavadai, a ready-to-wear South Indian festive lehenga choli for girls aged 0-10 years.",kids_girls,AMZIRA Heritage Work,girls-lehenga-choli|south-indian|pattu-pavadai|festive|ready-to-wear,active,false,false,true,festival|wedding|temple-ceremony|birthday,https://cdn.amzira.com/catalog/prisha-purple-green-peacock-butta-pattu-pavadai/01.webp|https://cdn.amzira.com/catalog/prisha-purple-green-peacock-butta-pattu-pavadai/02.webp|https://cdn.amzira.com/catalog/prisha-purple-green-peacock-butta-pattu-pavadai/03.webp|https://cdn.amzira.com/catalog/prisha-purple-green-peacock-butta-pattu-pavadai/04.webp|https://cdn.amzira.com/catalog/prisha-purple-green-peacock-butta-pattu-pavadai/05.webp|https://cdn.amzira.com/catalog/prisha-purple-green-peacock-butta-pattu-pavadai/06.webp,KLC-PUR-GRN-PEACOCKPOTWORK-00-0451-20,2-3Y,Purple / Green,1,0.00,true,amzira_local_inventory,455-Work/16,KLC-PUR-GRN-PEACOCKPOTWORK-00-0451
prisha-purple-green-peacock-butta-pattu-pavadai,Prisha Purple Green Peacock Butta Pattu Pavadai,pattu-pavadai,,2199.00,1499.00,"A ready-to-wear South Indian lehenga choli set for girls in purple / green, finished with peacock butta detailing and a traditional woven border. Designed for festivals, weddings, temple ceremonies and family celebrations. The set includes one choli and one lehenga.",Art Silk Jacquard,"Dry clean recommended. Store folded in a cool, dry place.",Prisha Purple Green Peacock Butta Pattu Pavadai for Girls | AMZIRA,"Shop Prisha Purple Green Peacock Butta Pattu Pavadai, a ready-to-wear South Indian festive lehenga choli for girls aged 0-10 years.",kids_girls,AMZIRA Heritage Work,girls-lehenga-choli|south-indian|pattu-pavadai|festive|ready-to-wear,active,false,false,true,festival|wedding|temple-ceremony|birthday,https://cdn.amzira.com/catalog/prisha-purple-green-peacock-butta-pattu-pavadai/01.webp|https://cdn.amzira.com/catalog/prisha-purple-green-peacock-butta-pattu-pavadai/02.webp|https://cdn.amzira.com/catalog/prisha-purple-green-peacock-butta-pattu-pavadai/03.webp|https://cdn.amzira.com/catalog/prisha-purple-green-peacock-butta-pattu-pavadai/04.webp|https://cdn.amzira.com/catalog/prisha-purple-green-peacock-butta-pattu-pavadai/05.webp|https://cdn.amzira.com/catalog/prisha-purple-green-peacock-butta-pattu-pavadai/06.webp,KLC-PUR-GRN-PEACOCKPOTWORK-00-0451-21,3-4Y,Purple / Green,1,0.00,true,amzira_local_inventory,455-Work/16,KLC-PUR-GRN-PEACOCKPOTWORK-00-0451
prisha-purple-green-peacock-butta-pattu-pavadai,Prisha Purple Green Peacock Butta Pattu Pavadai,pattu-pavadai,,2199.00,1499.00,"A ready-to-wear South Indian lehenga choli set for girls in purple / green, finished with peacock butta detailing and a traditional woven border. Designed for festivals, weddings, temple ceremonies and family celebrations. The set includes one choli and one lehenga.",Art Silk Jacquard,"Dry clean recommended. Store folded in a cool, dry place.",Prisha Purple Green Peacock Butta Pattu Pavadai for Girls | AMZIRA,"Shop Prisha Purple Green Peacock Butta Pattu Pavadai, a ready-to-wear South Indian festive lehenga choli for girls aged 0-10 years.",kids_girls,AMZIRA Heritage Work,girls-lehenga-choli|south-indian|pattu-pavadai|festive|ready-to-wear,active,false,false,true,festival|wedding|temple-ceremony|birthday,https://cdn.amzira.com/catalog/prisha-purple-green-peacock-butta-pattu-pavadai/01.webp|https://cdn.amzira.com/catalog/prisha-purple-green-peacock-butta-pattu-pavadai/02.webp|https://cdn.amzira.com/catalog/prisha-purple-green-peacock-butta-pattu-pavadai/03.webp|https://cdn.amzira.com/catalog/prisha-purple-green-peacock-butta-pattu-pavadai/04.webp|https://cdn.amzira.com/catalog/prisha-purple-green-peacock-butta-pattu-pavadai/05.webp|https://cdn.amzira.com/catalog/prisha-purple-green-peacock-butta-pattu-pavadai/06.webp,KLC-PUR-GRN-PEACOCKPOTWORK-00-0451-22,4-5Y,Purple / Green,3,0.00,true,amzira_local_inventory,455-Work/16,KLC-PUR-GRN-PEACOCKPOTWORK-00-0451
prisha-purple-green-peacock-butta-pattu-pavadai,Prisha Purple Green Peacock Butta Pattu Pavadai,pattu-pavadai,,2199.00,1499.00,"A ready-to-wear South Indian lehenga choli set for girls in purple / green, finished with peacock butta detailing and a traditional woven border. Designed for festivals, weddings, temple ceremonies and family celebrations. The set includes one choli and one lehenga.",Art Silk Jacquard,"Dry clean recommended. Store folded in a cool, dry place.",Prisha Purple Green Peacock Butta Pattu Pavadai for Girls | AMZIRA,"Shop Prisha Purple Green Peacock Butta Pattu Pavadai, a ready-to-wear South Indian festive lehenga choli for girls aged 0-10 years.",kids_girls,AMZIRA Heritage Work,girls-lehenga-choli|south-indian|pattu-pavadai|festive|ready-to-wear,active,false,false,true,festival|wedding|temple-ceremony|birthday,https://cdn.amzira.com/catalog/prisha-purple-green-peacock-butta-pattu-pavadai/01.webp|https://cdn.amzira.com/catalog/prisha-purple-green-peacock-butta-pattu-pavadai/02.webp|https://cdn.amzira.com/catalog/prisha-purple-green-peacock-butta-pattu-pavadai/03.webp|https://cdn.amzira.com/catalog/prisha-purple-green-peacock-butta-pattu-pavadai/04.webp|https://cdn.amzira.com/catalog/prisha-purple-green-peacock-butta-pattu-pavadai/05.webp|https://cdn.amzira.com/catalog/prisha-purple-green-peacock-butta-pattu-pavadai/06.webp,KLC-PUR-GRN-PEACOCKPOTWORK-00-0451-24,5-6Y,Purple / Green,3,0.00,true,amzira_local_inventory,455-Work/16,KLC-PUR-GRN-PEACOCKPOTWORK-00-0451
prisha-purple-green-peacock-butta-pattu-pavadai,Prisha Purple Green Peacock Butta Pattu Pavadai,pattu-pavadai,,2199.00,1499.00,"A ready-to-wear South Indian lehenga choli set for girls in purple / green, finished with peacock butta detailing and a traditional woven border. Designed for festivals, weddings, temple ceremonies and family celebrations. The set includes one choli and one lehenga.",Art Silk Jacquard,"Dry clean recommended. Store folded in a cool, dry place.",Prisha Purple Green Peacock Butta Pattu Pavadai for Girls | AMZIRA,"Shop Prisha Purple Green Peacock Butta Pattu Pavadai, a ready-to-wear South Indian festive lehenga choli for girls aged 0-10 years.",kids_girls,AMZIRA Heritage Work,girls-lehenga-choli|south-indian|pattu-pavadai|festive|ready-to-wear,active,false,false,true,festival|wedding|temple-ceremony|birthday,https://cdn.amzira.com/catalog/prisha-purple-green-peacock-butta-pattu-pavadai/01.webp|https://cdn.amzira.com/catalog/prisha-purple-green-peacock-butta-pattu-pavadai/02.webp|https://cdn.amzira.com/catalog/prisha-purple-green-peacock-butta-pattu-pavadai/03.webp|https://cdn.amzira.com/catalog/prisha-purple-green-peacock-butta-pattu-pavadai/04.webp|https://cdn.amzira.com/catalog/prisha-purple-green-peacock-butta-pattu-pavadai/05.webp|https://cdn.amzira.com/catalog/prisha-purple-green-peacock-butta-pattu-pavadai/06.webp,KLC-PUR-GRN-PEACOCKPOTWORK-00-0451-26,6-7Y,Purple / Green,3,0.00,true,amzira_local_inventory,455-Work/16,KLC-PUR-GRN-PEACOCKPOTWORK-00-0451
prisha-purple-green-peacock-butta-pattu-pavadai,Prisha Purple Green Peacock Butta Pattu Pavadai,pattu-pavadai,,2199.00,1499.00,"A ready-to-wear South Indian lehenga choli set for girls in purple / green, finished with peacock butta detailing and a traditional woven border. Designed for festivals, weddings, temple ceremonies and family celebrations. The set includes one choli and one lehenga.",Art Silk Jacquard,"Dry clean recommended. Store folded in a cool, dry place.",Prisha Purple Green Peacock Butta Pattu Pavadai for Girls | AMZIRA,"Shop Prisha Purple Green Peacock Butta Pattu Pavadai, a ready-to-wear South Indian festive lehenga choli for girls aged 0-10 years.",kids_girls,AMZIRA Heritage Work,girls-lehenga-choli|south-indian|pattu-pavadai|festive|ready-to-wear,active,false,false,true,festival|wedding|temple-ceremony|birthday,https://cdn.amzira.com/catalog/prisha-purple-green-peacock-butta-pattu-pavadai/01.webp|https://cdn.amzira.com/catalog/prisha-purple-green-peacock-butta-pattu-pavadai/02.webp|https://cdn.amzira.com/catalog/prisha-purple-green-peacock-butta-pattu-pavadai/03.webp|https://cdn.amzira.com/catalog/prisha-purple-green-peacock-butta-pattu-pavadai/04.webp|https://cdn.amzira.com/catalog/prisha-purple-green-peacock-butta-pattu-pavadai/05.webp|https://cdn.amzira.com/catalog/prisha-purple-green-peacock-butta-pattu-pavadai/06.webp,KLC-PUR-GRN-PEACOCKPOTWORK-00-0451-28,7-8Y,Purple / Green,3,0.00,true,amzira_local_inventory,455-Work/16,KLC-PUR-GRN-PEACOCKPOTWORK-00-0451
prisha-purple-green-peacock-butta-pattu-pavadai,Prisha Purple Green Peacock Butta Pattu Pavadai,pattu-pavadai,,2199.00,1499.00,"A ready-to-wear South Indian lehenga choli set for girls in purple / green, finished with peacock butta detailing and a traditional woven border. Designed for festivals, weddings, temple ceremonies and family celebrations. The set includes one choli and one lehenga.",Art Silk Jacquard,"Dry clean recommended. Store folded in a cool, dry place.",Prisha Purple Green Peacock Butta Pattu Pavadai for Girls | AMZIRA,"Shop Prisha Purple Green Peacock Butta Pattu Pavadai, a ready-to-wear South Indian festive lehenga choli for girls aged 0-10 years.",kids_girls,AMZIRA Heritage Work,girls-lehenga-choli|south-indian|pattu-pavadai|festive|ready-to-wear,active,false,false,true,festival|wedding|temple-ceremony|birthday,https://cdn.amzira.com/catalog/prisha-purple-green-peacock-butta-pattu-pavadai/01.webp|https://cdn.amzira.com/catalog/prisha-purple-green-peacock-butta-pattu-pavadai/02.webp|https://cdn.amzira.com/catalog/prisha-purple-green-peacock-butta-pattu-pavadai/03.webp|https://cdn.amzira.com/catalog/prisha-purple-green-peacock-butta-pattu-pavadai/04.webp|https://cdn.amzira.com/catalog/prisha-purple-green-peacock-butta-pattu-pavadai/05.webp|https://cdn.amzira.com/catalog/prisha-purple-green-peacock-butta-pattu-pavadai/06.webp,KLC-PUR-GRN-PEACOCKPOTWORK-00-0451-33,9-10Y,Purple / Green,3,0.00,true,amzira_local_inventory,455-Work/16,KLC-PUR-GRN-PEACOCKPOTWORK-00-0451
aaradhya-cream-pink-tree-deer-pattu-pavadai,Aaradhya Cream Pink Tree Deer Pattu Pavadai,pattu-pavadai,,2199.00,1499.00,"A ready-to-wear South Indian lehenga choli set for girls in cream / pink, finished with tree deer work detailing and a traditional woven border. Designed for festivals, weddings, temple ceremonies and family celebrations. The set includes one choli and one lehenga.",Art Silk Jacquard,"Dry clean recommended. Store folded in a cool, dry place.",Aaradhya Cream Pink Tree Deer Pattu Pavadai for Girls | AMZIRA,"Shop Aaradhya Cream Pink Tree Deer Pattu Pavadai, a ready-to-wear South Indian festive lehenga choli for girls aged 0-10 years.",kids_girls,AMZIRA Heritage Work,girls-lehenga-choli|south-indian|pattu-pavadai|festive|ready-to-wear,active,false,false,true,festival|wedding|temple-ceremony|birthday,https://cdn.amzira.com/catalog/aaradhya-cream-pink-tree-deer-pattu-pavadai/01.webp|https://cdn.amzira.com/catalog/aaradhya-cream-pink-tree-deer-pattu-pavadai/02.webp|https://cdn.amzira.com/catalog/aaradhya-cream-pink-tree-deer-pattu-pavadai/03.webp|https://cdn.amzira.com/catalog/aaradhya-cream-pink-tree-deer-pattu-pavadai/04.webp|https://cdn.amzira.com/catalog/aaradhya-cream-pink-tree-deer-pattu-pavadai/05.webp|https://cdn.amzira.com/catalog/aaradhya-cream-pink-tree-deer-pattu-pavadai/06.webp,KLC-CRM-PNK-TREEDEERWORK-00-0452-18,1-2Y,Cream / Pink,1,0.00,true,amzira_local_inventory,455-Work/17,KLC-CRM-PNK-TREEDEERWORK-00-0452
aaradhya-cream-pink-tree-deer-pattu-pavadai,Aaradhya Cream Pink Tree Deer Pattu Pavadai,pattu-pavadai,,2199.00,1499.00,"A ready-to-wear South Indian lehenga choli set for girls in cream / pink, finished with tree deer work detailing and a traditional woven border. Designed for festivals, weddings, temple ceremonies and family celebrations. The set includes one choli and one lehenga.",Art Silk Jacquard,"Dry clean recommended. Store folded in a cool, dry place.",Aaradhya Cream Pink Tree Deer Pattu Pavadai for Girls | AMZIRA,"Shop Aaradhya Cream Pink Tree Deer Pattu Pavadai, a ready-to-wear South Indian festive lehenga choli for girls aged 0-10 years.",kids_girls,AMZIRA Heritage Work,girls-lehenga-choli|south-indian|pattu-pavadai|festive|ready-to-wear,active,false,false,true,festival|wedding|temple-ceremony|birthday,https://cdn.amzira.com/catalog/aaradhya-cream-pink-tree-deer-pattu-pavadai/01.webp|https://cdn.amzira.com/catalog/aaradhya-cream-pink-tree-deer-pattu-pavadai/02.webp|https://cdn.amzira.com/catalog/aaradhya-cream-pink-tree-deer-pattu-pavadai/03.webp|https://cdn.amzira.com/catalog/aaradhya-cream-pink-tree-deer-pattu-pavadai/04.webp|https://cdn.amzira.com/catalog/aaradhya-cream-pink-tree-deer-pattu-pavadai/05.webp|https://cdn.amzira.com/catalog/aaradhya-cream-pink-tree-deer-pattu-pavadai/06.webp,KLC-CRM-PNK-TREEDEERWORK-00-0452-20,2-3Y,Cream / Pink,1,0.00,true,amzira_local_inventory,455-Work/17,KLC-CRM-PNK-TREEDEERWORK-00-0452
aaradhya-cream-pink-tree-deer-pattu-pavadai,Aaradhya Cream Pink Tree Deer Pattu Pavadai,pattu-pavadai,,2199.00,1499.00,"A ready-to-wear South Indian lehenga choli set for girls in cream / pink, finished with tree deer work detailing and a traditional woven border. Designed for festivals, weddings, temple ceremonies and family celebrations. The set includes one choli and one lehenga.",Art Silk Jacquard,"Dry clean recommended. Store folded in a cool, dry place.",Aaradhya Cream Pink Tree Deer Pattu Pavadai for Girls | AMZIRA,"Shop Aaradhya Cream Pink Tree Deer Pattu Pavadai, a ready-to-wear South Indian festive lehenga choli for girls aged 0-10 years.",kids_girls,AMZIRA Heritage Work,girls-lehenga-choli|south-indian|pattu-pavadai|festive|ready-to-wear,active,false,false,true,festival|wedding|temple-ceremony|birthday,https://cdn.amzira.com/catalog/aaradhya-cream-pink-tree-deer-pattu-pavadai/01.webp|https://cdn.amzira.com/catalog/aaradhya-cream-pink-tree-deer-pattu-pavadai/02.webp|https://cdn.amzira.com/catalog/aaradhya-cream-pink-tree-deer-pattu-pavadai/03.webp|https://cdn.amzira.com/catalog/aaradhya-cream-pink-tree-deer-pattu-pavadai/04.webp|https://cdn.amzira.com/catalog/aaradhya-cream-pink-tree-deer-pattu-pavadai/05.webp|https://cdn.amzira.com/catalog/aaradhya-cream-pink-tree-deer-pattu-pavadai/06.webp,KLC-CRM-PNK-TREEDEERWORK-00-0452-21,3-4Y,Cream / Pink,1,0.00,true,amzira_local_inventory,455-Work/17,KLC-CRM-PNK-TREEDEERWORK-00-0452
aaradhya-cream-pink-tree-deer-pattu-pavadai,Aaradhya Cream Pink Tree Deer Pattu Pavadai,pattu-pavadai,,2199.00,1499.00,"A ready-to-wear South Indian lehenga choli set for girls in cream / pink, finished with tree deer work detailing and a traditional woven border. Designed for festivals, weddings, temple ceremonies and family celebrations. The set includes one choli and one lehenga.",Art Silk Jacquard,"Dry clean recommended. Store folded in a cool, dry place.",Aaradhya Cream Pink Tree Deer Pattu Pavadai for Girls | AMZIRA,"Shop Aaradhya Cream Pink Tree Deer Pattu Pavadai, a ready-to-wear South Indian festive lehenga choli for girls aged 0-10 years.",kids_girls,AMZIRA Heritage Work,girls-lehenga-choli|south-indian|pattu-pavadai|festive|ready-to-wear,active,false,false,true,festival|wedding|temple-ceremony|birthday,https://cdn.amzira.com/catalog/aaradhya-cream-pink-tree-deer-pattu-pavadai/01.webp|https://cdn.amzira.com/catalog/aaradhya-cream-pink-tree-deer-pattu-pavadai/02.webp|https://cdn.amzira.com/catalog/aaradhya-cream-pink-tree-deer-pattu-pavadai/03.webp|https://cdn.amzira.com/catalog/aaradhya-cream-pink-tree-deer-pattu-pavadai/04.webp|https://cdn.amzira.com/catalog/aaradhya-cream-pink-tree-deer-pattu-pavadai/05.webp|https://cdn.amzira.com/catalog/aaradhya-cream-pink-tree-deer-pattu-pavadai/06.webp,KLC-CRM-PNK-TREEDEERWORK-00-0452-22,4-5Y,Cream / Pink,3,0.00,true,amzira_local_inventory,455-Work/17,KLC-CRM-PNK-TREEDEERWORK-00-0452
aaradhya-cream-pink-tree-deer-pattu-pavadai,Aaradhya Cream Pink Tree Deer Pattu Pavadai,pattu-pavadai,,2199.00,1499.00,"A ready-to-wear South Indian lehenga choli set for girls in cream / pink, finished with tree deer work detailing and a traditional woven border. Designed for festivals, weddings, temple ceremonies and family celebrations. The set includes one choli and one lehenga.",Art Silk Jacquard,"Dry clean recommended. Store folded in a cool, dry place.",Aaradhya Cream Pink Tree Deer Pattu Pavadai for Girls | AMZIRA,"Shop Aaradhya Cream Pink Tree Deer Pattu Pavadai, a ready-to-wear South Indian festive lehenga choli for girls aged 0-10 years.",kids_girls,AMZIRA Heritage Work,girls-lehenga-choli|south-indian|pattu-pavadai|festive|ready-to-wear,active,false,false,true,festival|wedding|temple-ceremony|birthday,https://cdn.amzira.com/catalog/aaradhya-cream-pink-tree-deer-pattu-pavadai/01.webp|https://cdn.amzira.com/catalog/aaradhya-cream-pink-tree-deer-pattu-pavadai/02.webp|https://cdn.amzira.com/catalog/aaradhya-cream-pink-tree-deer-pattu-pavadai/03.webp|https://cdn.amzira.com/catalog/aaradhya-cream-pink-tree-deer-pattu-pavadai/04.webp|https://cdn.amzira.com/catalog/aaradhya-cream-pink-tree-deer-pattu-pavadai/05.webp|https://cdn.amzira.com/catalog/aaradhya-cream-pink-tree-deer-pattu-pavadai/06.webp,KLC-CRM-PNK-TREEDEERWORK-00-0452-24,5-6Y,Cream / Pink,3,0.00,true,amzira_local_inventory,455-Work/17,KLC-CRM-PNK-TREEDEERWORK-00-0452
aaradhya-cream-pink-tree-deer-pattu-pavadai,Aaradhya Cream Pink Tree Deer Pattu Pavadai,pattu-pavadai,,2199.00,1499.00,"A ready-to-wear South Indian lehenga choli set for girls in cream / pink, finished with tree deer work detailing and a traditional woven border. Designed for festivals, weddings, temple ceremonies and family celebrations. The set includes one choli and one lehenga.",Art Silk Jacquard,"Dry clean recommended. Store folded in a cool, dry place.",Aaradhya Cream Pink Tree Deer Pattu Pavadai for Girls | AMZIRA,"Shop Aaradhya Cream Pink Tree Deer Pattu Pavadai, a ready-to-wear South Indian festive lehenga choli for girls aged 0-10 years.",kids_girls,AMZIRA Heritage Work,girls-lehenga-choli|south-indian|pattu-pavadai|festive|ready-to-wear,active,false,false,true,festival|wedding|temple-ceremony|birthday,https://cdn.amzira.com/catalog/aaradhya-cream-pink-tree-deer-pattu-pavadai/01.webp|https://cdn.amzira.com/catalog/aaradhya-cream-pink-tree-deer-pattu-pavadai/02.webp|https://cdn.amzira.com/catalog/aaradhya-cream-pink-tree-deer-pattu-pavadai/03.webp|https://cdn.amzira.com/catalog/aaradhya-cream-pink-tree-deer-pattu-pavadai/04.webp|https://cdn.amzira.com/catalog/aaradhya-cream-pink-tree-deer-pattu-pavadai/05.webp|https://cdn.amzira.com/catalog/aaradhya-cream-pink-tree-deer-pattu-pavadai/06.webp,KLC-CRM-PNK-TREEDEERWORK-00-0452-26,6-7Y,Cream / Pink,3,0.00,true,amzira_local_inventory,455-Work/17,KLC-CRM-PNK-TREEDEERWORK-00-0452
aaradhya-cream-pink-tree-deer-pattu-pavadai,Aaradhya Cream Pink Tree Deer Pattu Pavadai,pattu-pavadai,,2199.00,1499.00,"A ready-to-wear South Indian lehenga choli set for girls in cream / pink, finished with tree deer work detailing and a traditional woven border. Designed for festivals, weddings, temple ceremonies and family celebrations. The set includes one choli and one lehenga.",Art Silk Jacquard,"Dry clean recommended. Store folded in a cool, dry place.",Aaradhya Cream Pink Tree Deer Pattu Pavadai for Girls | AMZIRA,"Shop Aaradhya Cream Pink Tree Deer Pattu Pavadai, a ready-to-wear South Indian festive lehenga choli for girls aged 0-10 years.",kids_girls,AMZIRA Heritage Work,girls-lehenga-choli|south-indian|pattu-pavadai|festive|ready-to-wear,active,false,false,true,festival|wedding|temple-ceremony|birthday,https://cdn.amzira.com/catalog/aaradhya-cream-pink-tree-deer-pattu-pavadai/01.webp|https://cdn.amzira.com/catalog/aaradhya-cream-pink-tree-deer-pattu-pavadai/02.webp|https://cdn.amzira.com/catalog/aaradhya-cream-pink-tree-deer-pattu-pavadai/03.webp|https://cdn.amzira.com/catalog/aaradhya-cream-pink-tree-deer-pattu-pavadai/04.webp|https://cdn.amzira.com/catalog/aaradhya-cream-pink-tree-deer-pattu-pavadai/05.webp|https://cdn.amzira.com/catalog/aaradhya-cream-pink-tree-deer-pattu-pavadai/06.webp,KLC-CRM-PNK-TREEDEERWORK-00-0452-28,7-8Y,Cream / Pink,3,0.00,true,amzira_local_inventory,455-Work/17,KLC-CRM-PNK-TREEDEERWORK-00-0452
aaradhya-cream-pink-tree-deer-pattu-pavadai,Aaradhya Cream Pink Tree Deer Pattu Pavadai,pattu-pavadai,,2199.00,1499.00,"A ready-to-wear South Indian lehenga choli set for girls in cream / pink, finished with tree deer work detailing and a traditional woven border. Designed for festivals, weddings, temple ceremonies and family celebrations. The set includes one choli and one lehenga.",Art Silk Jacquard,"Dry clean recommended. Store folded in a cool, dry place.",Aaradhya Cream Pink Tree Deer Pattu Pavadai for Girls | AMZIRA,"Shop Aaradhya Cream Pink Tree Deer Pattu Pavadai, a ready-to-wear South Indian festive lehenga choli for girls aged 0-10 years.",kids_girls,AMZIRA Heritage Work,girls-lehenga-choli|south-indian|pattu-pavadai|festive|ready-to-wear,active,false,false,true,festival|wedding|temple-ceremony|birthday,https://cdn.amzira.com/catalog/aaradhya-cream-pink-tree-deer-pattu-pavadai/01.webp|https://cdn.amzira.com/catalog/aaradhya-cream-pink-tree-deer-pattu-pavadai/02.webp|https://cdn.amzira.com/catalog/aaradhya-cream-pink-tree-deer-pattu-pavadai/03.webp|https://cdn.amzira.com/catalog/aaradhya-cream-pink-tree-deer-pattu-pavadai/04.webp|https://cdn.amzira.com/catalog/aaradhya-cream-pink-tree-deer-pattu-pavadai/05.webp|https://cdn.amzira.com/catalog/aaradhya-cream-pink-tree-deer-pattu-pavadai/06.webp,KLC-CRM-PNK-TREEDEERWORK-00-0452-33,9-10Y,Cream / Pink,3,0.00,true,amzira_local_inventory,455-Work/17,KLC-CRM-PNK-TREEDEERWORK-00-0452
navya-lime-yellow-peacock-butta-pattu-pavadai,Navya Lime Yellow Peacock Butta Pattu Pavadai,pattu-pavadai,,2199.00,1499.00,"A ready-to-wear South Indian lehenga choli set for girls in lime / yellow, finished with peacock butta detailing and a traditional woven border. Designed for festivals, weddings, temple ceremonies and family celebrations. The set includes one choli and one lehenga.",Art Silk Jacquard,"Dry clean recommended. Store folded in a cool, dry place.",Navya Lime Yellow Peacock Butta Pattu Pavadai for Girls | AMZIRA,"Shop Navya Lime Yellow Peacock Butta Pattu Pavadai, a ready-to-wear South Indian festive lehenga choli for girls aged 0-10 years.",kids_girls,AMZIRA Heritage Work,girls-lehenga-choli|south-indian|pattu-pavadai|festive|ready-to-wear,active,false,false,true,festival|wedding|temple-ceremony|birthday,https://cdn.amzira.com/catalog/navya-lime-yellow-peacock-butta-pattu-pavadai/01.webp|https://cdn.amzira.com/catalog/navya-lime-yellow-peacock-butta-pattu-pavadai/02.webp|https://cdn.amzira.com/catalog/navya-lime-yellow-peacock-butta-pattu-pavadai/03.webp|https://cdn.amzira.com/catalog/navya-lime-yellow-peacock-butta-pattu-pavadai/04.webp|https://cdn.amzira.com/catalog/navya-lime-yellow-peacock-butta-pattu-pavadai/05.webp|https://cdn.amzira.com/catalog/navya-lime-yellow-peacock-butta-pattu-pavadai/06.webp,KLC-LME-YLW-PEACOCKPOTWORK-00-0450-18,1-2Y,Lime / Yellow,1,0.00,true,amzira_local_inventory,455-Work/18,KLC-LME-YLW-PEACOCKPOTWORK-00-0450
navya-lime-yellow-peacock-butta-pattu-pavadai,Navya Lime Yellow Peacock Butta Pattu Pavadai,pattu-pavadai,,2199.00,1499.00,"A ready-to-wear South Indian lehenga choli set for girls in lime / yellow, finished with peacock butta detailing and a traditional woven border. Designed for festivals, weddings, temple ceremonies and family celebrations. The set includes one choli and one lehenga.",Art Silk Jacquard,"Dry clean recommended. Store folded in a cool, dry place.",Navya Lime Yellow Peacock Butta Pattu Pavadai for Girls | AMZIRA,"Shop Navya Lime Yellow Peacock Butta Pattu Pavadai, a ready-to-wear South Indian festive lehenga choli for girls aged 0-10 years.",kids_girls,AMZIRA Heritage Work,girls-lehenga-choli|south-indian|pattu-pavadai|festive|ready-to-wear,active,false,false,true,festival|wedding|temple-ceremony|birthday,https://cdn.amzira.com/catalog/navya-lime-yellow-peacock-butta-pattu-pavadai/01.webp|https://cdn.amzira.com/catalog/navya-lime-yellow-peacock-butta-pattu-pavadai/02.webp|https://cdn.amzira.com/catalog/navya-lime-yellow-peacock-butta-pattu-pavadai/03.webp|https://cdn.amzira.com/catalog/navya-lime-yellow-peacock-butta-pattu-pavadai/04.webp|https://cdn.amzira.com/catalog/navya-lime-yellow-peacock-butta-pattu-pavadai/05.webp|https://cdn.amzira.com/catalog/navya-lime-yellow-peacock-butta-pattu-pavadai/06.webp,KLC-LME-YLW-PEACOCKPOTWORK-00-0450-20,2-3Y,Lime / Yellow,1,0.00,true,amzira_local_inventory,455-Work/18,KLC-LME-YLW-PEACOCKPOTWORK-00-0450
navya-lime-yellow-peacock-butta-pattu-pavadai,Navya Lime Yellow Peacock Butta Pattu Pavadai,pattu-pavadai,,2199.00,1499.00,"A ready-to-wear South Indian lehenga choli set for girls in lime / yellow, finished with peacock butta detailing and a traditional woven border. Designed for festivals, weddings, temple ceremonies and family celebrations. The set includes one choli and one lehenga.",Art Silk Jacquard,"Dry clean recommended. Store folded in a cool, dry place.",Navya Lime Yellow Peacock Butta Pattu Pavadai for Girls | AMZIRA,"Shop Navya Lime Yellow Peacock Butta Pattu Pavadai, a ready-to-wear South Indian festive lehenga choli for girls aged 0-10 years.",kids_girls,AMZIRA Heritage Work,girls-lehenga-choli|south-indian|pattu-pavadai|festive|ready-to-wear,active,false,false,true,festival|wedding|temple-ceremony|birthday,https://cdn.amzira.com/catalog/navya-lime-yellow-peacock-butta-pattu-pavadai/01.webp|https://cdn.amzira.com/catalog/navya-lime-yellow-peacock-butta-pattu-pavadai/02.webp|https://cdn.amzira.com/catalog/navya-lime-yellow-peacock-butta-pattu-pavadai/03.webp|https://cdn.amzira.com/catalog/navya-lime-yellow-peacock-butta-pattu-pavadai/04.webp|https://cdn.amzira.com/catalog/navya-lime-yellow-peacock-butta-pattu-pavadai/05.webp|https://cdn.amzira.com/catalog/navya-lime-yellow-peacock-butta-pattu-pavadai/06.webp,KLC-LME-YLW-PEACOCKPOTWORK-00-0450-21,3-4Y,Lime / Yellow,1,0.00,true,amzira_local_inventory,455-Work/18,KLC-LME-YLW-PEACOCKPOTWORK-00-0450
navya-lime-yellow-peacock-butta-pattu-pavadai,Navya Lime Yellow Peacock Butta Pattu Pavadai,pattu-pavadai,,2199.00,1499.00,"A ready-to-wear South Indian lehenga choli set for girls in lime / yellow, finished with peacock butta detailing and a traditional woven border. Designed for festivals, weddings, temple ceremonies and family celebrations. The set includes one choli and one lehenga.",Art Silk Jacquard,"Dry clean recommended. Store folded in a cool, dry place.",Navya Lime Yellow Peacock Butta Pattu Pavadai for Girls | AMZIRA,"Shop Navya Lime Yellow Peacock Butta Pattu Pavadai, a ready-to-wear South Indian festive lehenga choli for girls aged 0-10 years.",kids_girls,AMZIRA Heritage Work,girls-lehenga-choli|south-indian|pattu-pavadai|festive|ready-to-wear,active,false,false,true,festival|wedding|temple-ceremony|birthday,https://cdn.amzira.com/catalog/navya-lime-yellow-peacock-butta-pattu-pavadai/01.webp|https://cdn.amzira.com/catalog/navya-lime-yellow-peacock-butta-pattu-pavadai/02.webp|https://cdn.amzira.com/catalog/navya-lime-yellow-peacock-butta-pattu-pavadai/03.webp|https://cdn.amzira.com/catalog/navya-lime-yellow-peacock-butta-pattu-pavadai/04.webp|https://cdn.amzira.com/catalog/navya-lime-yellow-peacock-butta-pattu-pavadai/05.webp|https://cdn.amzira.com/catalog/navya-lime-yellow-peacock-butta-pattu-pavadai/06.webp,KLC-LME-YLW-PEACOCKPOTWORK-00-0450-22,4-5Y,Lime / Yellow,3,0.00,true,amzira_local_inventory,455-Work/18,KLC-LME-YLW-PEACOCKPOTWORK-00-0450
navya-lime-yellow-peacock-butta-pattu-pavadai,Navya Lime Yellow Peacock Butta Pattu Pavadai,pattu-pavadai,,2199.00,1499.00,"A ready-to-wear South Indian lehenga choli set for girls in lime / yellow, finished with peacock butta detailing and a traditional woven border. Designed for festivals, weddings, temple ceremonies and family celebrations. The set includes one choli and one lehenga.",Art Silk Jacquard,"Dry clean recommended. Store folded in a cool, dry place.",Navya Lime Yellow Peacock Butta Pattu Pavadai for Girls | AMZIRA,"Shop Navya Lime Yellow Peacock Butta Pattu Pavadai, a ready-to-wear South Indian festive lehenga choli for girls aged 0-10 years.",kids_girls,AMZIRA Heritage Work,girls-lehenga-choli|south-indian|pattu-pavadai|festive|ready-to-wear,active,false,false,true,festival|wedding|temple-ceremony|birthday,https://cdn.amzira.com/catalog/navya-lime-yellow-peacock-butta-pattu-pavadai/01.webp|https://cdn.amzira.com/catalog/navya-lime-yellow-peacock-butta-pattu-pavadai/02.webp|https://cdn.amzira.com/catalog/navya-lime-yellow-peacock-butta-pattu-pavadai/03.webp|https://cdn.amzira.com/catalog/navya-lime-yellow-peacock-butta-pattu-pavadai/04.webp|https://cdn.amzira.com/catalog/navya-lime-yellow-peacock-butta-pattu-pavadai/05.webp|https://cdn.amzira.com/catalog/navya-lime-yellow-peacock-butta-pattu-pavadai/06.webp,KLC-LME-YLW-PEACOCKPOTWORK-00-0450-24,5-6Y,Lime / Yellow,3,0.00,true,amzira_local_inventory,455-Work/18,KLC-LME-YLW-PEACOCKPOTWORK-00-0450
navya-lime-yellow-peacock-butta-pattu-pavadai,Navya Lime Yellow Peacock Butta Pattu Pavadai,pattu-pavadai,,2199.00,1499.00,"A ready-to-wear South Indian lehenga choli set for girls in lime / yellow, finished with peacock butta detailing and a traditional woven border. Designed for festivals, weddings, temple ceremonies and family celebrations. The set includes one choli and one lehenga.",Art Silk Jacquard,"Dry clean recommended. Store folded in a cool, dry place.",Navya Lime Yellow Peacock Butta Pattu Pavadai for Girls | AMZIRA,"Shop Navya Lime Yellow Peacock Butta Pattu Pavadai, a ready-to-wear South Indian festive lehenga choli for girls aged 0-10 years.",kids_girls,AMZIRA Heritage Work,girls-lehenga-choli|south-indian|pattu-pavadai|festive|ready-to-wear,active,false,false,true,festival|wedding|temple-ceremony|birthday,https://cdn.amzira.com/catalog/navya-lime-yellow-peacock-butta-pattu-pavadai/01.webp|https://cdn.amzira.com/catalog/navya-lime-yellow-peacock-butta-pattu-pavadai/02.webp|https://cdn.amzira.com/catalog/navya-lime-yellow-peacock-butta-pattu-pavadai/03.webp|https://cdn.amzira.com/catalog/navya-lime-yellow-peacock-butta-pattu-pavadai/04.webp|https://cdn.amzira.com/catalog/navya-lime-yellow-peacock-butta-pattu-pavadai/05.webp|https://cdn.amzira.com/catalog/navya-lime-yellow-peacock-butta-pattu-pavadai/06.webp,KLC-LME-YLW-PEACOCKPOTWORK-00-0450-26,6-7Y,Lime / Yellow,3,0.00,true,amzira_local_inventory,455-Work/18,KLC-LME-YLW-PEACOCKPOTWORK-00-0450
navya-lime-yellow-peacock-butta-pattu-pavadai,Navya Lime Yellow Peacock Butta Pattu Pavadai,pattu-pavadai,,2199.00,1499.00,"A ready-to-wear South Indian lehenga choli set for girls in lime / yellow, finished with peacock butta detailing and a traditional woven border. Designed for festivals, weddings, temple ceremonies and family celebrations. The set includes one choli and one lehenga.",Art Silk Jacquard,"Dry clean recommended. Store folded in a cool, dry place.",Navya Lime Yellow Peacock Butta Pattu Pavadai for Girls | AMZIRA,"Shop Navya Lime Yellow Peacock Butta Pattu Pavadai, a ready-to-wear South Indian festive lehenga choli for girls aged 0-10 years.",kids_girls,AMZIRA Heritage Work,girls-lehenga-choli|south-indian|pattu-pavadai|festive|ready-to-wear,active,false,false,true,festival|wedding|temple-ceremony|birthday,https://cdn.amzira.com/catalog/navya-lime-yellow-peacock-butta-pattu-pavadai/01.webp|https://cdn.amzira.com/catalog/navya-lime-yellow-peacock-butta-pattu-pavadai/02.webp|https://cdn.amzira.com/catalog/navya-lime-yellow-peacock-butta-pattu-pavadai/03.webp|https://cdn.amzira.com/catalog/navya-lime-yellow-peacock-butta-pattu-pavadai/04.webp|https://cdn.amzira.com/catalog/navya-lime-yellow-peacock-butta-pattu-pavadai/05.webp|https://cdn.amzira.com/catalog/navya-lime-yellow-peacock-butta-pattu-pavadai/06.webp,KLC-LME-YLW-PEACOCKPOTWORK-00-0450-28,7-8Y,Lime / Yellow,3,0.00,true,amzira_local_inventory,455-Work/18,KLC-LME-YLW-PEACOCKPOTWORK-00-0450
navya-lime-yellow-peacock-butta-pattu-pavadai,Navya Lime Yellow Peacock Butta Pattu Pavadai,pattu-pavadai,,2199.00,1499.00,"A ready-to-wear South Indian lehenga choli set for girls in lime / yellow, finished with peacock butta detailing and a traditional woven border. Designed for festivals, weddings, temple ceremonies and family celebrations. The set includes one choli and one lehenga.",Art Silk Jacquard,"Dry clean recommended. Store folded in a cool, dry place.",Navya Lime Yellow Peacock Butta Pattu Pavadai for Girls | AMZIRA,"Shop Navya Lime Yellow Peacock Butta Pattu Pavadai, a ready-to-wear South Indian festive lehenga choli for girls aged 0-10 years.",kids_girls,AMZIRA Heritage Work,girls-lehenga-choli|south-indian|pattu-pavadai|festive|ready-to-wear,active,false,false,true,festival|wedding|temple-ceremony|birthday,https://cdn.amzira.com/catalog/navya-lime-yellow-peacock-butta-pattu-pavadai/01.webp|https://cdn.amzira.com/catalog/navya-lime-yellow-peacock-butta-pattu-pavadai/02.webp|https://cdn.amzira.com/catalog/navya-lime-yellow-peacock-butta-pattu-pavadai/03.webp|https://cdn.amzira.com/catalog/navya-lime-yellow-peacock-butta-pattu-pavadai/04.webp|https://cdn.amzira.com/catalog/navya-lime-yellow-peacock-butta-pattu-pavadai/05.webp|https://cdn.amzira.com/catalog/navya-lime-yellow-peacock-butta-pattu-pavadai/06.webp,KLC-LME-YLW-PEACOCKPOTWORK-00-0450-33,9-10Y,Lime / Yellow,3,0.00,true,amzira_local_inventory,455-Work/18,KLC-LME-YLW-PEACOCKPOTWORK-00-0450
anvi-green-blue-peacock-butta-pattu-pavadai,Anvi Green Blue Peacock Butta Pattu Pavadai,pattu-pavadai,,2199.00,1499.00,"A ready-to-wear South Indian lehenga choli set for girls in green / blue, finished with peacock butta detailing and a traditional woven border. Designed for festivals, weddings, temple ceremonies and family celebrations. The set includes one choli and one lehenga.",Art Silk Jacquard,"Dry clean recommended. Store folded in a cool, dry place.",Anvi Green Blue Peacock Butta Pattu Pavadai for Girls | AMZIRA,"Shop Anvi Green Blue Peacock Butta Pattu Pavadai, a ready-to-wear South Indian festive lehenga choli for girls aged 0-10 years.",kids_girls,AMZIRA Heritage Work,girls-lehenga-choli|south-indian|pattu-pavadai|festive|ready-to-wear,active,false,false,true,festival|wedding|temple-ceremony|birthday,https://cdn.amzira.com/catalog/anvi-green-blue-peacock-butta-pattu-pavadai/01.webp|https://cdn.amzira.com/catalog/anvi-green-blue-peacock-butta-pattu-pavadai/02.webp|https://cdn.amzira.com/catalog/anvi-green-blue-peacock-butta-pattu-pavadai/03.webp|https://cdn.amzira.com/catalog/anvi-green-blue-peacock-butta-pattu-pavadai/04.webp|https://cdn.amzira.com/catalog/anvi-green-blue-peacock-butta-pattu-pavadai/05.webp|https://cdn.amzira.com/catalog/anvi-green-blue-peacock-butta-pattu-pavadai/06.webp,KLC-GRN-BLU-PEACOCKPOTWORK-00-0453-18,1-2Y,Green / Blue,1,0.00,true,amzira_local_inventory,455-Work/19,KLC-GRN-BLU-PEACOCKPOTWORK-00-0453
anvi-green-blue-peacock-butta-pattu-pavadai,Anvi Green Blue Peacock Butta Pattu Pavadai,pattu-pavadai,,2199.00,1499.00,"A ready-to-wear South Indian lehenga choli set for girls in green / blue, finished with peacock butta detailing and a traditional woven border. Designed for festivals, weddings, temple ceremonies and family celebrations. The set includes one choli and one lehenga.",Art Silk Jacquard,"Dry clean recommended. Store folded in a cool, dry place.",Anvi Green Blue Peacock Butta Pattu Pavadai for Girls | AMZIRA,"Shop Anvi Green Blue Peacock Butta Pattu Pavadai, a ready-to-wear South Indian festive lehenga choli for girls aged 0-10 years.",kids_girls,AMZIRA Heritage Work,girls-lehenga-choli|south-indian|pattu-pavadai|festive|ready-to-wear,active,false,false,true,festival|wedding|temple-ceremony|birthday,https://cdn.amzira.com/catalog/anvi-green-blue-peacock-butta-pattu-pavadai/01.webp|https://cdn.amzira.com/catalog/anvi-green-blue-peacock-butta-pattu-pavadai/02.webp|https://cdn.amzira.com/catalog/anvi-green-blue-peacock-butta-pattu-pavadai/03.webp|https://cdn.amzira.com/catalog/anvi-green-blue-peacock-butta-pattu-pavadai/04.webp|https://cdn.amzira.com/catalog/anvi-green-blue-peacock-butta-pattu-pavadai/05.webp|https://cdn.amzira.com/catalog/anvi-green-blue-peacock-butta-pattu-pavadai/06.webp,KLC-GRN-BLU-PEACOCKPOTWORK-00-0453-20,2-3Y,Green / Blue,1,0.00,true,amzira_local_inventory,455-Work/19,KLC-GRN-BLU-PEACOCKPOTWORK-00-0453
anvi-green-blue-peacock-butta-pattu-pavadai,Anvi Green Blue Peacock Butta Pattu Pavadai,pattu-pavadai,,2199.00,1499.00,"A ready-to-wear South Indian lehenga choli set for girls in green / blue, finished with peacock butta detailing and a traditional woven border. Designed for festivals, weddings, temple ceremonies and family celebrations. The set includes one choli and one lehenga.",Art Silk Jacquard,"Dry clean recommended. Store folded in a cool, dry place.",Anvi Green Blue Peacock Butta Pattu Pavadai for Girls | AMZIRA,"Shop Anvi Green Blue Peacock Butta Pattu Pavadai, a ready-to-wear South Indian festive lehenga choli for girls aged 0-10 years.",kids_girls,AMZIRA Heritage Work,girls-lehenga-choli|south-indian|pattu-pavadai|festive|ready-to-wear,active,false,false,true,festival|wedding|temple-ceremony|birthday,https://cdn.amzira.com/catalog/anvi-green-blue-peacock-butta-pattu-pavadai/01.webp|https://cdn.amzira.com/catalog/anvi-green-blue-peacock-butta-pattu-pavadai/02.webp|https://cdn.amzira.com/catalog/anvi-green-blue-peacock-butta-pattu-pavadai/03.webp|https://cdn.amzira.com/catalog/anvi-green-blue-peacock-butta-pattu-pavadai/04.webp|https://cdn.amzira.com/catalog/anvi-green-blue-peacock-butta-pattu-pavadai/05.webp|https://cdn.amzira.com/catalog/anvi-green-blue-peacock-butta-pattu-pavadai/06.webp,KLC-GRN-BLU-PEACOCKPOTWORK-00-0453-21,3-4Y,Green / Blue,1,0.00,true,amzira_local_inventory,455-Work/19,KLC-GRN-BLU-PEACOCKPOTWORK-00-0453
anvi-green-blue-peacock-butta-pattu-pavadai,Anvi Green Blue Peacock Butta Pattu Pavadai,pattu-pavadai,,2199.00,1499.00,"A ready-to-wear South Indian lehenga choli set for girls in green / blue, finished with peacock butta detailing and a traditional woven border. Designed for festivals, weddings, temple ceremonies and family celebrations. The set includes one choli and one lehenga.",Art Silk Jacquard,"Dry clean recommended. Store folded in a cool, dry place.",Anvi Green Blue Peacock Butta Pattu Pavadai for Girls | AMZIRA,"Shop Anvi Green Blue Peacock Butta Pattu Pavadai, a ready-to-wear South Indian festive lehenga choli for girls aged 0-10 years.",kids_girls,AMZIRA Heritage Work,girls-lehenga-choli|south-indian|pattu-pavadai|festive|ready-to-wear,active,false,false,true,festival|wedding|temple-ceremony|birthday,https://cdn.amzira.com/catalog/anvi-green-blue-peacock-butta-pattu-pavadai/01.webp|https://cdn.amzira.com/catalog/anvi-green-blue-peacock-butta-pattu-pavadai/02.webp|https://cdn.amzira.com/catalog/anvi-green-blue-peacock-butta-pattu-pavadai/03.webp|https://cdn.amzira.com/catalog/anvi-green-blue-peacock-butta-pattu-pavadai/04.webp|https://cdn.amzira.com/catalog/anvi-green-blue-peacock-butta-pattu-pavadai/05.webp|https://cdn.amzira.com/catalog/anvi-green-blue-peacock-butta-pattu-pavadai/06.webp,KLC-GRN-BLU-PEACOCKPOTWORK-00-0453-22,4-5Y,Green / Blue,3,0.00,true,amzira_local_inventory,455-Work/19,KLC-GRN-BLU-PEACOCKPOTWORK-00-0453
anvi-green-blue-peacock-butta-pattu-pavadai,Anvi Green Blue Peacock Butta Pattu Pavadai,pattu-pavadai,,2199.00,1499.00,"A ready-to-wear South Indian lehenga choli set for girls in green / blue, finished with peacock butta detailing and a traditional woven border. Designed for festivals, weddings, temple ceremonies and family celebrations. The set includes one choli and one lehenga.",Art Silk Jacquard,"Dry clean recommended. Store folded in a cool, dry place.",Anvi Green Blue Peacock Butta Pattu Pavadai for Girls | AMZIRA,"Shop Anvi Green Blue Peacock Butta Pattu Pavadai, a ready-to-wear South Indian festive lehenga choli for girls aged 0-10 years.",kids_girls,AMZIRA Heritage Work,girls-lehenga-choli|south-indian|pattu-pavadai|festive|ready-to-wear,active,false,false,true,festival|wedding|temple-ceremony|birthday,https://cdn.amzira.com/catalog/anvi-green-blue-peacock-butta-pattu-pavadai/01.webp|https://cdn.amzira.com/catalog/anvi-green-blue-peacock-butta-pattu-pavadai/02.webp|https://cdn.amzira.com/catalog/anvi-green-blue-peacock-butta-pattu-pavadai/03.webp|https://cdn.amzira.com/catalog/anvi-green-blue-peacock-butta-pattu-pavadai/04.webp|https://cdn.amzira.com/catalog/anvi-green-blue-peacock-butta-pattu-pavadai/05.webp|https://cdn.amzira.com/catalog/anvi-green-blue-peacock-butta-pattu-pavadai/06.webp,KLC-GRN-BLU-PEACOCKPOTWORK-00-0453-24,5-6Y,Green / Blue,3,0.00,true,amzira_local_inventory,455-Work/19,KLC-GRN-BLU-PEACOCKPOTWORK-00-0453
anvi-green-blue-peacock-butta-pattu-pavadai,Anvi Green Blue Peacock Butta Pattu Pavadai,pattu-pavadai,,2199.00,1499.00,"A ready-to-wear South Indian lehenga choli set for girls in green / blue, finished with peacock butta detailing and a traditional woven border. Designed for festivals, weddings, temple ceremonies and family celebrations. The set includes one choli and one lehenga.",Art Silk Jacquard,"Dry clean recommended. Store folded in a cool, dry place.",Anvi Green Blue Peacock Butta Pattu Pavadai for Girls | AMZIRA,"Shop Anvi Green Blue Peacock Butta Pattu Pavadai, a ready-to-wear South Indian festive lehenga choli for girls aged 0-10 years.",kids_girls,AMZIRA Heritage Work,girls-lehenga-choli|south-indian|pattu-pavadai|festive|ready-to-wear,active,false,false,true,festival|wedding|temple-ceremony|birthday,https://cdn.amzira.com/catalog/anvi-green-blue-peacock-butta-pattu-pavadai/01.webp|https://cdn.amzira.com/catalog/anvi-green-blue-peacock-butta-pattu-pavadai/02.webp|https://cdn.amzira.com/catalog/anvi-green-blue-peacock-butta-pattu-pavadai/03.webp|https://cdn.amzira.com/catalog/anvi-green-blue-peacock-butta-pattu-pavadai/04.webp|https://cdn.amzira.com/catalog/anvi-green-blue-peacock-butta-pattu-pavadai/05.webp|https://cdn.amzira.com/catalog/anvi-green-blue-peacock-butta-pattu-pavadai/06.webp,KLC-GRN-BLU-PEACOCKPOTWORK-00-0453-26,6-7Y,Green / Blue,3,0.00,true,amzira_local_inventory,455-Work/19,KLC-GRN-BLU-PEACOCKPOTWORK-00-0453
anvi-green-blue-peacock-butta-pattu-pavadai,Anvi Green Blue Peacock Butta Pattu Pavadai,pattu-pavadai,,2199.00,1499.00,"A ready-to-wear South Indian lehenga choli set for girls in green / blue, finished with peacock butta detailing and a traditional woven border. Designed for festivals, weddings, temple ceremonies and family celebrations. The set includes one choli and one lehenga.",Art Silk Jacquard,"Dry clean recommended. Store folded in a cool, dry place.",Anvi Green Blue Peacock Butta Pattu Pavadai for Girls | AMZIRA,"Shop Anvi Green Blue Peacock Butta Pattu Pavadai, a ready-to-wear South Indian festive lehenga choli for girls aged 0-10 years.",kids_girls,AMZIRA Heritage Work,girls-lehenga-choli|south-indian|pattu-pavadai|festive|ready-to-wear,active,false,false,true,festival|wedding|temple-ceremony|birthday,https://cdn.amzira.com/catalog/anvi-green-blue-peacock-butta-pattu-pavadai/01.webp|https://cdn.amzira.com/catalog/anvi-green-blue-peacock-butta-pattu-pavadai/02.webp|https://cdn.amzira.com/catalog/anvi-green-blue-peacock-butta-pattu-pavadai/03.webp|https://cdn.amzira.com/catalog/anvi-green-blue-peacock-butta-pattu-pavadai/04.webp|https://cdn.amzira.com/catalog/anvi-green-blue-peacock-butta-pattu-pavadai/05.webp|https://cdn.amzira.com/catalog/anvi-green-blue-peacock-butta-pattu-pavadai/06.webp,KLC-GRN-BLU-PEACOCKPOTWORK-00-0453-28,7-8Y,Green / Blue,3,0.00,true,amzira_local_inventory,455-Work/19,KLC-GRN-BLU-PEACOCKPOTWORK-00-0453
anvi-green-blue-peacock-butta-pattu-pavadai,Anvi Green Blue Peacock Butta Pattu Pavadai,pattu-pavadai,,2199.00,1499.00,"A ready-to-wear South Indian lehenga choli set for girls in green / blue, finished with peacock butta detailing and a traditional woven border. Designed for festivals, weddings, temple ceremonies and family celebrations. The set includes one choli and one lehenga.",Art Silk Jacquard,"Dry clean recommended. Store folded in a cool, dry place.",Anvi Green Blue Peacock Butta Pattu Pavadai for Girls | AMZIRA,"Shop Anvi Green Blue Peacock Butta Pattu Pavadai, a ready-to-wear South Indian festive lehenga choli for girls aged 0-10 years.",kids_girls,AMZIRA Heritage Work,girls-lehenga-choli|south-indian|pattu-pavadai|festive|ready-to-wear,active,false,false,true,festival|wedding|temple-ceremony|birthday,https://cdn.amzira.com/catalog/anvi-green-blue-peacock-butta-pattu-pavadai/01.webp|https://cdn.amzira.com/catalog/anvi-green-blue-peacock-butta-pattu-pavadai/02.webp|https://cdn.amzira.com/catalog/anvi-green-blue-peacock-butta-pattu-pavadai/03.webp|https://cdn.amzira.com/catalog/anvi-green-blue-peacock-butta-pattu-pavadai/04.webp|https://cdn.amzira.com/catalog/anvi-green-blue-peacock-butta-pattu-pavadai/05.webp|https://cdn.amzira.com/catalog/anvi-green-blue-peacock-butta-pattu-pavadai/06.webp,KLC-GRN-BLU-PEACOCKPOTWORK-00-0453-33,9-10Y,Green / Blue,3,0.00,true,amzira_local_inventory,455-Work/19,KLC-GRN-BLU-PEACOCKPOTWORK-00-0453
kiara-green-maroon-peacock-work-pattu-pavadai,Kiara Green Maroon Peacock Work Pattu Pavadai,pattu-pavadai,,2199.00,1499.00,"A ready-to-wear South Indian lehenga choli set for girls in green / maroon, finished with peacock work detailing and a traditional woven border. Designed for festivals, weddings, temple ceremonies and family celebrations. The set includes one choli and one lehenga.",Art Silk Jacquard,"Dry clean recommended. Store folded in a cool, dry place.",Kiara Green Maroon Peacock Work Pattu Pavadai for Girls | AMZIRA,"Shop Kiara Green Maroon Peacock Work Pattu Pavadai, a ready-to-wear South Indian festive lehenga choli for girls aged 0-10 years.",kids_girls,AMZIRA Heritage Work,girls-lehenga-choli|south-indian|pattu-pavadai|festive|ready-to-wear,active,false,false,true,festival|wedding|temple-ceremony|birthday,https://cdn.amzira.com/catalog/kiara-green-maroon-peacock-work-pattu-pavadai/01.webp|https://cdn.amzira.com/catalog/kiara-green-maroon-peacock-work-pattu-pavadai/02.webp|https://cdn.amzira.com/catalog/kiara-green-maroon-peacock-work-pattu-pavadai/03.webp|https://cdn.amzira.com/catalog/kiara-green-maroon-peacock-work-pattu-pavadai/04.webp|https://cdn.amzira.com/catalog/kiara-green-maroon-peacock-work-pattu-pavadai/05.webp|https://cdn.amzira.com/catalog/kiara-green-maroon-peacock-work-pattu-pavadai/06.webp,KLC-GRN-MRN-PEACOCKWORK-00-0440-18,1-2Y,Green / Maroon,1,0.00,true,amzira_local_inventory,455-Work/20,KLC-GRN-MRN-PEACOCKWORK-00-0440
kiara-green-maroon-peacock-work-pattu-pavadai,Kiara Green Maroon Peacock Work Pattu Pavadai,pattu-pavadai,,2199.00,1499.00,"A ready-to-wear South Indian lehenga choli set for girls in green / maroon, finished with peacock work detailing and a traditional woven border. Designed for festivals, weddings, temple ceremonies and family celebrations. The set includes one choli and one lehenga.",Art Silk Jacquard,"Dry clean recommended. Store folded in a cool, dry place.",Kiara Green Maroon Peacock Work Pattu Pavadai for Girls | AMZIRA,"Shop Kiara Green Maroon Peacock Work Pattu Pavadai, a ready-to-wear South Indian festive lehenga choli for girls aged 0-10 years.",kids_girls,AMZIRA Heritage Work,girls-lehenga-choli|south-indian|pattu-pavadai|festive|ready-to-wear,active,false,false,true,festival|wedding|temple-ceremony|birthday,https://cdn.amzira.com/catalog/kiara-green-maroon-peacock-work-pattu-pavadai/01.webp|https://cdn.amzira.com/catalog/kiara-green-maroon-peacock-work-pattu-pavadai/02.webp|https://cdn.amzira.com/catalog/kiara-green-maroon-peacock-work-pattu-pavadai/03.webp|https://cdn.amzira.com/catalog/kiara-green-maroon-peacock-work-pattu-pavadai/04.webp|https://cdn.amzira.com/catalog/kiara-green-maroon-peacock-work-pattu-pavadai/05.webp|https://cdn.amzira.com/catalog/kiara-green-maroon-peacock-work-pattu-pavadai/06.webp,KLC-GRN-MRN-PEACOCKWORK-00-0440-20,2-3Y,Green / Maroon,1,0.00,true,amzira_local_inventory,455-Work/20,KLC-GRN-MRN-PEACOCKWORK-00-0440
kiara-green-maroon-peacock-work-pattu-pavadai,Kiara Green Maroon Peacock Work Pattu Pavadai,pattu-pavadai,,2199.00,1499.00,"A ready-to-wear South Indian lehenga choli set for girls in green / maroon, finished with peacock work detailing and a traditional woven border. Designed for festivals, weddings, temple ceremonies and family celebrations. The set includes one choli and one lehenga.",Art Silk Jacquard,"Dry clean recommended. Store folded in a cool, dry place.",Kiara Green Maroon Peacock Work Pattu Pavadai for Girls | AMZIRA,"Shop Kiara Green Maroon Peacock Work Pattu Pavadai, a ready-to-wear South Indian festive lehenga choli for girls aged 0-10 years.",kids_girls,AMZIRA Heritage Work,girls-lehenga-choli|south-indian|pattu-pavadai|festive|ready-to-wear,active,false,false,true,festival|wedding|temple-ceremony|birthday,https://cdn.amzira.com/catalog/kiara-green-maroon-peacock-work-pattu-pavadai/01.webp|https://cdn.amzira.com/catalog/kiara-green-maroon-peacock-work-pattu-pavadai/02.webp|https://cdn.amzira.com/catalog/kiara-green-maroon-peacock-work-pattu-pavadai/03.webp|https://cdn.amzira.com/catalog/kiara-green-maroon-peacock-work-pattu-pavadai/04.webp|https://cdn.amzira.com/catalog/kiara-green-maroon-peacock-work-pattu-pavadai/05.webp|https://cdn.amzira.com/catalog/kiara-green-maroon-peacock-work-pattu-pavadai/06.webp,KLC-GRN-MRN-PEACOCKWORK-00-0440-21,3-4Y,Green / Maroon,1,0.00,true,amzira_local_inventory,455-Work/20,KLC-GRN-MRN-PEACOCKWORK-00-0440
kiara-green-maroon-peacock-work-pattu-pavadai,Kiara Green Maroon Peacock Work Pattu Pavadai,pattu-pavadai,,2199.00,1499.00,"A ready-to-wear South Indian lehenga choli set for girls in green / maroon, finished with peacock work detailing and a traditional woven border. Designed for festivals, weddings, temple ceremonies and family celebrations. The set includes one choli and one lehenga.",Art Silk Jacquard,"Dry clean recommended. Store folded in a cool, dry place.",Kiara Green Maroon Peacock Work Pattu Pavadai for Girls | AMZIRA,"Shop Kiara Green Maroon Peacock Work Pattu Pavadai, a ready-to-wear South Indian festive lehenga choli for girls aged 0-10 years.",kids_girls,AMZIRA Heritage Work,girls-lehenga-choli|south-indian|pattu-pavadai|festive|ready-to-wear,active,false,false,true,festival|wedding|temple-ceremony|birthday,https://cdn.amzira.com/catalog/kiara-green-maroon-peacock-work-pattu-pavadai/01.webp|https://cdn.amzira.com/catalog/kiara-green-maroon-peacock-work-pattu-pavadai/02.webp|https://cdn.amzira.com/catalog/kiara-green-maroon-peacock-work-pattu-pavadai/03.webp|https://cdn.amzira.com/catalog/kiara-green-maroon-peacock-work-pattu-pavadai/04.webp|https://cdn.amzira.com/catalog/kiara-green-maroon-peacock-work-pattu-pavadai/05.webp|https://cdn.amzira.com/catalog/kiara-green-maroon-peacock-work-pattu-pavadai/06.webp,KLC-GRN-MRN-PEACOCKWORK-00-0440-22,4-5Y,Green / Maroon,3,0.00,true,amzira_local_inventory,455-Work/20,KLC-GRN-MRN-PEACOCKWORK-00-0440
kiara-green-maroon-peacock-work-pattu-pavadai,Kiara Green Maroon Peacock Work Pattu Pavadai,pattu-pavadai,,2199.00,1499.00,"A ready-to-wear South Indian lehenga choli set for girls in green / maroon, finished with peacock work detailing and a traditional woven border. Designed for festivals, weddings, temple ceremonies and family celebrations. The set includes one choli and one lehenga.",Art Silk Jacquard,"Dry clean recommended. Store folded in a cool, dry place.",Kiara Green Maroon Peacock Work Pattu Pavadai for Girls | AMZIRA,"Shop Kiara Green Maroon Peacock Work Pattu Pavadai, a ready-to-wear South Indian festive lehenga choli for girls aged 0-10 years.",kids_girls,AMZIRA Heritage Work,girls-lehenga-choli|south-indian|pattu-pavadai|festive|ready-to-wear,active,false,false,true,festival|wedding|temple-ceremony|birthday,https://cdn.amzira.com/catalog/kiara-green-maroon-peacock-work-pattu-pavadai/01.webp|https://cdn.amzira.com/catalog/kiara-green-maroon-peacock-work-pattu-pavadai/02.webp|https://cdn.amzira.com/catalog/kiara-green-maroon-peacock-work-pattu-pavadai/03.webp|https://cdn.amzira.com/catalog/kiara-green-maroon-peacock-work-pattu-pavadai/04.webp|https://cdn.amzira.com/catalog/kiara-green-maroon-peacock-work-pattu-pavadai/05.webp|https://cdn.amzira.com/catalog/kiara-green-maroon-peacock-work-pattu-pavadai/06.webp,KLC-GRN-MRN-PEACOCKWORK-00-0440-24,5-6Y,Green / Maroon,3,0.00,true,amzira_local_inventory,455-Work/20,KLC-GRN-MRN-PEACOCKWORK-00-0440
kiara-green-maroon-peacock-work-pattu-pavadai,Kiara Green Maroon Peacock Work Pattu Pavadai,pattu-pavadai,,2199.00,1499.00,"A ready-to-wear South Indian lehenga choli set for girls in green / maroon, finished with peacock work detailing and a traditional woven border. Designed for festivals, weddings, temple ceremonies and family celebrations. The set includes one choli and one lehenga.",Art Silk Jacquard,"Dry clean recommended. Store folded in a cool, dry place.",Kiara Green Maroon Peacock Work Pattu Pavadai for Girls | AMZIRA,"Shop Kiara Green Maroon Peacock Work Pattu Pavadai, a ready-to-wear South Indian festive lehenga choli for girls aged 0-10 years.",kids_girls,AMZIRA Heritage Work,girls-lehenga-choli|south-indian|pattu-pavadai|festive|ready-to-wear,active,false,false,true,festival|wedding|temple-ceremony|birthday,https://cdn.amzira.com/catalog/kiara-green-maroon-peacock-work-pattu-pavadai/01.webp|https://cdn.amzira.com/catalog/kiara-green-maroon-peacock-work-pattu-pavadai/02.webp|https://cdn.amzira.com/catalog/kiara-green-maroon-peacock-work-pattu-pavadai/03.webp|https://cdn.amzira.com/catalog/kiara-green-maroon-peacock-work-pattu-pavadai/04.webp|https://cdn.amzira.com/catalog/kiara-green-maroon-peacock-work-pattu-pavadai/05.webp|https://cdn.amzira.com/catalog/kiara-green-maroon-peacock-work-pattu-pavadai/06.webp,KLC-GRN-MRN-PEACOCKWORK-00-0440-26,6-7Y,Green / Maroon,3,0.00,true,amzira_local_inventory,455-Work/20,KLC-GRN-MRN-PEACOCKWORK-00-0440
kiara-green-maroon-peacock-work-pattu-pavadai,Kiara Green Maroon Peacock Work Pattu Pavadai,pattu-pavadai,,2199.00,1499.00,"A ready-to-wear South Indian lehenga choli set for girls in green / maroon, finished with peacock work detailing and a traditional woven border. Designed for festivals, weddings, temple ceremonies and family celebrations. The set includes one choli and one lehenga.",Art Silk Jacquard,"Dry clean recommended. Store folded in a cool, dry place.",Kiara Green Maroon Peacock Work Pattu Pavadai for Girls | AMZIRA,"Shop Kiara Green Maroon Peacock Work Pattu Pavadai, a ready-to-wear South Indian festive lehenga choli for girls aged 0-10 years.",kids_girls,AMZIRA Heritage Work,girls-lehenga-choli|south-indian|pattu-pavadai|festive|ready-to-wear,active,false,false,true,festival|wedding|temple-ceremony|birthday,https://cdn.amzira.com/catalog/kiara-green-maroon-peacock-work-pattu-pavadai/01.webp|https://cdn.amzira.com/catalog/kiara-green-maroon-peacock-work-pattu-pavadai/02.webp|https://cdn.amzira.com/catalog/kiara-green-maroon-peacock-work-pattu-pavadai/03.webp|https://cdn.amzira.com/catalog/kiara-green-maroon-peacock-work-pattu-pavadai/04.webp|https://cdn.amzira.com/catalog/kiara-green-maroon-peacock-work-pattu-pavadai/05.webp|https://cdn.amzira.com/catalog/kiara-green-maroon-peacock-work-pattu-pavadai/06.webp,KLC-GRN-MRN-PEACOCKWORK-00-0440-28,7-8Y,Green / Maroon,3,0.00,true,amzira_local_inventory,455-Work/20,KLC-GRN-MRN-PEACOCKWORK-00-0440
kiara-green-maroon-peacock-work-pattu-pavadai,Kiara Green Maroon Peacock Work Pattu Pavadai,pattu-pavadai,,2199.00,1499.00,"A ready-to-wear South Indian lehenga choli set for girls in green / maroon, finished with peacock work detailing and a traditional woven border. Designed for festivals, weddings, temple ceremonies and family celebrations. The set includes one choli and one lehenga.",Art Silk Jacquard,"Dry clean recommended. Store folded in a cool, dry place.",Kiara Green Maroon Peacock Work Pattu Pavadai for Girls | AMZIRA,"Shop Kiara Green Maroon Peacock Work Pattu Pavadai, a ready-to-wear South Indian festive lehenga choli for girls aged 0-10 years.",kids_girls,AMZIRA Heritage Work,girls-lehenga-choli|south-indian|pattu-pavadai|festive|ready-to-wear,active,false,false,true,festival|wedding|temple-ceremony|birthday,https://cdn.amzira.com/catalog/kiara-green-maroon-peacock-work-pattu-pavadai/01.webp|https://cdn.amzira.com/catalog/kiara-green-maroon-peacock-work-pattu-pavadai/02.webp|https://cdn.amzira.com/catalog/kiara-green-maroon-peacock-work-pattu-pavadai/03.webp|https://cdn.amzira.com/catalog/kiara-green-maroon-peacock-work-pattu-pavadai/04.webp|https://cdn.amzira.com/catalog/kiara-green-maroon-peacock-work-pattu-pavadai/05.webp|https://cdn.amzira.com/catalog/kiara-green-maroon-peacock-work-pattu-pavadai/06.webp,KLC-GRN-MRN-PEACOCKWORK-00-0440-33,9-10Y,Green / Maroon,3,0.00,true,amzira_local_inventory,455-Work/20,KLC-GRN-MRN-PEACOCKWORK-00-0440
saanvi-yellow-green-tree-deer-pattu-pavadai,Saanvi Yellow Green Tree Deer Pattu Pavadai,pattu-pavadai,,2199.00,1499.00,"A ready-to-wear South Indian lehenga choli set for girls in yellow / green, finished with tree deer work detailing and a traditional woven border. Designed for festivals, weddings, temple ceremonies and family celebrations. The set includes one choli and one lehenga.",Art Silk Jacquard,"Dry clean recommended. Store folded in a cool, dry place.",Saanvi Yellow Green Tree Deer Pattu Pavadai for Girls | AMZIRA,"Shop Saanvi Yellow Green Tree Deer Pattu Pavadai, a ready-to-wear South Indian festive lehenga choli for girls aged 0-10 years.",kids_girls,AMZIRA Heritage Work,girls-lehenga-choli|south-indian|pattu-pavadai|festive|ready-to-wear,active,false,false,true,festival|wedding|temple-ceremony|birthday,https://cdn.amzira.com/catalog/saanvi-yellow-green-tree-deer-pattu-pavadai/01.webp|https://cdn.amzira.com/catalog/saanvi-yellow-green-tree-deer-pattu-pavadai/02.webp|https://cdn.amzira.com/catalog/saanvi-yellow-green-tree-deer-pattu-pavadai/03.webp|https://cdn.amzira.com/catalog/saanvi-yellow-green-tree-deer-pattu-pavadai/04.webp|https://cdn.amzira.com/catalog/saanvi-yellow-green-tree-deer-pattu-pavadai/05.webp|https://cdn.amzira.com/catalog/saanvi-yellow-green-tree-deer-pattu-pavadai/06.webp,KLC-YLW-GRN-TREEDEERWORK-00-0441-18,1-2Y,Yellow / Green,1,0.00,true,amzira_local_inventory,455-Work/21,KLC-YLW-GRN-TREEDEERWORK-00-0441
saanvi-yellow-green-tree-deer-pattu-pavadai,Saanvi Yellow Green Tree Deer Pattu Pavadai,pattu-pavadai,,2199.00,1499.00,"A ready-to-wear South Indian lehenga choli set for girls in yellow / green, finished with tree deer work detailing and a traditional woven border. Designed for festivals, weddings, temple ceremonies and family celebrations. The set includes one choli and one lehenga.",Art Silk Jacquard,"Dry clean recommended. Store folded in a cool, dry place.",Saanvi Yellow Green Tree Deer Pattu Pavadai for Girls | AMZIRA,"Shop Saanvi Yellow Green Tree Deer Pattu Pavadai, a ready-to-wear South Indian festive lehenga choli for girls aged 0-10 years.",kids_girls,AMZIRA Heritage Work,girls-lehenga-choli|south-indian|pattu-pavadai|festive|ready-to-wear,active,false,false,true,festival|wedding|temple-ceremony|birthday,https://cdn.amzira.com/catalog/saanvi-yellow-green-tree-deer-pattu-pavadai/01.webp|https://cdn.amzira.com/catalog/saanvi-yellow-green-tree-deer-pattu-pavadai/02.webp|https://cdn.amzira.com/catalog/saanvi-yellow-green-tree-deer-pattu-pavadai/03.webp|https://cdn.amzira.com/catalog/saanvi-yellow-green-tree-deer-pattu-pavadai/04.webp|https://cdn.amzira.com/catalog/saanvi-yellow-green-tree-deer-pattu-pavadai/05.webp|https://cdn.amzira.com/catalog/saanvi-yellow-green-tree-deer-pattu-pavadai/06.webp,KLC-YLW-GRN-TREEDEERWORK-00-0441-20,2-3Y,Yellow / Green,1,0.00,true,amzira_local_inventory,455-Work/21,KLC-YLW-GRN-TREEDEERWORK-00-0441
saanvi-yellow-green-tree-deer-pattu-pavadai,Saanvi Yellow Green Tree Deer Pattu Pavadai,pattu-pavadai,,2199.00,1499.00,"A ready-to-wear South Indian lehenga choli set for girls in yellow / green, finished with tree deer work detailing and a traditional woven border. Designed for festivals, weddings, temple ceremonies and family celebrations. The set includes one choli and one lehenga.",Art Silk Jacquard,"Dry clean recommended. Store folded in a cool, dry place.",Saanvi Yellow Green Tree Deer Pattu Pavadai for Girls | AMZIRA,"Shop Saanvi Yellow Green Tree Deer Pattu Pavadai, a ready-to-wear South Indian festive lehenga choli for girls aged 0-10 years.",kids_girls,AMZIRA Heritage Work,girls-lehenga-choli|south-indian|pattu-pavadai|festive|ready-to-wear,active,false,false,true,festival|wedding|temple-ceremony|birthday,https://cdn.amzira.com/catalog/saanvi-yellow-green-tree-deer-pattu-pavadai/01.webp|https://cdn.amzira.com/catalog/saanvi-yellow-green-tree-deer-pattu-pavadai/02.webp|https://cdn.amzira.com/catalog/saanvi-yellow-green-tree-deer-pattu-pavadai/03.webp|https://cdn.amzira.com/catalog/saanvi-yellow-green-tree-deer-pattu-pavadai/04.webp|https://cdn.amzira.com/catalog/saanvi-yellow-green-tree-deer-pattu-pavadai/05.webp|https://cdn.amzira.com/catalog/saanvi-yellow-green-tree-deer-pattu-pavadai/06.webp,KLC-YLW-GRN-TREEDEERWORK-00-0441-21,3-4Y,Yellow / Green,1,0.00,true,amzira_local_inventory,455-Work/21,KLC-YLW-GRN-TREEDEERWORK-00-0441
saanvi-yellow-green-tree-deer-pattu-pavadai,Saanvi Yellow Green Tree Deer Pattu Pavadai,pattu-pavadai,,2199.00,1499.00,"A ready-to-wear South Indian lehenga choli set for girls in yellow / green, finished with tree deer work detailing and a traditional woven border. Designed for festivals, weddings, temple ceremonies and family celebrations. The set includes one choli and one lehenga.",Art Silk Jacquard,"Dry clean recommended. Store folded in a cool, dry place.",Saanvi Yellow Green Tree Deer Pattu Pavadai for Girls | AMZIRA,"Shop Saanvi Yellow Green Tree Deer Pattu Pavadai, a ready-to-wear South Indian festive lehenga choli for girls aged 0-10 years.",kids_girls,AMZIRA Heritage Work,girls-lehenga-choli|south-indian|pattu-pavadai|festive|ready-to-wear,active,false,false,true,festival|wedding|temple-ceremony|birthday,https://cdn.amzira.com/catalog/saanvi-yellow-green-tree-deer-pattu-pavadai/01.webp|https://cdn.amzira.com/catalog/saanvi-yellow-green-tree-deer-pattu-pavadai/02.webp|https://cdn.amzira.com/catalog/saanvi-yellow-green-tree-deer-pattu-pavadai/03.webp|https://cdn.amzira.com/catalog/saanvi-yellow-green-tree-deer-pattu-pavadai/04.webp|https://cdn.amzira.com/catalog/saanvi-yellow-green-tree-deer-pattu-pavadai/05.webp|https://cdn.amzira.com/catalog/saanvi-yellow-green-tree-deer-pattu-pavadai/06.webp,KLC-YLW-GRN-TREEDEERWORK-00-0441-22,4-5Y,Yellow / Green,3,0.00,true,amzira_local_inventory,455-Work/21,KLC-YLW-GRN-TREEDEERWORK-00-0441
saanvi-yellow-green-tree-deer-pattu-pavadai,Saanvi Yellow Green Tree Deer Pattu Pavadai,pattu-pavadai,,2199.00,1499.00,"A ready-to-wear South Indian lehenga choli set for girls in yellow / green, finished with tree deer work detailing and a traditional woven border. Designed for festivals, weddings, temple ceremonies and family celebrations. The set includes one choli and one lehenga.",Art Silk Jacquard,"Dry clean recommended. Store folded in a cool, dry place.",Saanvi Yellow Green Tree Deer Pattu Pavadai for Girls | AMZIRA,"Shop Saanvi Yellow Green Tree Deer Pattu Pavadai, a ready-to-wear South Indian festive lehenga choli for girls aged 0-10 years.",kids_girls,AMZIRA Heritage Work,girls-lehenga-choli|south-indian|pattu-pavadai|festive|ready-to-wear,active,false,false,true,festival|wedding|temple-ceremony|birthday,https://cdn.amzira.com/catalog/saanvi-yellow-green-tree-deer-pattu-pavadai/01.webp|https://cdn.amzira.com/catalog/saanvi-yellow-green-tree-deer-pattu-pavadai/02.webp|https://cdn.amzira.com/catalog/saanvi-yellow-green-tree-deer-pattu-pavadai/03.webp|https://cdn.amzira.com/catalog/saanvi-yellow-green-tree-deer-pattu-pavadai/04.webp|https://cdn.amzira.com/catalog/saanvi-yellow-green-tree-deer-pattu-pavadai/05.webp|https://cdn.amzira.com/catalog/saanvi-yellow-green-tree-deer-pattu-pavadai/06.webp,KLC-YLW-GRN-TREEDEERWORK-00-0441-24,5-6Y,Yellow / Green,3,0.00,true,amzira_local_inventory,455-Work/21,KLC-YLW-GRN-TREEDEERWORK-00-0441
saanvi-yellow-green-tree-deer-pattu-pavadai,Saanvi Yellow Green Tree Deer Pattu Pavadai,pattu-pavadai,,2199.00,1499.00,"A ready-to-wear South Indian lehenga choli set for girls in yellow / green, finished with tree deer work detailing and a traditional woven border. Designed for festivals, weddings, temple ceremonies and family celebrations. The set includes one choli and one lehenga.",Art Silk Jacquard,"Dry clean recommended. Store folded in a cool, dry place.",Saanvi Yellow Green Tree Deer Pattu Pavadai for Girls | AMZIRA,"Shop Saanvi Yellow Green Tree Deer Pattu Pavadai, a ready-to-wear South Indian festive lehenga choli for girls aged 0-10 years.",kids_girls,AMZIRA Heritage Work,girls-lehenga-choli|south-indian|pattu-pavadai|festive|ready-to-wear,active,false,false,true,festival|wedding|temple-ceremony|birthday,https://cdn.amzira.com/catalog/saanvi-yellow-green-tree-deer-pattu-pavadai/01.webp|https://cdn.amzira.com/catalog/saanvi-yellow-green-tree-deer-pattu-pavadai/02.webp|https://cdn.amzira.com/catalog/saanvi-yellow-green-tree-deer-pattu-pavadai/03.webp|https://cdn.amzira.com/catalog/saanvi-yellow-green-tree-deer-pattu-pavadai/04.webp|https://cdn.amzira.com/catalog/saanvi-yellow-green-tree-deer-pattu-pavadai/05.webp|https://cdn.amzira.com/catalog/saanvi-yellow-green-tree-deer-pattu-pavadai/06.webp,KLC-YLW-GRN-TREEDEERWORK-00-0441-26,6-7Y,Yellow / Green,3,0.00,true,amzira_local_inventory,455-Work/21,KLC-YLW-GRN-TREEDEERWORK-00-0441
saanvi-yellow-green-tree-deer-pattu-pavadai,Saanvi Yellow Green Tree Deer Pattu Pavadai,pattu-pavadai,,2199.00,1499.00,"A ready-to-wear South Indian lehenga choli set for girls in yellow / green, finished with tree deer work detailing and a traditional woven border. Designed for festivals, weddings, temple ceremonies and family celebrations. The set includes one choli and one lehenga.",Art Silk Jacquard,"Dry clean recommended. Store folded in a cool, dry place.",Saanvi Yellow Green Tree Deer Pattu Pavadai for Girls | AMZIRA,"Shop Saanvi Yellow Green Tree Deer Pattu Pavadai, a ready-to-wear South Indian festive lehenga choli for girls aged 0-10 years.",kids_girls,AMZIRA Heritage Work,girls-lehenga-choli|south-indian|pattu-pavadai|festive|ready-to-wear,active,false,false,true,festival|wedding|temple-ceremony|birthday,https://cdn.amzira.com/catalog/saanvi-yellow-green-tree-deer-pattu-pavadai/01.webp|https://cdn.amzira.com/catalog/saanvi-yellow-green-tree-deer-pattu-pavadai/02.webp|https://cdn.amzira.com/catalog/saanvi-yellow-green-tree-deer-pattu-pavadai/03.webp|https://cdn.amzira.com/catalog/saanvi-yellow-green-tree-deer-pattu-pavadai/04.webp|https://cdn.amzira.com/catalog/saanvi-yellow-green-tree-deer-pattu-pavadai/05.webp|https://cdn.amzira.com/catalog/saanvi-yellow-green-tree-deer-pattu-pavadai/06.webp,KLC-YLW-GRN-TREEDEERWORK-00-0441-28,7-8Y,Yellow / Green,3,0.00,true,amzira_local_inventory,455-Work/21,KLC-YLW-GRN-TREEDEERWORK-00-0441
saanvi-yellow-green-tree-deer-pattu-pavadai,Saanvi Yellow Green Tree Deer Pattu Pavadai,pattu-pavadai,,2199.00,1499.00,"A ready-to-wear South Indian lehenga choli set for girls in yellow / green, finished with tree deer work detailing and a traditional woven border. Designed for festivals, weddings, temple ceremonies and family celebrations. The set includes one choli and one lehenga.",Art Silk Jacquard,"Dry clean recommended. Store folded in a cool, dry place.",Saanvi Yellow Green Tree Deer Pattu Pavadai for Girls | AMZIRA,"Shop Saanvi Yellow Green Tree Deer Pattu Pavadai, a ready-to-wear South Indian festive lehenga choli for girls aged 0-10 years.",kids_girls,AMZIRA Heritage Work,girls-lehenga-choli|south-indian|pattu-pavadai|festive|ready-to-wear,active,false,false,true,festival|wedding|temple-ceremony|birthday,https://cdn.amzira.com/catalog/saanvi-yellow-green-tree-deer-pattu-pavadai/01.webp|https://cdn.amzira.com/catalog/saanvi-yellow-green-tree-deer-pattu-pavadai/02.webp|https://cdn.amzira.com/catalog/saanvi-yellow-green-tree-deer-pattu-pavadai/03.webp|https://cdn.amzira.com/catalog/saanvi-yellow-green-tree-deer-pattu-pavadai/04.webp|https://cdn.amzira.com/catalog/saanvi-yellow-green-tree-deer-pattu-pavadai/05.webp|https://cdn.amzira.com/catalog/saanvi-yellow-green-tree-deer-pattu-pavadai/06.webp,KLC-YLW-GRN-TREEDEERWORK-00-0441-33,9-10Y,Yellow / Green,3,0.00,true,amzira_local_inventory,455-Work/21,KLC-YLW-GRN-TREEDEERWORK-00-0441
amaira-light-green-red-jacquard-work-lehenga-choli,Amaira Light Green Red Jacquard Work Lehenga Choli,girls-lehenga-choli,south-indian-lehenga-choli,2099.00,1449.00,"A ready-to-wear South Indian lehenga choli set for girls in light green / red / navy, finished with jacquard work detailing and a traditional woven border. Designed for festivals, weddings, temple ceremonies and family celebrations. The set includes one choli and one lehenga.",Art Silk Jacquard,"Dry clean recommended. Store folded in a cool, dry place.",Amaira Light Green Red Jacquard Work Lehenga Choli for Girls | AMZIRA,"Shop Amaira Light Green Red Jacquard Work Lehenga Choli, a ready-to-wear South Indian festive lehenga choli for girls aged 0-10 years.",kids_girls,AMZIRA Heritage Work,girls-lehenga-choli|south-indian|pattu-pavadai|festive|ready-to-wear,active,false,false,true,festival|wedding|temple-ceremony|birthday,https://cdn.amzira.com/catalog/amaira-light-green-red-jacquard-work-lehenga-choli/01.webp|https://cdn.amzira.com/catalog/amaira-light-green-red-jacquard-work-lehenga-choli/02.webp|https://cdn.amzira.com/catalog/amaira-light-green-red-jacquard-work-lehenga-choli/03.webp|https://cdn.amzira.com/catalog/amaira-light-green-red-jacquard-work-lehenga-choli/04.webp|https://cdn.amzira.com/catalog/amaira-light-green-red-jacquard-work-lehenga-choli/05.webp|https://cdn.amzira.com/catalog/amaira-light-green-red-jacquard-work-lehenga-choli/06.webp|https://cdn.amzira.com/catalog/amaira-light-green-red-jacquard-work-lehenga-choli/07.webp,KLC-LGN-RED-NBLU-JAQ-WRK-00-0440-18,1-2Y,Light Green / Red / Navy,1,0.00,true,amzira_local_inventory,455-Work/22,KLC-LGN-RED-NBLU-JAQ-WRK-00-0440
amaira-light-green-red-jacquard-work-lehenga-choli,Amaira Light Green Red Jacquard Work Lehenga Choli,girls-lehenga-choli,south-indian-lehenga-choli,2099.00,1449.00,"A ready-to-wear South Indian lehenga choli set for girls in light green / red / navy, finished with jacquard work detailing and a traditional woven border. Designed for festivals, weddings, temple ceremonies and family celebrations. The set includes one choli and one lehenga.",Art Silk Jacquard,"Dry clean recommended. Store folded in a cool, dry place.",Amaira Light Green Red Jacquard Work Lehenga Choli for Girls | AMZIRA,"Shop Amaira Light Green Red Jacquard Work Lehenga Choli, a ready-to-wear South Indian festive lehenga choli for girls aged 0-10 years.",kids_girls,AMZIRA Heritage Work,girls-lehenga-choli|south-indian|pattu-pavadai|festive|ready-to-wear,active,false,false,true,festival|wedding|temple-ceremony|birthday,https://cdn.amzira.com/catalog/amaira-light-green-red-jacquard-work-lehenga-choli/01.webp|https://cdn.amzira.com/catalog/amaira-light-green-red-jacquard-work-lehenga-choli/02.webp|https://cdn.amzira.com/catalog/amaira-light-green-red-jacquard-work-lehenga-choli/03.webp|https://cdn.amzira.com/catalog/amaira-light-green-red-jacquard-work-lehenga-choli/04.webp|https://cdn.amzira.com/catalog/amaira-light-green-red-jacquard-work-lehenga-choli/05.webp|https://cdn.amzira.com/catalog/amaira-light-green-red-jacquard-work-lehenga-choli/06.webp|https://cdn.amzira.com/catalog/amaira-light-green-red-jacquard-work-lehenga-choli/07.webp,KLC-LGN-RED-NBLU-JAQ-WRK-00-0440-20,2-3Y,Light Green / Red / Navy,1,0.00,true,amzira_local_inventory,455-Work/22,KLC-LGN-RED-NBLU-JAQ-WRK-00-0440
amaira-light-green-red-jacquard-work-lehenga-choli,Amaira Light Green Red Jacquard Work Lehenga Choli,girls-lehenga-choli,south-indian-lehenga-choli,2099.00,1449.00,"A ready-to-wear South Indian lehenga choli set for girls in light green / red / navy, finished with jacquard work detailing and a traditional woven border. Designed for festivals, weddings, temple ceremonies and family celebrations. The set includes one choli and one lehenga.",Art Silk Jacquard,"Dry clean recommended. Store folded in a cool, dry place.",Amaira Light Green Red Jacquard Work Lehenga Choli for Girls | AMZIRA,"Shop Amaira Light Green Red Jacquard Work Lehenga Choli, a ready-to-wear South Indian festive lehenga choli for girls aged 0-10 years.",kids_girls,AMZIRA Heritage Work,girls-lehenga-choli|south-indian|pattu-pavadai|festive|ready-to-wear,active,false,false,true,festival|wedding|temple-ceremony|birthday,https://cdn.amzira.com/catalog/amaira-light-green-red-jacquard-work-lehenga-choli/01.webp|https://cdn.amzira.com/catalog/amaira-light-green-red-jacquard-work-lehenga-choli/02.webp|https://cdn.amzira.com/catalog/amaira-light-green-red-jacquard-work-lehenga-choli/03.webp|https://cdn.amzira.com/catalog/amaira-light-green-red-jacquard-work-lehenga-choli/04.webp|https://cdn.amzira.com/catalog/amaira-light-green-red-jacquard-work-lehenga-choli/05.webp|https://cdn.amzira.com/catalog/amaira-light-green-red-jacquard-work-lehenga-choli/06.webp|https://cdn.amzira.com/catalog/amaira-light-green-red-jacquard-work-lehenga-choli/07.webp,KLC-LGN-RED-NBLU-JAQ-WRK-00-0440-21,3-4Y,Light Green / Red / Navy,1,0.00,true,amzira_local_inventory,455-Work/22,KLC-LGN-RED-NBLU-JAQ-WRK-00-0440
amaira-light-green-red-jacquard-work-lehenga-choli,Amaira Light Green Red Jacquard Work Lehenga Choli,girls-lehenga-choli,south-indian-lehenga-choli,2099.00,1449.00,"A ready-to-wear South Indian lehenga choli set for girls in light green / red / navy, finished with jacquard work detailing and a traditional woven border. Designed for festivals, weddings, temple ceremonies and family celebrations. The set includes one choli and one lehenga.",Art Silk Jacquard,"Dry clean recommended. Store folded in a cool, dry place.",Amaira Light Green Red Jacquard Work Lehenga Choli for Girls | AMZIRA,"Shop Amaira Light Green Red Jacquard Work Lehenga Choli, a ready-to-wear South Indian festive lehenga choli for girls aged 0-10 years.",kids_girls,AMZIRA Heritage Work,girls-lehenga-choli|south-indian|pattu-pavadai|festive|ready-to-wear,active,false,false,true,festival|wedding|temple-ceremony|birthday,https://cdn.amzira.com/catalog/amaira-light-green-red-jacquard-work-lehenga-choli/01.webp|https://cdn.amzira.com/catalog/amaira-light-green-red-jacquard-work-lehenga-choli/02.webp|https://cdn.amzira.com/catalog/amaira-light-green-red-jacquard-work-lehenga-choli/03.webp|https://cdn.amzira.com/catalog/amaira-light-green-red-jacquard-work-lehenga-choli/04.webp|https://cdn.amzira.com/catalog/amaira-light-green-red-jacquard-work-lehenga-choli/05.webp|https://cdn.amzira.com/catalog/amaira-light-green-red-jacquard-work-lehenga-choli/06.webp|https://cdn.amzira.com/catalog/amaira-light-green-red-jacquard-work-lehenga-choli/07.webp,KLC-LGN-RED-NBLU-JAQ-WRK-00-0440-22,4-5Y,Light Green / Red / Navy,3,0.00,true,amzira_local_inventory,455-Work/22,KLC-LGN-RED-NBLU-JAQ-WRK-00-0440
amaira-light-green-red-jacquard-work-lehenga-choli,Amaira Light Green Red Jacquard Work Lehenga Choli,girls-lehenga-choli,south-indian-lehenga-choli,2099.00,1449.00,"A ready-to-wear South Indian lehenga choli set for girls in light green / red / navy, finished with jacquard work detailing and a traditional woven border. Designed for festivals, weddings, temple ceremonies and family celebrations. The set includes one choli and one lehenga.",Art Silk Jacquard,"Dry clean recommended. Store folded in a cool, dry place.",Amaira Light Green Red Jacquard Work Lehenga Choli for Girls | AMZIRA,"Shop Amaira Light Green Red Jacquard Work Lehenga Choli, a ready-to-wear South Indian festive lehenga choli for girls aged 0-10 years.",kids_girls,AMZIRA Heritage Work,girls-lehenga-choli|south-indian|pattu-pavadai|festive|ready-to-wear,active,false,false,true,festival|wedding|temple-ceremony|birthday,https://cdn.amzira.com/catalog/amaira-light-green-red-jacquard-work-lehenga-choli/01.webp|https://cdn.amzira.com/catalog/amaira-light-green-red-jacquard-work-lehenga-choli/02.webp|https://cdn.amzira.com/catalog/amaira-light-green-red-jacquard-work-lehenga-choli/03.webp|https://cdn.amzira.com/catalog/amaira-light-green-red-jacquard-work-lehenga-choli/04.webp|https://cdn.amzira.com/catalog/amaira-light-green-red-jacquard-work-lehenga-choli/05.webp|https://cdn.amzira.com/catalog/amaira-light-green-red-jacquard-work-lehenga-choli/06.webp|https://cdn.amzira.com/catalog/amaira-light-green-red-jacquard-work-lehenga-choli/07.webp,KLC-LGN-RED-NBLU-JAQ-WRK-00-0440-24,5-6Y,Light Green / Red / Navy,3,0.00,true,amzira_local_inventory,455-Work/22,KLC-LGN-RED-NBLU-JAQ-WRK-00-0440
amaira-light-green-red-jacquard-work-lehenga-choli,Amaira Light Green Red Jacquard Work Lehenga Choli,girls-lehenga-choli,south-indian-lehenga-choli,2099.00,1449.00,"A ready-to-wear South Indian lehenga choli set for girls in light green / red / navy, finished with jacquard work detailing and a traditional woven border. Designed for festivals, weddings, temple ceremonies and family celebrations. The set includes one choli and one lehenga.",Art Silk Jacquard,"Dry clean recommended. Store folded in a cool, dry place.",Amaira Light Green Red Jacquard Work Lehenga Choli for Girls | AMZIRA,"Shop Amaira Light Green Red Jacquard Work Lehenga Choli, a ready-to-wear South Indian festive lehenga choli for girls aged 0-10 years.",kids_girls,AMZIRA Heritage Work,girls-lehenga-choli|south-indian|pattu-pavadai|festive|ready-to-wear,active,false,false,true,festival|wedding|temple-ceremony|birthday,https://cdn.amzira.com/catalog/amaira-light-green-red-jacquard-work-lehenga-choli/01.webp|https://cdn.amzira.com/catalog/amaira-light-green-red-jacquard-work-lehenga-choli/02.webp|https://cdn.amzira.com/catalog/amaira-light-green-red-jacquard-work-lehenga-choli/03.webp|https://cdn.amzira.com/catalog/amaira-light-green-red-jacquard-work-lehenga-choli/04.webp|https://cdn.amzira.com/catalog/amaira-light-green-red-jacquard-work-lehenga-choli/05.webp|https://cdn.amzira.com/catalog/amaira-light-green-red-jacquard-work-lehenga-choli/06.webp|https://cdn.amzira.com/catalog/amaira-light-green-red-jacquard-work-lehenga-choli/07.webp,KLC-LGN-RED-NBLU-JAQ-WRK-00-0440-26,6-7Y,Light Green / Red / Navy,3,0.00,true,amzira_local_inventory,455-Work/22,KLC-LGN-RED-NBLU-JAQ-WRK-00-0440
amaira-light-green-red-jacquard-work-lehenga-choli,Amaira Light Green Red Jacquard Work Lehenga Choli,girls-lehenga-choli,south-indian-lehenga-choli,2099.00,1449.00,"A ready-to-wear South Indian lehenga choli set for girls in light green / red / navy, finished with jacquard work detailing and a traditional woven border. Designed for festivals, weddings, temple ceremonies and family celebrations. The set includes one choli and one lehenga.",Art Silk Jacquard,"Dry clean recommended. Store folded in a cool, dry place.",Amaira Light Green Red Jacquard Work Lehenga Choli for Girls | AMZIRA,"Shop Amaira Light Green Red Jacquard Work Lehenga Choli, a ready-to-wear South Indian festive lehenga choli for girls aged 0-10 years.",kids_girls,AMZIRA Heritage Work,girls-lehenga-choli|south-indian|pattu-pavadai|festive|ready-to-wear,active,false,false,true,festival|wedding|temple-ceremony|birthday,https://cdn.amzira.com/catalog/amaira-light-green-red-jacquard-work-lehenga-choli/01.webp|https://cdn.amzira.com/catalog/amaira-light-green-red-jacquard-work-lehenga-choli/02.webp|https://cdn.amzira.com/catalog/amaira-light-green-red-jacquard-work-lehenga-choli/03.webp|https://cdn.amzira.com/catalog/amaira-light-green-red-jacquard-work-lehenga-choli/04.webp|https://cdn.amzira.com/catalog/amaira-light-green-red-jacquard-work-lehenga-choli/05.webp|https://cdn.amzira.com/catalog/amaira-light-green-red-jacquard-work-lehenga-choli/06.webp|https://cdn.amzira.com/catalog/amaira-light-green-red-jacquard-work-lehenga-choli/07.webp,KLC-LGN-RED-NBLU-JAQ-WRK-00-0440-28,7-8Y,Light Green / Red / Navy,3,0.00,true,amzira_local_inventory,455-Work/22,KLC-LGN-RED-NBLU-JAQ-WRK-00-0440
amaira-light-green-red-jacquard-work-lehenga-choli,Amaira Light Green Red Jacquard Work Lehenga Choli,girls-lehenga-choli,south-indian-lehenga-choli,2099.00,1449.00,"A ready-to-wear South Indian lehenga choli set for girls in light green / red / navy, finished with jacquard work detailing and a traditional woven border. Designed for festivals, weddings, temple ceremonies and family celebrations. The set includes one choli and one lehenga.",Art Silk Jacquard,"Dry clean recommended. Store folded in a cool, dry place.",Amaira Light Green Red Jacquard Work Lehenga Choli for Girls | AMZIRA,"Shop Amaira Light Green Red Jacquard Work Lehenga Choli, a ready-to-wear South Indian festive lehenga choli for girls aged 0-10 years.",kids_girls,AMZIRA Heritage Work,girls-lehenga-choli|south-indian|pattu-pavadai|festive|ready-to-wear,active,false,false,true,festival|wedding|temple-ceremony|birthday,https://cdn.amzira.com/catalog/amaira-light-green-red-jacquard-work-lehenga-choli/01.webp|https://cdn.amzira.com/catalog/amaira-light-green-red-jacquard-work-lehenga-choli/02.webp|https://cdn.amzira.com/catalog/amaira-light-green-red-jacquard-work-lehenga-choli/03.webp|https://cdn.amzira.com/catalog/amaira-light-green-red-jacquard-work-lehenga-choli/04.webp|https://cdn.amzira.com/catalog/amaira-light-green-red-jacquard-work-lehenga-choli/05.webp|https://cdn.amzira.com/catalog/amaira-light-green-red-jacquard-work-lehenga-choli/06.webp|https://cdn.amzira.com/catalog/amaira-light-green-red-jacquard-work-lehenga-choli/07.webp,KLC-LGN-RED-NBLU-JAQ-WRK-00-0440-33,9-10Y,Light Green / Red / Navy,3,0.00,true,amzira_local_inventory,455-Work/22,KLC-LGN-RED-NBLU-JAQ-WRK-00-0440
neela-royal-blue-checked-butta-pattu-pavadai,Neela Royal Blue Checked Butta Pattu Pavadai,pattu-pavadai,,1899.00,1299.00,"A ready-to-wear South Indian lehenga choli set for girls in royal blue / gold, finished with checked butta detailing and a traditional woven border. Designed for festivals, weddings, temple ceremonies and family celebrations. The set includes one choli and one lehenga.",Silk Blend,"Dry clean recommended. Store folded in a cool, dry place.",Neela Royal Blue Checked Butta Pattu Pavadai for Girls | AMZIRA,"Shop Neela Royal Blue Checked Butta Pattu Pavadai, a ready-to-wear South Indian festive lehenga choli for girls aged 0-10 years.",kids_girls,AMZIRA Haresh Butta,girls-lehenga-choli|south-indian|pattu-pavadai|festive|ready-to-wear,active,false,false,true,festival|wedding|temple-ceremony|birthday,https://cdn.amzira.com/catalog/neela-royal-blue-checked-butta-pattu-pavadai/01.webp|https://cdn.amzira.com/catalog/neela-royal-blue-checked-butta-pattu-pavadai/02.webp|https://cdn.amzira.com/catalog/neela-royal-blue-checked-butta-pattu-pavadai/03.webp|https://cdn.amzira.com/catalog/neela-royal-blue-checked-butta-pattu-pavadai/04.webp|https://cdn.amzira.com/catalog/neela-royal-blue-checked-butta-pattu-pavadai/05.webp|https://cdn.amzira.com/catalog/neela-royal-blue-checked-butta-pattu-pavadai/06.webp,KLC-HBT-RBL-GLD-CHK-0456-01-18,1-2Y,Royal Blue / Gold,1,0.00,true,amzira_local_inventory,456_Haresh_Checks/1,KLC-HBT-RBL-GLD-CHK-0456-01
neela-royal-blue-checked-butta-pattu-pavadai,Neela Royal Blue Checked Butta Pattu Pavadai,pattu-pavadai,,1899.00,1299.00,"A ready-to-wear South Indian lehenga choli set for girls in royal blue / gold, finished with checked butta detailing and a traditional woven border. Designed for festivals, weddings, temple ceremonies and family celebrations. The set includes one choli and one lehenga.",Silk Blend,"Dry clean recommended. Store folded in a cool, dry place.",Neela Royal Blue Checked Butta Pattu Pavadai for Girls | AMZIRA,"Shop Neela Royal Blue Checked Butta Pattu Pavadai, a ready-to-wear South Indian festive lehenga choli for girls aged 0-10 years.",kids_girls,AMZIRA Haresh Butta,girls-lehenga-choli|south-indian|pattu-pavadai|festive|ready-to-wear,active,false,false,true,festival|wedding|temple-ceremony|birthday,https://cdn.amzira.com/catalog/neela-royal-blue-checked-butta-pattu-pavadai/01.webp|https://cdn.amzira.com/catalog/neela-royal-blue-checked-butta-pattu-pavadai/02.webp|https://cdn.amzira.com/catalog/neela-royal-blue-checked-butta-pattu-pavadai/03.webp|https://cdn.amzira.com/catalog/neela-royal-blue-checked-butta-pattu-pavadai/04.webp|https://cdn.amzira.com/catalog/neela-royal-blue-checked-butta-pattu-pavadai/05.webp|https://cdn.amzira.com/catalog/neela-royal-blue-checked-butta-pattu-pavadai/06.webp,KLC-HBT-RBL-GLD-CHK-0456-01-20,2-3Y,Royal Blue / Gold,1,0.00,true,amzira_local_inventory,456_Haresh_Checks/1,KLC-HBT-RBL-GLD-CHK-0456-01
neela-royal-blue-checked-butta-pattu-pavadai,Neela Royal Blue Checked Butta Pattu Pavadai,pattu-pavadai,,1899.00,1299.00,"A ready-to-wear South Indian lehenga choli set for girls in royal blue / gold, finished with checked butta detailing and a traditional woven border. Designed for festivals, weddings, temple ceremonies and family celebrations. The set includes one choli and one lehenga.",Silk Blend,"Dry clean recommended. Store folded in a cool, dry place.",Neela Royal Blue Checked Butta Pattu Pavadai for Girls | AMZIRA,"Shop Neela Royal Blue Checked Butta Pattu Pavadai, a ready-to-wear South Indian festive lehenga choli for girls aged 0-10 years.",kids_girls,AMZIRA Haresh Butta,girls-lehenga-choli|south-indian|pattu-pavadai|festive|ready-to-wear,active,false,false,true,festival|wedding|temple-ceremony|birthday,https://cdn.amzira.com/catalog/neela-royal-blue-checked-butta-pattu-pavadai/01.webp|https://cdn.amzira.com/catalog/neela-royal-blue-checked-butta-pattu-pavadai/02.webp|https://cdn.amzira.com/catalog/neela-royal-blue-checked-butta-pattu-pavadai/03.webp|https://cdn.amzira.com/catalog/neela-royal-blue-checked-butta-pattu-pavadai/04.webp|https://cdn.amzira.com/catalog/neela-royal-blue-checked-butta-pattu-pavadai/05.webp|https://cdn.amzira.com/catalog/neela-royal-blue-checked-butta-pattu-pavadai/06.webp,KLC-HBT-RBL-GLD-CHK-0456-01-21,3-4Y,Royal Blue / Gold,1,0.00,true,amzira_local_inventory,456_Haresh_Checks/1,KLC-HBT-RBL-GLD-CHK-0456-01
neela-royal-blue-checked-butta-pattu-pavadai,Neela Royal Blue Checked Butta Pattu Pavadai,pattu-pavadai,,1899.00,1299.00,"A ready-to-wear South Indian lehenga choli set for girls in royal blue / gold, finished with checked butta detailing and a traditional woven border. Designed for festivals, weddings, temple ceremonies and family celebrations. The set includes one choli and one lehenga.",Silk Blend,"Dry clean recommended. Store folded in a cool, dry place.",Neela Royal Blue Checked Butta Pattu Pavadai for Girls | AMZIRA,"Shop Neela Royal Blue Checked Butta Pattu Pavadai, a ready-to-wear South Indian festive lehenga choli for girls aged 0-10 years.",kids_girls,AMZIRA Haresh Butta,girls-lehenga-choli|south-indian|pattu-pavadai|festive|ready-to-wear,active,false,false,true,festival|wedding|temple-ceremony|birthday,https://cdn.amzira.com/catalog/neela-royal-blue-checked-butta-pattu-pavadai/01.webp|https://cdn.amzira.com/catalog/neela-royal-blue-checked-butta-pattu-pavadai/02.webp|https://cdn.amzira.com/catalog/neela-royal-blue-checked-butta-pattu-pavadai/03.webp|https://cdn.amzira.com/catalog/neela-royal-blue-checked-butta-pattu-pavadai/04.webp|https://cdn.amzira.com/catalog/neela-royal-blue-checked-butta-pattu-pavadai/05.webp|https://cdn.amzira.com/catalog/neela-royal-blue-checked-butta-pattu-pavadai/06.webp,KLC-HBT-RBL-GLD-CHK-0456-01-22,4-5Y,Royal Blue / Gold,3,0.00,true,amzira_local_inventory,456_Haresh_Checks/1,KLC-HBT-RBL-GLD-CHK-0456-01
neela-royal-blue-checked-butta-pattu-pavadai,Neela Royal Blue Checked Butta Pattu Pavadai,pattu-pavadai,,1899.00,1299.00,"A ready-to-wear South Indian lehenga choli set for girls in royal blue / gold, finished with checked butta detailing and a traditional woven border. Designed for festivals, weddings, temple ceremonies and family celebrations. The set includes one choli and one lehenga.",Silk Blend,"Dry clean recommended. Store folded in a cool, dry place.",Neela Royal Blue Checked Butta Pattu Pavadai for Girls | AMZIRA,"Shop Neela Royal Blue Checked Butta Pattu Pavadai, a ready-to-wear South Indian festive lehenga choli for girls aged 0-10 years.",kids_girls,AMZIRA Haresh Butta,girls-lehenga-choli|south-indian|pattu-pavadai|festive|ready-to-wear,active,false,false,true,festival|wedding|temple-ceremony|birthday,https://cdn.amzira.com/catalog/neela-royal-blue-checked-butta-pattu-pavadai/01.webp|https://cdn.amzira.com/catalog/neela-royal-blue-checked-butta-pattu-pavadai/02.webp|https://cdn.amzira.com/catalog/neela-royal-blue-checked-butta-pattu-pavadai/03.webp|https://cdn.amzira.com/catalog/neela-royal-blue-checked-butta-pattu-pavadai/04.webp|https://cdn.amzira.com/catalog/neela-royal-blue-checked-butta-pattu-pavadai/05.webp|https://cdn.amzira.com/catalog/neela-royal-blue-checked-butta-pattu-pavadai/06.webp,KLC-HBT-RBL-GLD-CHK-0456-01-24,5-6Y,Royal Blue / Gold,3,0.00,true,amzira_local_inventory,456_Haresh_Checks/1,KLC-HBT-RBL-GLD-CHK-0456-01
neela-royal-blue-checked-butta-pattu-pavadai,Neela Royal Blue Checked Butta Pattu Pavadai,pattu-pavadai,,1899.00,1299.00,"A ready-to-wear South Indian lehenga choli set for girls in royal blue / gold, finished with checked butta detailing and a traditional woven border. Designed for festivals, weddings, temple ceremonies and family celebrations. The set includes one choli and one lehenga.",Silk Blend,"Dry clean recommended. Store folded in a cool, dry place.",Neela Royal Blue Checked Butta Pattu Pavadai for Girls | AMZIRA,"Shop Neela Royal Blue Checked Butta Pattu Pavadai, a ready-to-wear South Indian festive lehenga choli for girls aged 0-10 years.",kids_girls,AMZIRA Haresh Butta,girls-lehenga-choli|south-indian|pattu-pavadai|festive|ready-to-wear,active,false,false,true,festival|wedding|temple-ceremony|birthday,https://cdn.amzira.com/catalog/neela-royal-blue-checked-butta-pattu-pavadai/01.webp|https://cdn.amzira.com/catalog/neela-royal-blue-checked-butta-pattu-pavadai/02.webp|https://cdn.amzira.com/catalog/neela-royal-blue-checked-butta-pattu-pavadai/03.webp|https://cdn.amzira.com/catalog/neela-royal-blue-checked-butta-pattu-pavadai/04.webp|https://cdn.amzira.com/catalog/neela-royal-blue-checked-butta-pattu-pavadai/05.webp|https://cdn.amzira.com/catalog/neela-royal-blue-checked-butta-pattu-pavadai/06.webp,KLC-HBT-RBL-GLD-CHK-0456-01-26,6-7Y,Royal Blue / Gold,3,0.00,true,amzira_local_inventory,456_Haresh_Checks/1,KLC-HBT-RBL-GLD-CHK-0456-01
neela-royal-blue-checked-butta-pattu-pavadai,Neela Royal Blue Checked Butta Pattu Pavadai,pattu-pavadai,,1899.00,1299.00,"A ready-to-wear South Indian lehenga choli set for girls in royal blue / gold, finished with checked butta detailing and a traditional woven border. Designed for festivals, weddings, temple ceremonies and family celebrations. The set includes one choli and one lehenga.",Silk Blend,"Dry clean recommended. Store folded in a cool, dry place.",Neela Royal Blue Checked Butta Pattu Pavadai for Girls | AMZIRA,"Shop Neela Royal Blue Checked Butta Pattu Pavadai, a ready-to-wear South Indian festive lehenga choli for girls aged 0-10 years.",kids_girls,AMZIRA Haresh Butta,girls-lehenga-choli|south-indian|pattu-pavadai|festive|ready-to-wear,active,false,false,true,festival|wedding|temple-ceremony|birthday,https://cdn.amzira.com/catalog/neela-royal-blue-checked-butta-pattu-pavadai/01.webp|https://cdn.amzira.com/catalog/neela-royal-blue-checked-butta-pattu-pavadai/02.webp|https://cdn.amzira.com/catalog/neela-royal-blue-checked-butta-pattu-pavadai/03.webp|https://cdn.amzira.com/catalog/neela-royal-blue-checked-butta-pattu-pavadai/04.webp|https://cdn.amzira.com/catalog/neela-royal-blue-checked-butta-pattu-pavadai/05.webp|https://cdn.amzira.com/catalog/neela-royal-blue-checked-butta-pattu-pavadai/06.webp,KLC-HBT-RBL-GLD-CHK-0456-01-28,7-8Y,Royal Blue / Gold,3,0.00,true,amzira_local_inventory,456_Haresh_Checks/1,KLC-HBT-RBL-GLD-CHK-0456-01
neela-royal-blue-checked-butta-pattu-pavadai,Neela Royal Blue Checked Butta Pattu Pavadai,pattu-pavadai,,1899.00,1299.00,"A ready-to-wear South Indian lehenga choli set for girls in royal blue / gold, finished with checked butta detailing and a traditional woven border. Designed for festivals, weddings, temple ceremonies and family celebrations. The set includes one choli and one lehenga.",Silk Blend,"Dry clean recommended. Store folded in a cool, dry place.",Neela Royal Blue Checked Butta Pattu Pavadai for Girls | AMZIRA,"Shop Neela Royal Blue Checked Butta Pattu Pavadai, a ready-to-wear South Indian festive lehenga choli for girls aged 0-10 years.",kids_girls,AMZIRA Haresh Butta,girls-lehenga-choli|south-indian|pattu-pavadai|festive|ready-to-wear,active,false,false,true,festival|wedding|temple-ceremony|birthday,https://cdn.amzira.com/catalog/neela-royal-blue-checked-butta-pattu-pavadai/01.webp|https://cdn.amzira.com/catalog/neela-royal-blue-checked-butta-pattu-pavadai/02.webp|https://cdn.amzira.com/catalog/neela-royal-blue-checked-butta-pattu-pavadai/03.webp|https://cdn.amzira.com/catalog/neela-royal-blue-checked-butta-pattu-pavadai/04.webp|https://cdn.amzira.com/catalog/neela-royal-blue-checked-butta-pattu-pavadai/05.webp|https://cdn.amzira.com/catalog/neela-royal-blue-checked-butta-pattu-pavadai/06.webp,KLC-HBT-RBL-GLD-CHK-0456-01-33,9-10Y,Royal Blue / Gold,3,0.00,true,amzira_local_inventory,456_Haresh_Checks/1,KLC-HBT-RBL-GLD-CHK-0456-01
gauri-green-rani-pink-checked-butta-pattu-pavadai,Gauri Green Rani Pink Checked Butta Pattu Pavadai,pattu-pavadai,,1899.00,1299.00,"A ready-to-wear South Indian lehenga choli set for girls in green / rani pink, finished with checked butta detailing and a traditional woven border. Designed for festivals, weddings, temple ceremonies and family celebrations. The set includes one choli and one lehenga.",Silk Blend,"Dry clean recommended. Store folded in a cool, dry place.",Gauri Green Rani Pink Checked Butta Pattu Pavadai for Girls | AMZIRA,"Shop Gauri Green Rani Pink Checked Butta Pattu Pavadai, a ready-to-wear South Indian festive lehenga choli for girls aged 0-10 years.",kids_girls,AMZIRA Haresh Butta,girls-lehenga-choli|south-indian|pattu-pavadai|festive|ready-to-wear,active,false,false,true,festival|wedding|temple-ceremony|birthday,https://cdn.amzira.com/catalog/gauri-green-rani-pink-checked-butta-pattu-pavadai/01.webp|https://cdn.amzira.com/catalog/gauri-green-rani-pink-checked-butta-pattu-pavadai/02.webp|https://cdn.amzira.com/catalog/gauri-green-rani-pink-checked-butta-pattu-pavadai/03.webp|https://cdn.amzira.com/catalog/gauri-green-rani-pink-checked-butta-pattu-pavadai/04.webp|https://cdn.amzira.com/catalog/gauri-green-rani-pink-checked-butta-pattu-pavadai/05.webp|https://cdn.amzira.com/catalog/gauri-green-rani-pink-checked-butta-pattu-pavadai/06.webp|https://cdn.amzira.com/catalog/gauri-green-rani-pink-checked-butta-pattu-pavadai/07.webp,KLC-HBT-GRN-RPK-CHK-0456-02-18,1-2Y,Green / Rani Pink,1,0.00,true,amzira_local_inventory,456_Haresh_Checks/2,KLC-HBT-GRN-RPK-CHK-0456-02
gauri-green-rani-pink-checked-butta-pattu-pavadai,Gauri Green Rani Pink Checked Butta Pattu Pavadai,pattu-pavadai,,1899.00,1299.00,"A ready-to-wear South Indian lehenga choli set for girls in green / rani pink, finished with checked butta detailing and a traditional woven border. Designed for festivals, weddings, temple ceremonies and family celebrations. The set includes one choli and one lehenga.",Silk Blend,"Dry clean recommended. Store folded in a cool, dry place.",Gauri Green Rani Pink Checked Butta Pattu Pavadai for Girls | AMZIRA,"Shop Gauri Green Rani Pink Checked Butta Pattu Pavadai, a ready-to-wear South Indian festive lehenga choli for girls aged 0-10 years.",kids_girls,AMZIRA Haresh Butta,girls-lehenga-choli|south-indian|pattu-pavadai|festive|ready-to-wear,active,false,false,true,festival|wedding|temple-ceremony|birthday,https://cdn.amzira.com/catalog/gauri-green-rani-pink-checked-butta-pattu-pavadai/01.webp|https://cdn.amzira.com/catalog/gauri-green-rani-pink-checked-butta-pattu-pavadai/02.webp|https://cdn.amzira.com/catalog/gauri-green-rani-pink-checked-butta-pattu-pavadai/03.webp|https://cdn.amzira.com/catalog/gauri-green-rani-pink-checked-butta-pattu-pavadai/04.webp|https://cdn.amzira.com/catalog/gauri-green-rani-pink-checked-butta-pattu-pavadai/05.webp|https://cdn.amzira.com/catalog/gauri-green-rani-pink-checked-butta-pattu-pavadai/06.webp|https://cdn.amzira.com/catalog/gauri-green-rani-pink-checked-butta-pattu-pavadai/07.webp,KLC-HBT-GRN-RPK-CHK-0456-02-20,2-3Y,Green / Rani Pink,1,0.00,true,amzira_local_inventory,456_Haresh_Checks/2,KLC-HBT-GRN-RPK-CHK-0456-02
gauri-green-rani-pink-checked-butta-pattu-pavadai,Gauri Green Rani Pink Checked Butta Pattu Pavadai,pattu-pavadai,,1899.00,1299.00,"A ready-to-wear South Indian lehenga choli set for girls in green / rani pink, finished with checked butta detailing and a traditional woven border. Designed for festivals, weddings, temple ceremonies and family celebrations. The set includes one choli and one lehenga.",Silk Blend,"Dry clean recommended. Store folded in a cool, dry place.",Gauri Green Rani Pink Checked Butta Pattu Pavadai for Girls | AMZIRA,"Shop Gauri Green Rani Pink Checked Butta Pattu Pavadai, a ready-to-wear South Indian festive lehenga choli for girls aged 0-10 years.",kids_girls,AMZIRA Haresh Butta,girls-lehenga-choli|south-indian|pattu-pavadai|festive|ready-to-wear,active,false,false,true,festival|wedding|temple-ceremony|birthday,https://cdn.amzira.com/catalog/gauri-green-rani-pink-checked-butta-pattu-pavadai/01.webp|https://cdn.amzira.com/catalog/gauri-green-rani-pink-checked-butta-pattu-pavadai/02.webp|https://cdn.amzira.com/catalog/gauri-green-rani-pink-checked-butta-pattu-pavadai/03.webp|https://cdn.amzira.com/catalog/gauri-green-rani-pink-checked-butta-pattu-pavadai/04.webp|https://cdn.amzira.com/catalog/gauri-green-rani-pink-checked-butta-pattu-pavadai/05.webp|https://cdn.amzira.com/catalog/gauri-green-rani-pink-checked-butta-pattu-pavadai/06.webp|https://cdn.amzira.com/catalog/gauri-green-rani-pink-checked-butta-pattu-pavadai/07.webp,KLC-HBT-GRN-RPK-CHK-0456-02-21,3-4Y,Green / Rani Pink,1,0.00,true,amzira_local_inventory,456_Haresh_Checks/2,KLC-HBT-GRN-RPK-CHK-0456-02
gauri-green-rani-pink-checked-butta-pattu-pavadai,Gauri Green Rani Pink Checked Butta Pattu Pavadai,pattu-pavadai,,1899.00,1299.00,"A ready-to-wear South Indian lehenga choli set for girls in green / rani pink, finished with checked butta detailing and a traditional woven border. Designed for festivals, weddings, temple ceremonies and family celebrations. The set includes one choli and one lehenga.",Silk Blend,"Dry clean recommended. Store folded in a cool, dry place.",Gauri Green Rani Pink Checked Butta Pattu Pavadai for Girls | AMZIRA,"Shop Gauri Green Rani Pink Checked Butta Pattu Pavadai, a ready-to-wear South Indian festive lehenga choli for girls aged 0-10 years.",kids_girls,AMZIRA Haresh Butta,girls-lehenga-choli|south-indian|pattu-pavadai|festive|ready-to-wear,active,false,false,true,festival|wedding|temple-ceremony|birthday,https://cdn.amzira.com/catalog/gauri-green-rani-pink-checked-butta-pattu-pavadai/01.webp|https://cdn.amzira.com/catalog/gauri-green-rani-pink-checked-butta-pattu-pavadai/02.webp|https://cdn.amzira.com/catalog/gauri-green-rani-pink-checked-butta-pattu-pavadai/03.webp|https://cdn.amzira.com/catalog/gauri-green-rani-pink-checked-butta-pattu-pavadai/04.webp|https://cdn.amzira.com/catalog/gauri-green-rani-pink-checked-butta-pattu-pavadai/05.webp|https://cdn.amzira.com/catalog/gauri-green-rani-pink-checked-butta-pattu-pavadai/06.webp|https://cdn.amzira.com/catalog/gauri-green-rani-pink-checked-butta-pattu-pavadai/07.webp,KLC-HBT-GRN-RPK-CHK-0456-02-22,4-5Y,Green / Rani Pink,3,0.00,true,amzira_local_inventory,456_Haresh_Checks/2,KLC-HBT-GRN-RPK-CHK-0456-02
gauri-green-rani-pink-checked-butta-pattu-pavadai,Gauri Green Rani Pink Checked Butta Pattu Pavadai,pattu-pavadai,,1899.00,1299.00,"A ready-to-wear South Indian lehenga choli set for girls in green / rani pink, finished with checked butta detailing and a traditional woven border. Designed for festivals, weddings, temple ceremonies and family celebrations. The set includes one choli and one lehenga.",Silk Blend,"Dry clean recommended. Store folded in a cool, dry place.",Gauri Green Rani Pink Checked Butta Pattu Pavadai for Girls | AMZIRA,"Shop Gauri Green Rani Pink Checked Butta Pattu Pavadai, a ready-to-wear South Indian festive lehenga choli for girls aged 0-10 years.",kids_girls,AMZIRA Haresh Butta,girls-lehenga-choli|south-indian|pattu-pavadai|festive|ready-to-wear,active,false,false,true,festival|wedding|temple-ceremony|birthday,https://cdn.amzira.com/catalog/gauri-green-rani-pink-checked-butta-pattu-pavadai/01.webp|https://cdn.amzira.com/catalog/gauri-green-rani-pink-checked-butta-pattu-pavadai/02.webp|https://cdn.amzira.com/catalog/gauri-green-rani-pink-checked-butta-pattu-pavadai/03.webp|https://cdn.amzira.com/catalog/gauri-green-rani-pink-checked-butta-pattu-pavadai/04.webp|https://cdn.amzira.com/catalog/gauri-green-rani-pink-checked-butta-pattu-pavadai/05.webp|https://cdn.amzira.com/catalog/gauri-green-rani-pink-checked-butta-pattu-pavadai/06.webp|https://cdn.amzira.com/catalog/gauri-green-rani-pink-checked-butta-pattu-pavadai/07.webp,KLC-HBT-GRN-RPK-CHK-0456-02-24,5-6Y,Green / Rani Pink,3,0.00,true,amzira_local_inventory,456_Haresh_Checks/2,KLC-HBT-GRN-RPK-CHK-0456-02
gauri-green-rani-pink-checked-butta-pattu-pavadai,Gauri Green Rani Pink Checked Butta Pattu Pavadai,pattu-pavadai,,1899.00,1299.00,"A ready-to-wear South Indian lehenga choli set for girls in green / rani pink, finished with checked butta detailing and a traditional woven border. Designed for festivals, weddings, temple ceremonies and family celebrations. The set includes one choli and one lehenga.",Silk Blend,"Dry clean recommended. Store folded in a cool, dry place.",Gauri Green Rani Pink Checked Butta Pattu Pavadai for Girls | AMZIRA,"Shop Gauri Green Rani Pink Checked Butta Pattu Pavadai, a ready-to-wear South Indian festive lehenga choli for girls aged 0-10 years.",kids_girls,AMZIRA Haresh Butta,girls-lehenga-choli|south-indian|pattu-pavadai|festive|ready-to-wear,active,false,false,true,festival|wedding|temple-ceremony|birthday,https://cdn.amzira.com/catalog/gauri-green-rani-pink-checked-butta-pattu-pavadai/01.webp|https://cdn.amzira.com/catalog/gauri-green-rani-pink-checked-butta-pattu-pavadai/02.webp|https://cdn.amzira.com/catalog/gauri-green-rani-pink-checked-butta-pattu-pavadai/03.webp|https://cdn.amzira.com/catalog/gauri-green-rani-pink-checked-butta-pattu-pavadai/04.webp|https://cdn.amzira.com/catalog/gauri-green-rani-pink-checked-butta-pattu-pavadai/05.webp|https://cdn.amzira.com/catalog/gauri-green-rani-pink-checked-butta-pattu-pavadai/06.webp|https://cdn.amzira.com/catalog/gauri-green-rani-pink-checked-butta-pattu-pavadai/07.webp,KLC-HBT-GRN-RPK-CHK-0456-02-26,6-7Y,Green / Rani Pink,3,0.00,true,amzira_local_inventory,456_Haresh_Checks/2,KLC-HBT-GRN-RPK-CHK-0456-02
gauri-green-rani-pink-checked-butta-pattu-pavadai,Gauri Green Rani Pink Checked Butta Pattu Pavadai,pattu-pavadai,,1899.00,1299.00,"A ready-to-wear South Indian lehenga choli set for girls in green / rani pink, finished with checked butta detailing and a traditional woven border. Designed for festivals, weddings, temple ceremonies and family celebrations. The set includes one choli and one lehenga.",Silk Blend,"Dry clean recommended. Store folded in a cool, dry place.",Gauri Green Rani Pink Checked Butta Pattu Pavadai for Girls | AMZIRA,"Shop Gauri Green Rani Pink Checked Butta Pattu Pavadai, a ready-to-wear South Indian festive lehenga choli for girls aged 0-10 years.",kids_girls,AMZIRA Haresh Butta,girls-lehenga-choli|south-indian|pattu-pavadai|festive|ready-to-wear,active,false,false,true,festival|wedding|temple-ceremony|birthday,https://cdn.amzira.com/catalog/gauri-green-rani-pink-checked-butta-pattu-pavadai/01.webp|https://cdn.amzira.com/catalog/gauri-green-rani-pink-checked-butta-pattu-pavadai/02.webp|https://cdn.amzira.com/catalog/gauri-green-rani-pink-checked-butta-pattu-pavadai/03.webp|https://cdn.amzira.com/catalog/gauri-green-rani-pink-checked-butta-pattu-pavadai/04.webp|https://cdn.amzira.com/catalog/gauri-green-rani-pink-checked-butta-pattu-pavadai/05.webp|https://cdn.amzira.com/catalog/gauri-green-rani-pink-checked-butta-pattu-pavadai/06.webp|https://cdn.amzira.com/catalog/gauri-green-rani-pink-checked-butta-pattu-pavadai/07.webp,KLC-HBT-GRN-RPK-CHK-0456-02-28,7-8Y,Green / Rani Pink,3,0.00,true,amzira_local_inventory,456_Haresh_Checks/2,KLC-HBT-GRN-RPK-CHK-0456-02
gauri-green-rani-pink-checked-butta-pattu-pavadai,Gauri Green Rani Pink Checked Butta Pattu Pavadai,pattu-pavadai,,1899.00,1299.00,"A ready-to-wear South Indian lehenga choli set for girls in green / rani pink, finished with checked butta detailing and a traditional woven border. Designed for festivals, weddings, temple ceremonies and family celebrations. The set includes one choli and one lehenga.",Silk Blend,"Dry clean recommended. Store folded in a cool, dry place.",Gauri Green Rani Pink Checked Butta Pattu Pavadai for Girls | AMZIRA,"Shop Gauri Green Rani Pink Checked Butta Pattu Pavadai, a ready-to-wear South Indian festive lehenga choli for girls aged 0-10 years.",kids_girls,AMZIRA Haresh Butta,girls-lehenga-choli|south-indian|pattu-pavadai|festive|ready-to-wear,active,false,false,true,festival|wedding|temple-ceremony|birthday,https://cdn.amzira.com/catalog/gauri-green-rani-pink-checked-butta-pattu-pavadai/01.webp|https://cdn.amzira.com/catalog/gauri-green-rani-pink-checked-butta-pattu-pavadai/02.webp|https://cdn.amzira.com/catalog/gauri-green-rani-pink-checked-butta-pattu-pavadai/03.webp|https://cdn.amzira.com/catalog/gauri-green-rani-pink-checked-butta-pattu-pavadai/04.webp|https://cdn.amzira.com/catalog/gauri-green-rani-pink-checked-butta-pattu-pavadai/05.webp|https://cdn.amzira.com/catalog/gauri-green-rani-pink-checked-butta-pattu-pavadai/06.webp|https://cdn.amzira.com/catalog/gauri-green-rani-pink-checked-butta-pattu-pavadai/07.webp,KLC-HBT-GRN-RPK-CHK-0456-02-33,9-10Y,Green / Rani Pink,3,0.00,true,amzira_local_inventory,456_Haresh_Checks/2,KLC-HBT-GRN-RPK-CHK-0456-02
mahi-purple-green-checked-butta-pattu-pavadai,Mahi Purple Green Checked Butta Pattu Pavadai,pattu-pavadai,,1899.00,1299.00,"A ready-to-wear South Indian lehenga choli set for girls in purple / green, finished with checked butta detailing and a traditional woven border. Designed for festivals, weddings, temple ceremonies and family celebrations. The set includes one choli and one lehenga.",Silk Blend,"Dry clean recommended. Store folded in a cool, dry place.",Mahi Purple Green Checked Butta Pattu Pavadai for Girls | AMZIRA,"Shop Mahi Purple Green Checked Butta Pattu Pavadai, a ready-to-wear South Indian festive lehenga choli for girls aged 0-10 years.",kids_girls,AMZIRA Haresh Butta,girls-lehenga-choli|south-indian|pattu-pavadai|festive|ready-to-wear,active,false,false,true,festival|wedding|temple-ceremony|birthday,https://cdn.amzira.com/catalog/mahi-purple-green-checked-butta-pattu-pavadai/01.webp|https://cdn.amzira.com/catalog/mahi-purple-green-checked-butta-pattu-pavadai/02.webp|https://cdn.amzira.com/catalog/mahi-purple-green-checked-butta-pattu-pavadai/03.webp|https://cdn.amzira.com/catalog/mahi-purple-green-checked-butta-pattu-pavadai/04.webp|https://cdn.amzira.com/catalog/mahi-purple-green-checked-butta-pattu-pavadai/05.webp|https://cdn.amzira.com/catalog/mahi-purple-green-checked-butta-pattu-pavadai/06.webp|https://cdn.amzira.com/catalog/mahi-purple-green-checked-butta-pattu-pavadai/07.webp,KLC-HBT-PUR-GRN-CHK-0456-03-18,1-2Y,Purple / Green,1,0.00,true,amzira_local_inventory,456_Haresh_Checks/3,KLC-HBT-PUR-GRN-CHK-0456-03
mahi-purple-green-checked-butta-pattu-pavadai,Mahi Purple Green Checked Butta Pattu Pavadai,pattu-pavadai,,1899.00,1299.00,"A ready-to-wear South Indian lehenga choli set for girls in purple / green, finished with checked butta detailing and a traditional woven border. Designed for festivals, weddings, temple ceremonies and family celebrations. The set includes one choli and one lehenga.",Silk Blend,"Dry clean recommended. Store folded in a cool, dry place.",Mahi Purple Green Checked Butta Pattu Pavadai for Girls | AMZIRA,"Shop Mahi Purple Green Checked Butta Pattu Pavadai, a ready-to-wear South Indian festive lehenga choli for girls aged 0-10 years.",kids_girls,AMZIRA Haresh Butta,girls-lehenga-choli|south-indian|pattu-pavadai|festive|ready-to-wear,active,false,false,true,festival|wedding|temple-ceremony|birthday,https://cdn.amzira.com/catalog/mahi-purple-green-checked-butta-pattu-pavadai/01.webp|https://cdn.amzira.com/catalog/mahi-purple-green-checked-butta-pattu-pavadai/02.webp|https://cdn.amzira.com/catalog/mahi-purple-green-checked-butta-pattu-pavadai/03.webp|https://cdn.amzira.com/catalog/mahi-purple-green-checked-butta-pattu-pavadai/04.webp|https://cdn.amzira.com/catalog/mahi-purple-green-checked-butta-pattu-pavadai/05.webp|https://cdn.amzira.com/catalog/mahi-purple-green-checked-butta-pattu-pavadai/06.webp|https://cdn.amzira.com/catalog/mahi-purple-green-checked-butta-pattu-pavadai/07.webp,KLC-HBT-PUR-GRN-CHK-0456-03-20,2-3Y,Purple / Green,1,0.00,true,amzira_local_inventory,456_Haresh_Checks/3,KLC-HBT-PUR-GRN-CHK-0456-03
mahi-purple-green-checked-butta-pattu-pavadai,Mahi Purple Green Checked Butta Pattu Pavadai,pattu-pavadai,,1899.00,1299.00,"A ready-to-wear South Indian lehenga choli set for girls in purple / green, finished with checked butta detailing and a traditional woven border. Designed for festivals, weddings, temple ceremonies and family celebrations. The set includes one choli and one lehenga.",Silk Blend,"Dry clean recommended. Store folded in a cool, dry place.",Mahi Purple Green Checked Butta Pattu Pavadai for Girls | AMZIRA,"Shop Mahi Purple Green Checked Butta Pattu Pavadai, a ready-to-wear South Indian festive lehenga choli for girls aged 0-10 years.",kids_girls,AMZIRA Haresh Butta,girls-lehenga-choli|south-indian|pattu-pavadai|festive|ready-to-wear,active,false,false,true,festival|wedding|temple-ceremony|birthday,https://cdn.amzira.com/catalog/mahi-purple-green-checked-butta-pattu-pavadai/01.webp|https://cdn.amzira.com/catalog/mahi-purple-green-checked-butta-pattu-pavadai/02.webp|https://cdn.amzira.com/catalog/mahi-purple-green-checked-butta-pattu-pavadai/03.webp|https://cdn.amzira.com/catalog/mahi-purple-green-checked-butta-pattu-pavadai/04.webp|https://cdn.amzira.com/catalog/mahi-purple-green-checked-butta-pattu-pavadai/05.webp|https://cdn.amzira.com/catalog/mahi-purple-green-checked-butta-pattu-pavadai/06.webp|https://cdn.amzira.com/catalog/mahi-purple-green-checked-butta-pattu-pavadai/07.webp,KLC-HBT-PUR-GRN-CHK-0456-03-21,3-4Y,Purple / Green,1,0.00,true,amzira_local_inventory,456_Haresh_Checks/3,KLC-HBT-PUR-GRN-CHK-0456-03
mahi-purple-green-checked-butta-pattu-pavadai,Mahi Purple Green Checked Butta Pattu Pavadai,pattu-pavadai,,1899.00,1299.00,"A ready-to-wear South Indian lehenga choli set for girls in purple / green, finished with checked butta detailing and a traditional woven border. Designed for festivals, weddings, temple ceremonies and family celebrations. The set includes one choli and one lehenga.",Silk Blend,"Dry clean recommended. Store folded in a cool, dry place.",Mahi Purple Green Checked Butta Pattu Pavadai for Girls | AMZIRA,"Shop Mahi Purple Green Checked Butta Pattu Pavadai, a ready-to-wear South Indian festive lehenga choli for girls aged 0-10 years.",kids_girls,AMZIRA Haresh Butta,girls-lehenga-choli|south-indian|pattu-pavadai|festive|ready-to-wear,active,false,false,true,festival|wedding|temple-ceremony|birthday,https://cdn.amzira.com/catalog/mahi-purple-green-checked-butta-pattu-pavadai/01.webp|https://cdn.amzira.com/catalog/mahi-purple-green-checked-butta-pattu-pavadai/02.webp|https://cdn.amzira.com/catalog/mahi-purple-green-checked-butta-pattu-pavadai/03.webp|https://cdn.amzira.com/catalog/mahi-purple-green-checked-butta-pattu-pavadai/04.webp|https://cdn.amzira.com/catalog/mahi-purple-green-checked-butta-pattu-pavadai/05.webp|https://cdn.amzira.com/catalog/mahi-purple-green-checked-butta-pattu-pavadai/06.webp|https://cdn.amzira.com/catalog/mahi-purple-green-checked-butta-pattu-pavadai/07.webp,KLC-HBT-PUR-GRN-CHK-0456-03-22,4-5Y,Purple / Green,3,0.00,true,amzira_local_inventory,456_Haresh_Checks/3,KLC-HBT-PUR-GRN-CHK-0456-03
mahi-purple-green-checked-butta-pattu-pavadai,Mahi Purple Green Checked Butta Pattu Pavadai,pattu-pavadai,,1899.00,1299.00,"A ready-to-wear South Indian lehenga choli set for girls in purple / green, finished with checked butta detailing and a traditional woven border. Designed for festivals, weddings, temple ceremonies and family celebrations. The set includes one choli and one lehenga.",Silk Blend,"Dry clean recommended. Store folded in a cool, dry place.",Mahi Purple Green Checked Butta Pattu Pavadai for Girls | AMZIRA,"Shop Mahi Purple Green Checked Butta Pattu Pavadai, a ready-to-wear South Indian festive lehenga choli for girls aged 0-10 years.",kids_girls,AMZIRA Haresh Butta,girls-lehenga-choli|south-indian|pattu-pavadai|festive|ready-to-wear,active,false,false,true,festival|wedding|temple-ceremony|birthday,https://cdn.amzira.com/catalog/mahi-purple-green-checked-butta-pattu-pavadai/01.webp|https://cdn.amzira.com/catalog/mahi-purple-green-checked-butta-pattu-pavadai/02.webp|https://cdn.amzira.com/catalog/mahi-purple-green-checked-butta-pattu-pavadai/03.webp|https://cdn.amzira.com/catalog/mahi-purple-green-checked-butta-pattu-pavadai/04.webp|https://cdn.amzira.com/catalog/mahi-purple-green-checked-butta-pattu-pavadai/05.webp|https://cdn.amzira.com/catalog/mahi-purple-green-checked-butta-pattu-pavadai/06.webp|https://cdn.amzira.com/catalog/mahi-purple-green-checked-butta-pattu-pavadai/07.webp,KLC-HBT-PUR-GRN-CHK-0456-03-24,5-6Y,Purple / Green,3,0.00,true,amzira_local_inventory,456_Haresh_Checks/3,KLC-HBT-PUR-GRN-CHK-0456-03
mahi-purple-green-checked-butta-pattu-pavadai,Mahi Purple Green Checked Butta Pattu Pavadai,pattu-pavadai,,1899.00,1299.00,"A ready-to-wear South Indian lehenga choli set for girls in purple / green, finished with checked butta detailing and a traditional woven border. Designed for festivals, weddings, temple ceremonies and family celebrations. The set includes one choli and one lehenga.",Silk Blend,"Dry clean recommended. Store folded in a cool, dry place.",Mahi Purple Green Checked Butta Pattu Pavadai for Girls | AMZIRA,"Shop Mahi Purple Green Checked Butta Pattu Pavadai, a ready-to-wear South Indian festive lehenga choli for girls aged 0-10 years.",kids_girls,AMZIRA Haresh Butta,girls-lehenga-choli|south-indian|pattu-pavadai|festive|ready-to-wear,active,false,false,true,festival|wedding|temple-ceremony|birthday,https://cdn.amzira.com/catalog/mahi-purple-green-checked-butta-pattu-pavadai/01.webp|https://cdn.amzira.com/catalog/mahi-purple-green-checked-butta-pattu-pavadai/02.webp|https://cdn.amzira.com/catalog/mahi-purple-green-checked-butta-pattu-pavadai/03.webp|https://cdn.amzira.com/catalog/mahi-purple-green-checked-butta-pattu-pavadai/04.webp|https://cdn.amzira.com/catalog/mahi-purple-green-checked-butta-pattu-pavadai/05.webp|https://cdn.amzira.com/catalog/mahi-purple-green-checked-butta-pattu-pavadai/06.webp|https://cdn.amzira.com/catalog/mahi-purple-green-checked-butta-pattu-pavadai/07.webp,KLC-HBT-PUR-GRN-CHK-0456-03-26,6-7Y,Purple / Green,3,0.00,true,amzira_local_inventory,456_Haresh_Checks/3,KLC-HBT-PUR-GRN-CHK-0456-03
mahi-purple-green-checked-butta-pattu-pavadai,Mahi Purple Green Checked Butta Pattu Pavadai,pattu-pavadai,,1899.00,1299.00,"A ready-to-wear South Indian lehenga choli set for girls in purple / green, finished with checked butta detailing and a traditional woven border. Designed for festivals, weddings, temple ceremonies and family celebrations. The set includes one choli and one lehenga.",Silk Blend,"Dry clean recommended. Store folded in a cool, dry place.",Mahi Purple Green Checked Butta Pattu Pavadai for Girls | AMZIRA,"Shop Mahi Purple Green Checked Butta Pattu Pavadai, a ready-to-wear South Indian festive lehenga choli for girls aged 0-10 years.",kids_girls,AMZIRA Haresh Butta,girls-lehenga-choli|south-indian|pattu-pavadai|festive|ready-to-wear,active,false,false,true,festival|wedding|temple-ceremony|birthday,https://cdn.amzira.com/catalog/mahi-purple-green-checked-butta-pattu-pavadai/01.webp|https://cdn.amzira.com/catalog/mahi-purple-green-checked-butta-pattu-pavadai/02.webp|https://cdn.amzira.com/catalog/mahi-purple-green-checked-butta-pattu-pavadai/03.webp|https://cdn.amzira.com/catalog/mahi-purple-green-checked-butta-pattu-pavadai/04.webp|https://cdn.amzira.com/catalog/mahi-purple-green-checked-butta-pattu-pavadai/05.webp|https://cdn.amzira.com/catalog/mahi-purple-green-checked-butta-pattu-pavadai/06.webp|https://cdn.amzira.com/catalog/mahi-purple-green-checked-butta-pattu-pavadai/07.webp,KLC-HBT-PUR-GRN-CHK-0456-03-28,7-8Y,Purple / Green,3,0.00,true,amzira_local_inventory,456_Haresh_Checks/3,KLC-HBT-PUR-GRN-CHK-0456-03
mahi-purple-green-checked-butta-pattu-pavadai,Mahi Purple Green Checked Butta Pattu Pavadai,pattu-pavadai,,1899.00,1299.00,"A ready-to-wear South Indian lehenga choli set for girls in purple / green, finished with checked butta detailing and a traditional woven border. Designed for festivals, weddings, temple ceremonies and family celebrations. The set includes one choli and one lehenga.",Silk Blend,"Dry clean recommended. Store folded in a cool, dry place.",Mahi Purple Green Checked Butta Pattu Pavadai for Girls | AMZIRA,"Shop Mahi Purple Green Checked Butta Pattu Pavadai, a ready-to-wear South Indian festive lehenga choli for girls aged 0-10 years.",kids_girls,AMZIRA Haresh Butta,girls-lehenga-choli|south-indian|pattu-pavadai|festive|ready-to-wear,active,false,false,true,festival|wedding|temple-ceremony|birthday,https://cdn.amzira.com/catalog/mahi-purple-green-checked-butta-pattu-pavadai/01.webp|https://cdn.amzira.com/catalog/mahi-purple-green-checked-butta-pattu-pavadai/02.webp|https://cdn.amzira.com/catalog/mahi-purple-green-checked-butta-pattu-pavadai/03.webp|https://cdn.amzira.com/catalog/mahi-purple-green-checked-butta-pattu-pavadai/04.webp|https://cdn.amzira.com/catalog/mahi-purple-green-checked-butta-pattu-pavadai/05.webp|https://cdn.amzira.com/catalog/mahi-purple-green-checked-butta-pattu-pavadai/06.webp|https://cdn.amzira.com/catalog/mahi-purple-green-checked-butta-pattu-pavadai/07.webp,KLC-HBT-PUR-GRN-CHK-0456-03-33,9-10Y,Purple / Green,3,0.00,true,amzira_local_inventory,456_Haresh_Checks/3,KLC-HBT-PUR-GRN-CHK-0456-03
tara-royal-blue-ivory-checked-butta-pattu-pavadai,Tara Royal Blue Ivory Checked Butta Pattu Pavadai,pattu-pavadai,,1899.00,1299.00,"A ready-to-wear South Indian lehenga choli set for girls in royal blue / ivory, finished with checked butta detailing and a traditional woven border. Designed for festivals, weddings, temple ceremonies and family celebrations. The set includes one choli and one lehenga.",Silk Blend,"Dry clean recommended. Store folded in a cool, dry place.",Tara Royal Blue Ivory Checked Butta Pattu Pavadai for Girls | AMZIRA,"Shop Tara Royal Blue Ivory Checked Butta Pattu Pavadai, a ready-to-wear South Indian festive lehenga choli for girls aged 0-10 years.",kids_girls,AMZIRA Haresh Butta,girls-lehenga-choli|south-indian|pattu-pavadai|festive|ready-to-wear,active,false,false,true,festival|wedding|temple-ceremony|birthday,https://cdn.amzira.com/catalog/tara-royal-blue-ivory-checked-butta-pattu-pavadai/01.webp|https://cdn.amzira.com/catalog/tara-royal-blue-ivory-checked-butta-pattu-pavadai/02.webp|https://cdn.amzira.com/catalog/tara-royal-blue-ivory-checked-butta-pattu-pavadai/03.webp|https://cdn.amzira.com/catalog/tara-royal-blue-ivory-checked-butta-pattu-pavadai/04.webp|https://cdn.amzira.com/catalog/tara-royal-blue-ivory-checked-butta-pattu-pavadai/05.webp|https://cdn.amzira.com/catalog/tara-royal-blue-ivory-checked-butta-pattu-pavadai/06.webp,KLC-HBT-RBL-IVR-CHK-0456-04-18,1-2Y,Royal Blue / Ivory,1,0.00,true,amzira_local_inventory,456_Haresh_Checks/4,KLC-HBT-RBL-IVR-CHK-0456-04
tara-royal-blue-ivory-checked-butta-pattu-pavadai,Tara Royal Blue Ivory Checked Butta Pattu Pavadai,pattu-pavadai,,1899.00,1299.00,"A ready-to-wear South Indian lehenga choli set for girls in royal blue / ivory, finished with checked butta detailing and a traditional woven border. Designed for festivals, weddings, temple ceremonies and family celebrations. The set includes one choli and one lehenga.",Silk Blend,"Dry clean recommended. Store folded in a cool, dry place.",Tara Royal Blue Ivory Checked Butta Pattu Pavadai for Girls | AMZIRA,"Shop Tara Royal Blue Ivory Checked Butta Pattu Pavadai, a ready-to-wear South Indian festive lehenga choli for girls aged 0-10 years.",kids_girls,AMZIRA Haresh Butta,girls-lehenga-choli|south-indian|pattu-pavadai|festive|ready-to-wear,active,false,false,true,festival|wedding|temple-ceremony|birthday,https://cdn.amzira.com/catalog/tara-royal-blue-ivory-checked-butta-pattu-pavadai/01.webp|https://cdn.amzira.com/catalog/tara-royal-blue-ivory-checked-butta-pattu-pavadai/02.webp|https://cdn.amzira.com/catalog/tara-royal-blue-ivory-checked-butta-pattu-pavadai/03.webp|https://cdn.amzira.com/catalog/tara-royal-blue-ivory-checked-butta-pattu-pavadai/04.webp|https://cdn.amzira.com/catalog/tara-royal-blue-ivory-checked-butta-pattu-pavadai/05.webp|https://cdn.amzira.com/catalog/tara-royal-blue-ivory-checked-butta-pattu-pavadai/06.webp,KLC-HBT-RBL-IVR-CHK-0456-04-20,2-3Y,Royal Blue / Ivory,1,0.00,true,amzira_local_inventory,456_Haresh_Checks/4,KLC-HBT-RBL-IVR-CHK-0456-04
tara-royal-blue-ivory-checked-butta-pattu-pavadai,Tara Royal Blue Ivory Checked Butta Pattu Pavadai,pattu-pavadai,,1899.00,1299.00,"A ready-to-wear South Indian lehenga choli set for girls in royal blue / ivory, finished with checked butta detailing and a traditional woven border. Designed for festivals, weddings, temple ceremonies and family celebrations. The set includes one choli and one lehenga.",Silk Blend,"Dry clean recommended. Store folded in a cool, dry place.",Tara Royal Blue Ivory Checked Butta Pattu Pavadai for Girls | AMZIRA,"Shop Tara Royal Blue Ivory Checked Butta Pattu Pavadai, a ready-to-wear South Indian festive lehenga choli for girls aged 0-10 years.",kids_girls,AMZIRA Haresh Butta,girls-lehenga-choli|south-indian|pattu-pavadai|festive|ready-to-wear,active,false,false,true,festival|wedding|temple-ceremony|birthday,https://cdn.amzira.com/catalog/tara-royal-blue-ivory-checked-butta-pattu-pavadai/01.webp|https://cdn.amzira.com/catalog/tara-royal-blue-ivory-checked-butta-pattu-pavadai/02.webp|https://cdn.amzira.com/catalog/tara-royal-blue-ivory-checked-butta-pattu-pavadai/03.webp|https://cdn.amzira.com/catalog/tara-royal-blue-ivory-checked-butta-pattu-pavadai/04.webp|https://cdn.amzira.com/catalog/tara-royal-blue-ivory-checked-butta-pattu-pavadai/05.webp|https://cdn.amzira.com/catalog/tara-royal-blue-ivory-checked-butta-pattu-pavadai/06.webp,KLC-HBT-RBL-IVR-CHK-0456-04-21,3-4Y,Royal Blue / Ivory,1,0.00,true,amzira_local_inventory,456_Haresh_Checks/4,KLC-HBT-RBL-IVR-CHK-0456-04
tara-royal-blue-ivory-checked-butta-pattu-pavadai,Tara Royal Blue Ivory Checked Butta Pattu Pavadai,pattu-pavadai,,1899.00,1299.00,"A ready-to-wear South Indian lehenga choli set for girls in royal blue / ivory, finished with checked butta detailing and a traditional woven border. Designed for festivals, weddings, temple ceremonies and family celebrations. The set includes one choli and one lehenga.",Silk Blend,"Dry clean recommended. Store folded in a cool, dry place.",Tara Royal Blue Ivory Checked Butta Pattu Pavadai for Girls | AMZIRA,"Shop Tara Royal Blue Ivory Checked Butta Pattu Pavadai, a ready-to-wear South Indian festive lehenga choli for girls aged 0-10 years.",kids_girls,AMZIRA Haresh Butta,girls-lehenga-choli|south-indian|pattu-pavadai|festive|ready-to-wear,active,false,false,true,festival|wedding|temple-ceremony|birthday,https://cdn.amzira.com/catalog/tara-royal-blue-ivory-checked-butta-pattu-pavadai/01.webp|https://cdn.amzira.com/catalog/tara-royal-blue-ivory-checked-butta-pattu-pavadai/02.webp|https://cdn.amzira.com/catalog/tara-royal-blue-ivory-checked-butta-pattu-pavadai/03.webp|https://cdn.amzira.com/catalog/tara-royal-blue-ivory-checked-butta-pattu-pavadai/04.webp|https://cdn.amzira.com/catalog/tara-royal-blue-ivory-checked-butta-pattu-pavadai/05.webp|https://cdn.amzira.com/catalog/tara-royal-blue-ivory-checked-butta-pattu-pavadai/06.webp,KLC-HBT-RBL-IVR-CHK-0456-04-22,4-5Y,Royal Blue / Ivory,3,0.00,true,amzira_local_inventory,456_Haresh_Checks/4,KLC-HBT-RBL-IVR-CHK-0456-04
tara-royal-blue-ivory-checked-butta-pattu-pavadai,Tara Royal Blue Ivory Checked Butta Pattu Pavadai,pattu-pavadai,,1899.00,1299.00,"A ready-to-wear South Indian lehenga choli set for girls in royal blue / ivory, finished with checked butta detailing and a traditional woven border. Designed for festivals, weddings, temple ceremonies and family celebrations. The set includes one choli and one lehenga.",Silk Blend,"Dry clean recommended. Store folded in a cool, dry place.",Tara Royal Blue Ivory Checked Butta Pattu Pavadai for Girls | AMZIRA,"Shop Tara Royal Blue Ivory Checked Butta Pattu Pavadai, a ready-to-wear South Indian festive lehenga choli for girls aged 0-10 years.",kids_girls,AMZIRA Haresh Butta,girls-lehenga-choli|south-indian|pattu-pavadai|festive|ready-to-wear,active,false,false,true,festival|wedding|temple-ceremony|birthday,https://cdn.amzira.com/catalog/tara-royal-blue-ivory-checked-butta-pattu-pavadai/01.webp|https://cdn.amzira.com/catalog/tara-royal-blue-ivory-checked-butta-pattu-pavadai/02.webp|https://cdn.amzira.com/catalog/tara-royal-blue-ivory-checked-butta-pattu-pavadai/03.webp|https://cdn.amzira.com/catalog/tara-royal-blue-ivory-checked-butta-pattu-pavadai/04.webp|https://cdn.amzira.com/catalog/tara-royal-blue-ivory-checked-butta-pattu-pavadai/05.webp|https://cdn.amzira.com/catalog/tara-royal-blue-ivory-checked-butta-pattu-pavadai/06.webp,KLC-HBT-RBL-IVR-CHK-0456-04-24,5-6Y,Royal Blue / Ivory,3,0.00,true,amzira_local_inventory,456_Haresh_Checks/4,KLC-HBT-RBL-IVR-CHK-0456-04
tara-royal-blue-ivory-checked-butta-pattu-pavadai,Tara Royal Blue Ivory Checked Butta Pattu Pavadai,pattu-pavadai,,1899.00,1299.00,"A ready-to-wear South Indian lehenga choli set for girls in royal blue / ivory, finished with checked butta detailing and a traditional woven border. Designed for festivals, weddings, temple ceremonies and family celebrations. The set includes one choli and one lehenga.",Silk Blend,"Dry clean recommended. Store folded in a cool, dry place.",Tara Royal Blue Ivory Checked Butta Pattu Pavadai for Girls | AMZIRA,"Shop Tara Royal Blue Ivory Checked Butta Pattu Pavadai, a ready-to-wear South Indian festive lehenga choli for girls aged 0-10 years.",kids_girls,AMZIRA Haresh Butta,girls-lehenga-choli|south-indian|pattu-pavadai|festive|ready-to-wear,active,false,false,true,festival|wedding|temple-ceremony|birthday,https://cdn.amzira.com/catalog/tara-royal-blue-ivory-checked-butta-pattu-pavadai/01.webp|https://cdn.amzira.com/catalog/tara-royal-blue-ivory-checked-butta-pattu-pavadai/02.webp|https://cdn.amzira.com/catalog/tara-royal-blue-ivory-checked-butta-pattu-pavadai/03.webp|https://cdn.amzira.com/catalog/tara-royal-blue-ivory-checked-butta-pattu-pavadai/04.webp|https://cdn.amzira.com/catalog/tara-royal-blue-ivory-checked-butta-pattu-pavadai/05.webp|https://cdn.amzira.com/catalog/tara-royal-blue-ivory-checked-butta-pattu-pavadai/06.webp,KLC-HBT-RBL-IVR-CHK-0456-04-26,6-7Y,Royal Blue / Ivory,3,0.00,true,amzira_local_inventory,456_Haresh_Checks/4,KLC-HBT-RBL-IVR-CHK-0456-04
tara-royal-blue-ivory-checked-butta-pattu-pavadai,Tara Royal Blue Ivory Checked Butta Pattu Pavadai,pattu-pavadai,,1899.00,1299.00,"A ready-to-wear South Indian lehenga choli set for girls in royal blue / ivory, finished with checked butta detailing and a traditional woven border. Designed for festivals, weddings, temple ceremonies and family celebrations. The set includes one choli and one lehenga.",Silk Blend,"Dry clean recommended. Store folded in a cool, dry place.",Tara Royal Blue Ivory Checked Butta Pattu Pavadai for Girls | AMZIRA,"Shop Tara Royal Blue Ivory Checked Butta Pattu Pavadai, a ready-to-wear South Indian festive lehenga choli for girls aged 0-10 years.",kids_girls,AMZIRA Haresh Butta,girls-lehenga-choli|south-indian|pattu-pavadai|festive|ready-to-wear,active,false,false,true,festival|wedding|temple-ceremony|birthday,https://cdn.amzira.com/catalog/tara-royal-blue-ivory-checked-butta-pattu-pavadai/01.webp|https://cdn.amzira.com/catalog/tara-royal-blue-ivory-checked-butta-pattu-pavadai/02.webp|https://cdn.amzira.com/catalog/tara-royal-blue-ivory-checked-butta-pattu-pavadai/03.webp|https://cdn.amzira.com/catalog/tara-royal-blue-ivory-checked-butta-pattu-pavadai/04.webp|https://cdn.amzira.com/catalog/tara-royal-blue-ivory-checked-butta-pattu-pavadai/05.webp|https://cdn.amzira.com/catalog/tara-royal-blue-ivory-checked-butta-pattu-pavadai/06.webp,KLC-HBT-RBL-IVR-CHK-0456-04-28,7-8Y,Royal Blue / Ivory,3,0.00,true,amzira_local_inventory,456_Haresh_Checks/4,KLC-HBT-RBL-IVR-CHK-0456-04
tara-royal-blue-ivory-checked-butta-pattu-pavadai,Tara Royal Blue Ivory Checked Butta Pattu Pavadai,pattu-pavadai,,1899.00,1299.00,"A ready-to-wear South Indian lehenga choli set for girls in royal blue / ivory, finished with checked butta detailing and a traditional woven border. Designed for festivals, weddings, temple ceremonies and family celebrations. The set includes one choli and one lehenga.",Silk Blend,"Dry clean recommended. Store folded in a cool, dry place.",Tara Royal Blue Ivory Checked Butta Pattu Pavadai for Girls | AMZIRA,"Shop Tara Royal Blue Ivory Checked Butta Pattu Pavadai, a ready-to-wear South Indian festive lehenga choli for girls aged 0-10 years.",kids_girls,AMZIRA Haresh Butta,girls-lehenga-choli|south-indian|pattu-pavadai|festive|ready-to-wear,active,false,false,true,festival|wedding|temple-ceremony|birthday,https://cdn.amzira.com/catalog/tara-royal-blue-ivory-checked-butta-pattu-pavadai/01.webp|https://cdn.amzira.com/catalog/tara-royal-blue-ivory-checked-butta-pattu-pavadai/02.webp|https://cdn.amzira.com/catalog/tara-royal-blue-ivory-checked-butta-pattu-pavadai/03.webp|https://cdn.amzira.com/catalog/tara-royal-blue-ivory-checked-butta-pattu-pavadai/04.webp|https://cdn.amzira.com/catalog/tara-royal-blue-ivory-checked-butta-pattu-pavadai/05.webp|https://cdn.amzira.com/catalog/tara-royal-blue-ivory-checked-butta-pattu-pavadai/06.webp,KLC-HBT-RBL-IVR-CHK-0456-04-33,9-10Y,Royal Blue / Ivory,3,0.00,true,amzira_local_inventory,456_Haresh_Checks/4,KLC-HBT-RBL-IVR-CHK-0456-04
aarohi-royal-blue-orange-checked-butta-pattu-pavadai,Aarohi Royal Blue Orange Checked Butta Pattu Pavadai,pattu-pavadai,,1899.00,1299.00,"A ready-to-wear South Indian lehenga choli set for girls in royal blue / orange, finished with checked butta detailing and a traditional woven border. Designed for festivals, weddings, temple ceremonies and family celebrations. The set includes one choli and one lehenga.",Silk Blend,"Dry clean recommended. Store folded in a cool, dry place.",Aarohi Royal Blue Orange Checked Butta Pattu Pavadai for Girls | AMZIRA,"Shop Aarohi Royal Blue Orange Checked Butta Pattu Pavadai, a ready-to-wear South Indian festive lehenga choli for girls aged 0-10 years.",kids_girls,AMZIRA Haresh Butta,girls-lehenga-choli|south-indian|pattu-pavadai|festive|ready-to-wear,active,false,false,true,festival|wedding|temple-ceremony|birthday,https://cdn.amzira.com/catalog/aarohi-royal-blue-orange-checked-butta-pattu-pavadai/01.webp|https://cdn.amzira.com/catalog/aarohi-royal-blue-orange-checked-butta-pattu-pavadai/02.webp|https://cdn.amzira.com/catalog/aarohi-royal-blue-orange-checked-butta-pattu-pavadai/03.webp|https://cdn.amzira.com/catalog/aarohi-royal-blue-orange-checked-butta-pattu-pavadai/04.webp|https://cdn.amzira.com/catalog/aarohi-royal-blue-orange-checked-butta-pattu-pavadai/05.webp|https://cdn.amzira.com/catalog/aarohi-royal-blue-orange-checked-butta-pattu-pavadai/06.webp,KLC-HBT-RBL-ORG-CHK-0456-05-18,1-2Y,Royal Blue / Orange,1,0.00,true,amzira_local_inventory,456_Haresh_Checks/5,KLC-HBT-RBL-ORG-CHK-0456-05
aarohi-royal-blue-orange-checked-butta-pattu-pavadai,Aarohi Royal Blue Orange Checked Butta Pattu Pavadai,pattu-pavadai,,1899.00,1299.00,"A ready-to-wear South Indian lehenga choli set for girls in royal blue / orange, finished with checked butta detailing and a traditional woven border. Designed for festivals, weddings, temple ceremonies and family celebrations. The set includes one choli and one lehenga.",Silk Blend,"Dry clean recommended. Store folded in a cool, dry place.",Aarohi Royal Blue Orange Checked Butta Pattu Pavadai for Girls | AMZIRA,"Shop Aarohi Royal Blue Orange Checked Butta Pattu Pavadai, a ready-to-wear South Indian festive lehenga choli for girls aged 0-10 years.",kids_girls,AMZIRA Haresh Butta,girls-lehenga-choli|south-indian|pattu-pavadai|festive|ready-to-wear,active,false,false,true,festival|wedding|temple-ceremony|birthday,https://cdn.amzira.com/catalog/aarohi-royal-blue-orange-checked-butta-pattu-pavadai/01.webp|https://cdn.amzira.com/catalog/aarohi-royal-blue-orange-checked-butta-pattu-pavadai/02.webp|https://cdn.amzira.com/catalog/aarohi-royal-blue-orange-checked-butta-pattu-pavadai/03.webp|https://cdn.amzira.com/catalog/aarohi-royal-blue-orange-checked-butta-pattu-pavadai/04.webp|https://cdn.amzira.com/catalog/aarohi-royal-blue-orange-checked-butta-pattu-pavadai/05.webp|https://cdn.amzira.com/catalog/aarohi-royal-blue-orange-checked-butta-pattu-pavadai/06.webp,KLC-HBT-RBL-ORG-CHK-0456-05-20,2-3Y,Royal Blue / Orange,1,0.00,true,amzira_local_inventory,456_Haresh_Checks/5,KLC-HBT-RBL-ORG-CHK-0456-05
aarohi-royal-blue-orange-checked-butta-pattu-pavadai,Aarohi Royal Blue Orange Checked Butta Pattu Pavadai,pattu-pavadai,,1899.00,1299.00,"A ready-to-wear South Indian lehenga choli set for girls in royal blue / orange, finished with checked butta detailing and a traditional woven border. Designed for festivals, weddings, temple ceremonies and family celebrations. The set includes one choli and one lehenga.",Silk Blend,"Dry clean recommended. Store folded in a cool, dry place.",Aarohi Royal Blue Orange Checked Butta Pattu Pavadai for Girls | AMZIRA,"Shop Aarohi Royal Blue Orange Checked Butta Pattu Pavadai, a ready-to-wear South Indian festive lehenga choli for girls aged 0-10 years.",kids_girls,AMZIRA Haresh Butta,girls-lehenga-choli|south-indian|pattu-pavadai|festive|ready-to-wear,active,false,false,true,festival|wedding|temple-ceremony|birthday,https://cdn.amzira.com/catalog/aarohi-royal-blue-orange-checked-butta-pattu-pavadai/01.webp|https://cdn.amzira.com/catalog/aarohi-royal-blue-orange-checked-butta-pattu-pavadai/02.webp|https://cdn.amzira.com/catalog/aarohi-royal-blue-orange-checked-butta-pattu-pavadai/03.webp|https://cdn.amzira.com/catalog/aarohi-royal-blue-orange-checked-butta-pattu-pavadai/04.webp|https://cdn.amzira.com/catalog/aarohi-royal-blue-orange-checked-butta-pattu-pavadai/05.webp|https://cdn.amzira.com/catalog/aarohi-royal-blue-orange-checked-butta-pattu-pavadai/06.webp,KLC-HBT-RBL-ORG-CHK-0456-05-21,3-4Y,Royal Blue / Orange,1,0.00,true,amzira_local_inventory,456_Haresh_Checks/5,KLC-HBT-RBL-ORG-CHK-0456-05
aarohi-royal-blue-orange-checked-butta-pattu-pavadai,Aarohi Royal Blue Orange Checked Butta Pattu Pavadai,pattu-pavadai,,1899.00,1299.00,"A ready-to-wear South Indian lehenga choli set for girls in royal blue / orange, finished with checked butta detailing and a traditional woven border. Designed for festivals, weddings, temple ceremonies and family celebrations. The set includes one choli and one lehenga.",Silk Blend,"Dry clean recommended. Store folded in a cool, dry place.",Aarohi Royal Blue Orange Checked Butta Pattu Pavadai for Girls | AMZIRA,"Shop Aarohi Royal Blue Orange Checked Butta Pattu Pavadai, a ready-to-wear South Indian festive lehenga choli for girls aged 0-10 years.",kids_girls,AMZIRA Haresh Butta,girls-lehenga-choli|south-indian|pattu-pavadai|festive|ready-to-wear,active,false,false,true,festival|wedding|temple-ceremony|birthday,https://cdn.amzira.com/catalog/aarohi-royal-blue-orange-checked-butta-pattu-pavadai/01.webp|https://cdn.amzira.com/catalog/aarohi-royal-blue-orange-checked-butta-pattu-pavadai/02.webp|https://cdn.amzira.com/catalog/aarohi-royal-blue-orange-checked-butta-pattu-pavadai/03.webp|https://cdn.amzira.com/catalog/aarohi-royal-blue-orange-checked-butta-pattu-pavadai/04.webp|https://cdn.amzira.com/catalog/aarohi-royal-blue-orange-checked-butta-pattu-pavadai/05.webp|https://cdn.amzira.com/catalog/aarohi-royal-blue-orange-checked-butta-pattu-pavadai/06.webp,KLC-HBT-RBL-ORG-CHK-0456-05-22,4-5Y,Royal Blue / Orange,3,0.00,true,amzira_local_inventory,456_Haresh_Checks/5,KLC-HBT-RBL-ORG-CHK-0456-05
aarohi-royal-blue-orange-checked-butta-pattu-pavadai,Aarohi Royal Blue Orange Checked Butta Pattu Pavadai,pattu-pavadai,,1899.00,1299.00,"A ready-to-wear South Indian lehenga choli set for girls in royal blue / orange, finished with checked butta detailing and a traditional woven border. Designed for festivals, weddings, temple ceremonies and family celebrations. The set includes one choli and one lehenga.",Silk Blend,"Dry clean recommended. Store folded in a cool, dry place.",Aarohi Royal Blue Orange Checked Butta Pattu Pavadai for Girls | AMZIRA,"Shop Aarohi Royal Blue Orange Checked Butta Pattu Pavadai, a ready-to-wear South Indian festive lehenga choli for girls aged 0-10 years.",kids_girls,AMZIRA Haresh Butta,girls-lehenga-choli|south-indian|pattu-pavadai|festive|ready-to-wear,active,false,false,true,festival|wedding|temple-ceremony|birthday,https://cdn.amzira.com/catalog/aarohi-royal-blue-orange-checked-butta-pattu-pavadai/01.webp|https://cdn.amzira.com/catalog/aarohi-royal-blue-orange-checked-butta-pattu-pavadai/02.webp|https://cdn.amzira.com/catalog/aarohi-royal-blue-orange-checked-butta-pattu-pavadai/03.webp|https://cdn.amzira.com/catalog/aarohi-royal-blue-orange-checked-butta-pattu-pavadai/04.webp|https://cdn.amzira.com/catalog/aarohi-royal-blue-orange-checked-butta-pattu-pavadai/05.webp|https://cdn.amzira.com/catalog/aarohi-royal-blue-orange-checked-butta-pattu-pavadai/06.webp,KLC-HBT-RBL-ORG-CHK-0456-05-24,5-6Y,Royal Blue / Orange,3,0.00,true,amzira_local_inventory,456_Haresh_Checks/5,KLC-HBT-RBL-ORG-CHK-0456-05
aarohi-royal-blue-orange-checked-butta-pattu-pavadai,Aarohi Royal Blue Orange Checked Butta Pattu Pavadai,pattu-pavadai,,1899.00,1299.00,"A ready-to-wear South Indian lehenga choli set for girls in royal blue / orange, finished with checked butta detailing and a traditional woven border. Designed for festivals, weddings, temple ceremonies and family celebrations. The set includes one choli and one lehenga.",Silk Blend,"Dry clean recommended. Store folded in a cool, dry place.",Aarohi Royal Blue Orange Checked Butta Pattu Pavadai for Girls | AMZIRA,"Shop Aarohi Royal Blue Orange Checked Butta Pattu Pavadai, a ready-to-wear South Indian festive lehenga choli for girls aged 0-10 years.",kids_girls,AMZIRA Haresh Butta,girls-lehenga-choli|south-indian|pattu-pavadai|festive|ready-to-wear,active,false,false,true,festival|wedding|temple-ceremony|birthday,https://cdn.amzira.com/catalog/aarohi-royal-blue-orange-checked-butta-pattu-pavadai/01.webp|https://cdn.amzira.com/catalog/aarohi-royal-blue-orange-checked-butta-pattu-pavadai/02.webp|https://cdn.amzira.com/catalog/aarohi-royal-blue-orange-checked-butta-pattu-pavadai/03.webp|https://cdn.amzira.com/catalog/aarohi-royal-blue-orange-checked-butta-pattu-pavadai/04.webp|https://cdn.amzira.com/catalog/aarohi-royal-blue-orange-checked-butta-pattu-pavadai/05.webp|https://cdn.amzira.com/catalog/aarohi-royal-blue-orange-checked-butta-pattu-pavadai/06.webp,KLC-HBT-RBL-ORG-CHK-0456-05-26,6-7Y,Royal Blue / Orange,3,0.00,true,amzira_local_inventory,456_Haresh_Checks/5,KLC-HBT-RBL-ORG-CHK-0456-05
aarohi-royal-blue-orange-checked-butta-pattu-pavadai,Aarohi Royal Blue Orange Checked Butta Pattu Pavadai,pattu-pavadai,,1899.00,1299.00,"A ready-to-wear South Indian lehenga choli set for girls in royal blue / orange, finished with checked butta detailing and a traditional woven border. Designed for festivals, weddings, temple ceremonies and family celebrations. The set includes one choli and one lehenga.",Silk Blend,"Dry clean recommended. Store folded in a cool, dry place.",Aarohi Royal Blue Orange Checked Butta Pattu Pavadai for Girls | AMZIRA,"Shop Aarohi Royal Blue Orange Checked Butta Pattu Pavadai, a ready-to-wear South Indian festive lehenga choli for girls aged 0-10 years.",kids_girls,AMZIRA Haresh Butta,girls-lehenga-choli|south-indian|pattu-pavadai|festive|ready-to-wear,active,false,false,true,festival|wedding|temple-ceremony|birthday,https://cdn.amzira.com/catalog/aarohi-royal-blue-orange-checked-butta-pattu-pavadai/01.webp|https://cdn.amzira.com/catalog/aarohi-royal-blue-orange-checked-butta-pattu-pavadai/02.webp|https://cdn.amzira.com/catalog/aarohi-royal-blue-orange-checked-butta-pattu-pavadai/03.webp|https://cdn.amzira.com/catalog/aarohi-royal-blue-orange-checked-butta-pattu-pavadai/04.webp|https://cdn.amzira.com/catalog/aarohi-royal-blue-orange-checked-butta-pattu-pavadai/05.webp|https://cdn.amzira.com/catalog/aarohi-royal-blue-orange-checked-butta-pattu-pavadai/06.webp,KLC-HBT-RBL-ORG-CHK-0456-05-28,7-8Y,Royal Blue / Orange,3,0.00,true,amzira_local_inventory,456_Haresh_Checks/5,KLC-HBT-RBL-ORG-CHK-0456-05
aarohi-royal-blue-orange-checked-butta-pattu-pavadai,Aarohi Royal Blue Orange Checked Butta Pattu Pavadai,pattu-pavadai,,1899.00,1299.00,"A ready-to-wear South Indian lehenga choli set for girls in royal blue / orange, finished with checked butta detailing and a traditional woven border. Designed for festivals, weddings, temple ceremonies and family celebrations. The set includes one choli and one lehenga.",Silk Blend,"Dry clean recommended. Store folded in a cool, dry place.",Aarohi Royal Blue Orange Checked Butta Pattu Pavadai for Girls | AMZIRA,"Shop Aarohi Royal Blue Orange Checked Butta Pattu Pavadai, a ready-to-wear South Indian festive lehenga choli for girls aged 0-10 years.",kids_girls,AMZIRA Haresh Butta,girls-lehenga-choli|south-indian|pattu-pavadai|festive|ready-to-wear,active,false,false,true,festival|wedding|temple-ceremony|birthday,https://cdn.amzira.com/catalog/aarohi-royal-blue-orange-checked-butta-pattu-pavadai/01.webp|https://cdn.amzira.com/catalog/aarohi-royal-blue-orange-checked-butta-pattu-pavadai/02.webp|https://cdn.amzira.com/catalog/aarohi-royal-blue-orange-checked-butta-pattu-pavadai/03.webp|https://cdn.amzira.com/catalog/aarohi-royal-blue-orange-checked-butta-pattu-pavadai/04.webp|https://cdn.amzira.com/catalog/aarohi-royal-blue-orange-checked-butta-pattu-pavadai/05.webp|https://cdn.amzira.com/catalog/aarohi-royal-blue-orange-checked-butta-pattu-pavadai/06.webp,KLC-HBT-RBL-ORG-CHK-0456-05-33,9-10Y,Royal Blue / Orange,3,0.00,true,amzira_local_inventory,456_Haresh_Checks/5,KLC-HBT-RBL-ORG-CHK-0456-05
ishani-red-black-checked-butta-pattu-pavadai,Ishani Red Black Checked Butta Pattu Pavadai,pattu-pavadai,,1899.00,1299.00,"A ready-to-wear South Indian lehenga choli set for girls in red / black, finished with checked butta detailing and a traditional woven border. Designed for festivals, weddings, temple ceremonies and family celebrations. The set includes one choli and one lehenga.",Silk Blend,"Dry clean recommended. Store folded in a cool, dry place.",Ishani Red Black Checked Butta Pattu Pavadai for Girls | AMZIRA,"Shop Ishani Red Black Checked Butta Pattu Pavadai, a ready-to-wear South Indian festive lehenga choli for girls aged 0-10 years.",kids_girls,AMZIRA Haresh Butta,girls-lehenga-choli|south-indian|pattu-pavadai|festive|ready-to-wear,active,false,false,true,festival|wedding|temple-ceremony|birthday,https://cdn.amzira.com/catalog/ishani-red-black-checked-butta-pattu-pavadai/01.webp|https://cdn.amzira.com/catalog/ishani-red-black-checked-butta-pattu-pavadai/02.webp|https://cdn.amzira.com/catalog/ishani-red-black-checked-butta-pattu-pavadai/03.webp|https://cdn.amzira.com/catalog/ishani-red-black-checked-butta-pattu-pavadai/04.webp|https://cdn.amzira.com/catalog/ishani-red-black-checked-butta-pattu-pavadai/05.webp|https://cdn.amzira.com/catalog/ishani-red-black-checked-butta-pattu-pavadai/06.webp|https://cdn.amzira.com/catalog/ishani-red-black-checked-butta-pattu-pavadai/07.webp,KLC-HBT-RED-BLK-CHK-0456-06-18,1-2Y,Red / Black,1,0.00,true,amzira_local_inventory,456_Haresh_Checks/6,KLC-HBT-RED-BLK-CHK-0456-06
ishani-red-black-checked-butta-pattu-pavadai,Ishani Red Black Checked Butta Pattu Pavadai,pattu-pavadai,,1899.00,1299.00,"A ready-to-wear South Indian lehenga choli set for girls in red / black, finished with checked butta detailing and a traditional woven border. Designed for festivals, weddings, temple ceremonies and family celebrations. The set includes one choli and one lehenga.",Silk Blend,"Dry clean recommended. Store folded in a cool, dry place.",Ishani Red Black Checked Butta Pattu Pavadai for Girls | AMZIRA,"Shop Ishani Red Black Checked Butta Pattu Pavadai, a ready-to-wear South Indian festive lehenga choli for girls aged 0-10 years.",kids_girls,AMZIRA Haresh Butta,girls-lehenga-choli|south-indian|pattu-pavadai|festive|ready-to-wear,active,false,false,true,festival|wedding|temple-ceremony|birthday,https://cdn.amzira.com/catalog/ishani-red-black-checked-butta-pattu-pavadai/01.webp|https://cdn.amzira.com/catalog/ishani-red-black-checked-butta-pattu-pavadai/02.webp|https://cdn.amzira.com/catalog/ishani-red-black-checked-butta-pattu-pavadai/03.webp|https://cdn.amzira.com/catalog/ishani-red-black-checked-butta-pattu-pavadai/04.webp|https://cdn.amzira.com/catalog/ishani-red-black-checked-butta-pattu-pavadai/05.webp|https://cdn.amzira.com/catalog/ishani-red-black-checked-butta-pattu-pavadai/06.webp|https://cdn.amzira.com/catalog/ishani-red-black-checked-butta-pattu-pavadai/07.webp,KLC-HBT-RED-BLK-CHK-0456-06-20,2-3Y,Red / Black,1,0.00,true,amzira_local_inventory,456_Haresh_Checks/6,KLC-HBT-RED-BLK-CHK-0456-06
ishani-red-black-checked-butta-pattu-pavadai,Ishani Red Black Checked Butta Pattu Pavadai,pattu-pavadai,,1899.00,1299.00,"A ready-to-wear South Indian lehenga choli set for girls in red / black, finished with checked butta detailing and a traditional woven border. Designed for festivals, weddings, temple ceremonies and family celebrations. The set includes one choli and one lehenga.",Silk Blend,"Dry clean recommended. Store folded in a cool, dry place.",Ishani Red Black Checked Butta Pattu Pavadai for Girls | AMZIRA,"Shop Ishani Red Black Checked Butta Pattu Pavadai, a ready-to-wear South Indian festive lehenga choli for girls aged 0-10 years.",kids_girls,AMZIRA Haresh Butta,girls-lehenga-choli|south-indian|pattu-pavadai|festive|ready-to-wear,active,false,false,true,festival|wedding|temple-ceremony|birthday,https://cdn.amzira.com/catalog/ishani-red-black-checked-butta-pattu-pavadai/01.webp|https://cdn.amzira.com/catalog/ishani-red-black-checked-butta-pattu-pavadai/02.webp|https://cdn.amzira.com/catalog/ishani-red-black-checked-butta-pattu-pavadai/03.webp|https://cdn.amzira.com/catalog/ishani-red-black-checked-butta-pattu-pavadai/04.webp|https://cdn.amzira.com/catalog/ishani-red-black-checked-butta-pattu-pavadai/05.webp|https://cdn.amzira.com/catalog/ishani-red-black-checked-butta-pattu-pavadai/06.webp|https://cdn.amzira.com/catalog/ishani-red-black-checked-butta-pattu-pavadai/07.webp,KLC-HBT-RED-BLK-CHK-0456-06-21,3-4Y,Red / Black,1,0.00,true,amzira_local_inventory,456_Haresh_Checks/6,KLC-HBT-RED-BLK-CHK-0456-06
ishani-red-black-checked-butta-pattu-pavadai,Ishani Red Black Checked Butta Pattu Pavadai,pattu-pavadai,,1899.00,1299.00,"A ready-to-wear South Indian lehenga choli set for girls in red / black, finished with checked butta detailing and a traditional woven border. Designed for festivals, weddings, temple ceremonies and family celebrations. The set includes one choli and one lehenga.",Silk Blend,"Dry clean recommended. Store folded in a cool, dry place.",Ishani Red Black Checked Butta Pattu Pavadai for Girls | AMZIRA,"Shop Ishani Red Black Checked Butta Pattu Pavadai, a ready-to-wear South Indian festive lehenga choli for girls aged 0-10 years.",kids_girls,AMZIRA Haresh Butta,girls-lehenga-choli|south-indian|pattu-pavadai|festive|ready-to-wear,active,false,false,true,festival|wedding|temple-ceremony|birthday,https://cdn.amzira.com/catalog/ishani-red-black-checked-butta-pattu-pavadai/01.webp|https://cdn.amzira.com/catalog/ishani-red-black-checked-butta-pattu-pavadai/02.webp|https://cdn.amzira.com/catalog/ishani-red-black-checked-butta-pattu-pavadai/03.webp|https://cdn.amzira.com/catalog/ishani-red-black-checked-butta-pattu-pavadai/04.webp|https://cdn.amzira.com/catalog/ishani-red-black-checked-butta-pattu-pavadai/05.webp|https://cdn.amzira.com/catalog/ishani-red-black-checked-butta-pattu-pavadai/06.webp|https://cdn.amzira.com/catalog/ishani-red-black-checked-butta-pattu-pavadai/07.webp,KLC-HBT-RED-BLK-CHK-0456-06-22,4-5Y,Red / Black,3,0.00,true,amzira_local_inventory,456_Haresh_Checks/6,KLC-HBT-RED-BLK-CHK-0456-06
ishani-red-black-checked-butta-pattu-pavadai,Ishani Red Black Checked Butta Pattu Pavadai,pattu-pavadai,,1899.00,1299.00,"A ready-to-wear South Indian lehenga choli set for girls in red / black, finished with checked butta detailing and a traditional woven border. Designed for festivals, weddings, temple ceremonies and family celebrations. The set includes one choli and one lehenga.",Silk Blend,"Dry clean recommended. Store folded in a cool, dry place.",Ishani Red Black Checked Butta Pattu Pavadai for Girls | AMZIRA,"Shop Ishani Red Black Checked Butta Pattu Pavadai, a ready-to-wear South Indian festive lehenga choli for girls aged 0-10 years.",kids_girls,AMZIRA Haresh Butta,girls-lehenga-choli|south-indian|pattu-pavadai|festive|ready-to-wear,active,false,false,true,festival|wedding|temple-ceremony|birthday,https://cdn.amzira.com/catalog/ishani-red-black-checked-butta-pattu-pavadai/01.webp|https://cdn.amzira.com/catalog/ishani-red-black-checked-butta-pattu-pavadai/02.webp|https://cdn.amzira.com/catalog/ishani-red-black-checked-butta-pattu-pavadai/03.webp|https://cdn.amzira.com/catalog/ishani-red-black-checked-butta-pattu-pavadai/04.webp|https://cdn.amzira.com/catalog/ishani-red-black-checked-butta-pattu-pavadai/05.webp|https://cdn.amzira.com/catalog/ishani-red-black-checked-butta-pattu-pavadai/06.webp|https://cdn.amzira.com/catalog/ishani-red-black-checked-butta-pattu-pavadai/07.webp,KLC-HBT-RED-BLK-CHK-0456-06-24,5-6Y,Red / Black,3,0.00,true,amzira_local_inventory,456_Haresh_Checks/6,KLC-HBT-RED-BLK-CHK-0456-06
ishani-red-black-checked-butta-pattu-pavadai,Ishani Red Black Checked Butta Pattu Pavadai,pattu-pavadai,,1899.00,1299.00,"A ready-to-wear South Indian lehenga choli set for girls in red / black, finished with checked butta detailing and a traditional woven border. Designed for festivals, weddings, temple ceremonies and family celebrations. The set includes one choli and one lehenga.",Silk Blend,"Dry clean recommended. Store folded in a cool, dry place.",Ishani Red Black Checked Butta Pattu Pavadai for Girls | AMZIRA,"Shop Ishani Red Black Checked Butta Pattu Pavadai, a ready-to-wear South Indian festive lehenga choli for girls aged 0-10 years.",kids_girls,AMZIRA Haresh Butta,girls-lehenga-choli|south-indian|pattu-pavadai|festive|ready-to-wear,active,false,false,true,festival|wedding|temple-ceremony|birthday,https://cdn.amzira.com/catalog/ishani-red-black-checked-butta-pattu-pavadai/01.webp|https://cdn.amzira.com/catalog/ishani-red-black-checked-butta-pattu-pavadai/02.webp|https://cdn.amzira.com/catalog/ishani-red-black-checked-butta-pattu-pavadai/03.webp|https://cdn.amzira.com/catalog/ishani-red-black-checked-butta-pattu-pavadai/04.webp|https://cdn.amzira.com/catalog/ishani-red-black-checked-butta-pattu-pavadai/05.webp|https://cdn.amzira.com/catalog/ishani-red-black-checked-butta-pattu-pavadai/06.webp|https://cdn.amzira.com/catalog/ishani-red-black-checked-butta-pattu-pavadai/07.webp,KLC-HBT-RED-BLK-CHK-0456-06-26,6-7Y,Red / Black,3,0.00,true,amzira_local_inventory,456_Haresh_Checks/6,KLC-HBT-RED-BLK-CHK-0456-06
ishani-red-black-checked-butta-pattu-pavadai,Ishani Red Black Checked Butta Pattu Pavadai,pattu-pavadai,,1899.00,1299.00,"A ready-to-wear South Indian lehenga choli set for girls in red / black, finished with checked butta detailing and a traditional woven border. Designed for festivals, weddings, temple ceremonies and family celebrations. The set includes one choli and one lehenga.",Silk Blend,"Dry clean recommended. Store folded in a cool, dry place.",Ishani Red Black Checked Butta Pattu Pavadai for Girls | AMZIRA,"Shop Ishani Red Black Checked Butta Pattu Pavadai, a ready-to-wear South Indian festive lehenga choli for girls aged 0-10 years.",kids_girls,AMZIRA Haresh Butta,girls-lehenga-choli|south-indian|pattu-pavadai|festive|ready-to-wear,active,false,false,true,festival|wedding|temple-ceremony|birthday,https://cdn.amzira.com/catalog/ishani-red-black-checked-butta-pattu-pavadai/01.webp|https://cdn.amzira.com/catalog/ishani-red-black-checked-butta-pattu-pavadai/02.webp|https://cdn.amzira.com/catalog/ishani-red-black-checked-butta-pattu-pavadai/03.webp|https://cdn.amzira.com/catalog/ishani-red-black-checked-butta-pattu-pavadai/04.webp|https://cdn.amzira.com/catalog/ishani-red-black-checked-butta-pattu-pavadai/05.webp|https://cdn.amzira.com/catalog/ishani-red-black-checked-butta-pattu-pavadai/06.webp|https://cdn.amzira.com/catalog/ishani-red-black-checked-butta-pattu-pavadai/07.webp,KLC-HBT-RED-BLK-CHK-0456-06-28,7-8Y,Red / Black,3,0.00,true,amzira_local_inventory,456_Haresh_Checks/6,KLC-HBT-RED-BLK-CHK-0456-06
ishani-red-black-checked-butta-pattu-pavadai,Ishani Red Black Checked Butta Pattu Pavadai,pattu-pavadai,,1899.00,1299.00,"A ready-to-wear South Indian lehenga choli set for girls in red / black, finished with checked butta detailing and a traditional woven border. Designed for festivals, weddings, temple ceremonies and family celebrations. The set includes one choli and one lehenga.",Silk Blend,"Dry clean recommended. Store folded in a cool, dry place.",Ishani Red Black Checked Butta Pattu Pavadai for Girls | AMZIRA,"Shop Ishani Red Black Checked Butta Pattu Pavadai, a ready-to-wear South Indian festive lehenga choli for girls aged 0-10 years.",kids_girls,AMZIRA Haresh Butta,girls-lehenga-choli|south-indian|pattu-pavadai|festive|ready-to-wear,active,false,false,true,festival|wedding|temple-ceremony|birthday,https://cdn.amzira.com/catalog/ishani-red-black-checked-butta-pattu-pavadai/01.webp|https://cdn.amzira.com/catalog/ishani-red-black-checked-butta-pattu-pavadai/02.webp|https://cdn.amzira.com/catalog/ishani-red-black-checked-butta-pattu-pavadai/03.webp|https://cdn.amzira.com/catalog/ishani-red-black-checked-butta-pattu-pavadai/04.webp|https://cdn.amzira.com/catalog/ishani-red-black-checked-butta-pattu-pavadai/05.webp|https://cdn.amzira.com/catalog/ishani-red-black-checked-butta-pattu-pavadai/06.webp|https://cdn.amzira.com/catalog/ishani-red-black-checked-butta-pattu-pavadai/07.webp,KLC-HBT-RED-BLK-CHK-0456-06-33,9-10Y,Red / Black,3,0.00,true,amzira_local_inventory,456_Haresh_Checks/6,KLC-HBT-RED-BLK-CHK-0456-06
